{"type":"FeatureCollection","features":[{"type":"Feature","geometry":{"type":"Polygon","coordinates":[[[111.50792,-7.69878],[111.5068,-7.69815],[111.50651,-7.69841],[111.50709,-7.6988],[111.50538,-7.69915],[111.50448,-7.69998],[111.50432,-7.70128],[111.5025,-7.70194],[111.501,-7.70343],[111.50062,-7.70426],[111.49984,-7.70404],[111.49962,-7.70496],[111.4993,-7.70466],[111.49926,-7.70386],[111.49844,-7.70399],[111.49709,-7.70332],[111.49631,-7.7033],[111.49509,-7.70241],[111.49487,-7.70202],[111.49546,-7.70172],[111.49569,-7.70026],[111.49469,-7.69977],[111.49281,-7.69991],[111.49028,-7.69895],[111.48878,-7.69905],[111.48726,-7.70022],[111.48612,-7.70241],[111.48513,-7.70292],[111.48364,-7.70235],[111.48194,-7.70025],[111.48099,-7.70044],[111.48077,-7.70103],[111.4811,-7.7037],[111.48083,-7.7044],[111.4786,-7.70537],[111.4779,-7.70747],[111.47741,-7.70805],[111.47645,-7.70866],[111.47506,-7.70888],[111.47068,-7.71264],[111.47069,-7.71859],[111.46875,-7.71952],[111.46698,-7.71951],[111.46523,-7.71905],[111.4641,-7.71929],[111.46166,-7.72105],[111.45872,-7.72498],[111.45878,-7.72581],[111.45961,-7.7261],[111.46036,-7.72693],[111.46037,-7.72851],[111.45976,-7.73048],[111.45594,-7.73518],[111.4562,-7.73825],[111.45481,-7.74194],[111.45505,-7.7425],[111.45751,-7.7435],[111.45787,-7.7453],[111.45746,-7.74603],[111.45537,-7.74624],[111.45434,-7.74983],[111.45242,-7.75257],[111.45268,-7.7541],[111.45491,-7.75502],[111.45552,-7.75583],[111.45291,-7.75837],[111.45281,-7.75923],[111.4539,-7.75985],[111.45396,-7.76019],[111.45171,-7.76388],[111.4518,-7.76575],[111.45316,-7.76864],[111.45246,-7.76922],[111.45055,-7.76947],[111.45023,-7.76996],[111.45085,-7.77125],[111.45193,-7.77178],[111.45164,-7.77235],[111.45182,-7.77395],[111.44979,-7.77872],[111.45,-7.77995],[111.45075,-7.7814],[111.45301,-7.78243],[111.45359,-7.78306],[111.4545,-7.78311],[111.45545,-7.78399],[111.45582,-7.78372],[111.45605,-7.78232],[111.45687,-7.78124],[111.45699,-7.78026],[111.45764,-7.77963],[111.45793,-7.77789],[111.45983,-7.77803],[111.46134,-7.77762],[111.46161,-7.77777],[111.46134,-7.7789],[111.46217,-7.77925],[111.4632,-7.77864],[111.46455,-7.77835],[111.46632,-7.77715],[111.46898,-7.77709],[111.47021,-7.77797],[111.47157,-7.77797],[111.4726,-7.7795],[111.47428,-7.77941],[111.47485,-7.78139],[111.47596,-7.78332],[111.47879,-7.78387],[111.47988,-7.78539],[111.48277,-7.78611],[111.48515,-7.7874],[111.48723,-7.7874],[111.48768,-7.78679],[111.4878,-7.78552],[111.48768,-7.78447],[111.48691,-7.78427],[111.4872,-7.7774],[111.48798,-7.7772],[111.49337,-7.77839],[111.49339,-7.77703],[111.49386,-7.77696],[111.49565,-7.77741],[111.49573,-7.77835],[111.49718,-7.77897],[111.49764,-7.77997],[111.50071,-7.78032],[111.50073,-7.78065],[111.50135,-7.7809],[111.50134,-7.78399],[111.502,-7.78376],[111.50239,-7.78427],[111.50396,-7.78438],[111.50704,-7.78536],[111.50739,-7.78246],[111.50987,-7.78277],[111.50992,-7.78213],[111.50881,-7.78194],[111.50896,-7.78099],[111.50974,-7.78109],[111.51005,-7.78061],[111.50949,-7.7801],[111.51002,-7.77855],[111.50984,-7.7781],[111.50889,-7.7776],[111.50915,-7.77546],[111.5088,-7.77541],[111.50887,-7.77499],[111.50783,-7.77477],[111.50787,-7.77262],[111.50743,-7.77246],[111.5072,-7.77183],[111.5074,-7.77113],[111.50777,-7.77094],[111.50756,-7.7705],[111.50891,-7.77061],[111.50909,-7.77015],[111.51009,-7.77018],[111.5109,-7.76797],[111.51059,-7.7676],[111.51097,-7.76444],[111.51031,-7.76386],[111.50939,-7.76369],[111.50935,-7.76319],[111.50967,-7.76326],[111.51002,-7.7621],[111.50965,-7.76169],[111.50907,-7.76165],[111.50827,-7.76008],[111.50697,-7.75949],[111.50687,-7.75811],[111.50564,-7.75778],[111.50589,-7.75695],[111.50655,-7.75703],[111.50811,-7.75064],[111.50963,-7.75083],[111.50992,-7.75009],[111.51674,-7.75168],[111.51704,-7.74984],[111.51495,-7.74886],[111.51523,-7.74816],[111.51315,-7.74723],[111.51281,-7.74699],[111.51286,-7.74639],[111.51231,-7.7464],[111.51236,-7.74583],[111.51146,-7.74579],[111.51096,-7.74528],[111.51128,-7.74184],[111.51109,-7.74037],[111.51177,-7.74007],[111.51231,-7.73714],[111.512,-7.73637],[111.51076,-7.73618],[111.51078,-7.73542],[111.51001,-7.73519],[111.50987,-7.73392],[111.50999,-7.73328],[111.5105,-7.73277],[111.51138,-7.73275],[111.51113,-7.73181],[111.51176,-7.73149],[111.51194,-7.73078],[111.51151,-7.72995],[111.51064,-7.73003],[111.51032,-7.72968],[111.51114,-7.72324],[111.51201,-7.72275],[111.51365,-7.72319],[111.5135,-7.72239],[111.51424,-7.72101],[111.5144,-7.71932],[111.51482,-7.71932],[111.51444,-7.71802],[111.51321,-7.71678],[111.51312,-7.7163],[111.51213,-7.716],[111.51139,-7.71513],[111.51211,-7.71293],[111.51334,-7.71373],[111.51602,-7.71408],[111.51625,-7.71459],[111.51779,-7.71395],[111.51741,-7.71361],[111.51647,-7.71351],[111.51542,-7.71254],[111.51589,-7.70706],[111.51245,-7.70619],[111.51212,-7.70748],[111.50989,-7.70709],[111.51005,-7.70633],[111.511,-7.70664],[111.51152,-7.70473],[111.51126,-7.70326],[111.51155,-7.70218],[111.51102,-7.70176],[111.51135,-7.69999],[111.51092,-7.69993],[111.51086,-7.70036],[111.51031,-7.70031],[111.51023,-7.70058],[111.50984,-7.7005],[111.51006,-7.70022],[111.50906,-7.69958],[111.50905,-7.69893],[111.50792,-7.69878]]]},"properties":{"KDPKAB":"35.19","KDCPUM":"35.19.01","WADMKK":"Madiun","WADMKC":"Kebonsari"}},{"type":"Feature","geometry":{"type":"Polygon","coordinates":[[[111.53034,-7.7409],[111.52983,-7.74067],[111.52973,-7.74107],[111.52817,-7.7418],[111.52721,-7.74274],[111.52641,-7.74292],[111.52614,-7.7433],[111.52573,-7.74311],[111.52536,-7.74348],[111.52413,-7.74248],[111.52139,-7.74202],[111.52126,-7.74262],[111.5216,-7.74274],[111.52156,-7.74327],[111.52213,-7.74347],[111.52091,-7.74782],[111.51971,-7.74751],[111.51983,-7.74701],[111.51732,-7.74621],[111.51733,-7.74582],[111.5165,-7.74561],[111.51678,-7.74427],[111.51642,-7.74401],[111.51653,-7.74358],[111.51547,-7.74311],[111.51517,-7.74335],[111.51381,-7.74221],[111.5127,-7.74209],[111.51129,-7.74121],[111.51096,-7.74528],[111.51146,-7.74579],[111.51236,-7.74583],[111.51231,-7.7464],[111.51286,-7.74639],[111.51281,-7.74699],[111.51315,-7.74723],[111.51523,-7.74816],[111.51495,-7.74886],[111.51704,-7.74984],[111.51669,-7.75173],[111.50992,-7.75009],[111.50963,-7.75083],[111.50811,-7.75064],[111.50655,-7.75703],[111.50589,-7.75695],[111.50564,-7.75778],[111.50687,-7.75811],[111.50697,-7.75949],[111.50827,-7.76008],[111.50907,-7.76165],[111.50965,-7.76169],[111.51002,-7.7621],[111.50967,-7.76326],[111.50935,-7.76319],[111.50939,-7.76369],[111.51031,-7.76386],[111.51097,-7.76444],[111.51059,-7.7676],[111.5109,-7.76797],[111.51009,-7.77018],[111.50909,-7.77015],[111.50891,-7.77061],[111.50756,-7.7705],[111.50777,-7.77094],[111.5074,-7.77113],[111.5072,-7.77183],[111.50743,-7.77246],[111.50787,-7.77262],[111.50783,-7.77477],[111.50887,-7.77499],[111.5088,-7.77541],[111.50915,-7.77546],[111.50889,-7.7776],[111.50984,-7.7781],[111.51002,-7.77855],[111.50949,-7.7801],[111.51005,-7.78061],[111.50974,-7.78109],[111.50896,-7.78099],[111.50881,-7.78194],[111.50992,-7.78213],[111.50987,-7.78277],[111.50739,-7.78246],[111.50704,-7.78536],[111.50396,-7.78438],[111.50239,-7.78427],[111.502,-7.78376],[111.50134,-7.78399],[111.50143,-7.78098],[111.50073,-7.78065],[111.50071,-7.78032],[111.49764,-7.77997],[111.49718,-7.77897],[111.49573,-7.77835],[111.49565,-7.77741],[111.49339,-7.77703],[111.49337,-7.77839],[111.48752,-7.77715],[111.4872,-7.7774],[111.48691,-7.78427],[111.48768,-7.78447],[111.48778,-7.78492],[111.48774,-7.78656],[111.48723,-7.7874],[111.48841,-7.78868],[111.48907,-7.78904],[111.49121,-7.78893],[111.4928,-7.78939],[111.49466,-7.78928],[111.49563,-7.79053],[111.49615,-7.79305],[111.49689,-7.79401],[111.49878,-7.79506],[111.50187,-7.79549],[111.50261,-7.79606],[111.50347,-7.79599],[111.50352,-7.79686],[111.5055,-7.79677],[111.50627,-7.79752],[111.50786,-7.79811],[111.50868,-7.79945],[111.50964,-7.79931],[111.51004,-7.79851],[111.51117,-7.79909],[111.51207,-7.79857],[111.51391,-7.79924],[111.51441,-7.79986],[111.51585,-7.79976],[111.51664,-7.80039],[111.51733,-7.80046],[111.51848,-7.80012],[111.51962,-7.79913],[111.52288,-7.79926],[111.52456,-7.79978],[111.52403,-7.80093],[111.52447,-7.80171],[111.52725,-7.80199],[111.52769,-7.8027],[111.52869,-7.80279],[111.5293,-7.80331],[111.53268,-7.80383],[111.53385,-7.80327],[111.53501,-7.80315],[111.53646,-7.80356],[111.53698,-7.80326],[111.53692,-7.8027],[111.53736,-7.80268],[111.53936,-7.80401],[111.54054,-7.80358],[111.54143,-7.80386],[111.54212,-7.80362],[111.54421,-7.80389],[111.54511,-7.80355],[111.54633,-7.80381],[111.54745,-7.80347],[111.54799,-7.80391],[111.54833,-7.80362],[111.54979,-7.80441],[111.55035,-7.80419],[111.55094,-7.80258],[111.55421,-7.79919],[111.55478,-7.79944],[111.55541,-7.80036],[111.55681,-7.79992],[111.55784,-7.80002],[111.55803,-7.8004],[111.55756,-7.80123],[111.55768,-7.80165],[111.56023,-7.8018],[111.56118,-7.80125],[111.56284,-7.80132],[111.56425,-7.80248],[111.56572,-7.80216],[111.5662,-7.80151],[111.56771,-7.8015],[111.57001,-7.80209],[111.5712,-7.80123],[111.57317,-7.80042],[111.57593,-7.80092],[111.57744,-7.79996],[111.57852,-7.79971],[111.57974,-7.79858],[111.58199,-7.79757],[111.58552,-7.79689],[111.58689,-7.79577],[111.58862,-7.79496],[111.58989,-7.7937],[111.59205,-7.79302],[111.59261,-7.79059],[111.59443,-7.79036],[111.59595,-7.78942],[111.59537,-7.78812],[111.59553,-7.78518],[111.59752,-7.78475],[111.5978,-7.7832],[111.59761,-7.78307],[111.59868,-7.78249],[111.59868,-7.781],[111.59919,-7.7789],[111.59877,-7.77426],[111.5976,-7.7743],[111.59742,-7.77374],[111.59991,-7.77317],[111.59972,-7.77026],[111.60116,-7.76947],[111.60111,-7.7691],[111.60034,-7.76886],[111.60019,-7.76837],[111.59789,-7.76796],[111.59655,-7.76655],[111.59521,-7.76658],[111.5946,-7.76589],[111.59394,-7.76616],[111.59299,-7.76603],[111.59274,-7.76558],[111.59163,-7.76508],[111.59114,-7.76434],[111.58962,-7.76418],[111.5883,-7.76464],[111.58773,-7.76425],[111.58755,-7.76367],[111.58616,-7.76383],[111.58476,-7.76278],[111.58429,-7.76305],[111.58372,-7.76271],[111.58294,-7.76285],[111.58163,-7.76187],[111.581,-7.76218],[111.58043,-7.76182],[111.57788,-7.76193],[111.57689,-7.7609],[111.57554,-7.76057],[111.57544,-7.7644],[111.57439,-7.7669],[111.57391,-7.76937],[111.57425,-7.76975],[111.57405,-7.77136],[111.57132,-7.77179],[111.57057,-7.77125],[111.56955,-7.77135],[111.56855,-7.77099],[111.5682,-7.77048],[111.56704,-7.77013],[111.56835,-7.76966],[111.56868,-7.76766],[111.56863,-7.76707],[111.56762,-7.76657],[111.56751,-7.76506],[111.56582,-7.76507],[111.56498,-7.76472],[111.56364,-7.76385],[111.56248,-7.76218],[111.56125,-7.76204],[111.56054,-7.76148],[111.55986,-7.76192],[111.55813,-7.76156],[111.55743,-7.76064],[111.55788,-7.75951],[111.55695,-7.75964],[111.555,-7.75897],[111.55462,-7.75783],[111.5557,-7.75778],[111.55663,-7.75695],[111.55628,-7.7563],[111.5565,-7.75584],[111.55613,-7.75527],[111.55554,-7.7553],[111.55553,-7.75472],[111.55342,-7.75453],[111.55173,-7.75324],[111.55076,-7.75352],[111.55043,-7.75288],[111.54978,-7.75275],[111.54919,-7.75264],[111.54849,-7.75334],[111.54645,-7.75302],[111.54505,-7.75236],[111.54501,-7.7516],[111.54427,-7.75197],[111.54366,-7.75099],[111.54336,-7.75158],[111.54258,-7.75209],[111.54176,-7.75175],[111.54042,-7.75186],[111.54002,-7.75125],[111.5383,-7.75116],[111.53868,-7.74671],[111.53337,-7.74558],[111.53392,-7.74325],[111.53225,-7.74288],[111.53245,-7.74199],[111.53218,-7.74092],[111.53034,-7.7409]]]},"properties":{"KDPKAB":"35.19","KDCPUM":"35.19.02","WADMKK":"Madiun","WADMKC":"Dolopo"}},{"type":"Feature","geometry":{"type":"Polygon","coordinates":[[[111.51258,-7.66119],[111.51204,-7.65969],[111.51069,-7.65925],[111.51116,-7.66018],[111.51093,-7.66121],[111.5087,-7.6615],[111.50819,-7.662],[111.50713,-7.6639],[111.50676,-7.66547],[111.50583,-7.66736],[111.50273,-7.66862],[111.50121,-7.67199],[111.49889,-7.67344],[111.4985,-7.67502],[111.49869,-7.67751],[111.50034,-7.68184],[111.50027,-7.68499],[111.50112,-7.68911],[111.50121,-7.6912],[111.50035,-7.69237],[111.49807,-7.69364],[111.49733,-7.69452],[111.49708,-7.69541],[111.49841,-7.69769],[111.49816,-7.69871],[111.49723,-7.69943],[111.49593,-7.69927],[111.49469,-7.69977],[111.49569,-7.70026],[111.49546,-7.70172],[111.49487,-7.70202],[111.49509,-7.70241],[111.49631,-7.7033],[111.49709,-7.70332],[111.49844,-7.70399],[111.49926,-7.70386],[111.4993,-7.70466],[111.49962,-7.70496],[111.49984,-7.70404],[111.50062,-7.70426],[111.501,-7.70343],[111.5025,-7.70194],[111.50432,-7.70128],[111.50448,-7.69998],[111.50538,-7.69915],[111.50709,-7.6988],[111.50657,-7.6983],[111.50905,-7.69893],[111.50906,-7.69958],[111.51006,-7.70022],[111.50984,-7.7005],[111.51023,-7.70058],[111.51031,-7.70031],[111.51086,-7.70036],[111.51092,-7.69993],[111.51135,-7.69999],[111.51102,-7.70176],[111.51155,-7.70218],[111.51126,-7.70326],[111.51152,-7.70473],[111.511,-7.70664],[111.51005,-7.70633],[111.50989,-7.70709],[111.51212,-7.70748],[111.51245,-7.70619],[111.51594,-7.70715],[111.51542,-7.71254],[111.51642,-7.71348],[111.51741,-7.71361],[111.51777,-7.71412],[111.51625,-7.71459],[111.51602,-7.71408],[111.51334,-7.71373],[111.51211,-7.71293],[111.51139,-7.71506],[111.51213,-7.716],[111.51312,-7.7163],[111.51321,-7.71678],[111.51444,-7.71802],[111.51482,-7.71932],[111.5144,-7.71932],[111.51424,-7.72101],[111.5135,-7.72239],[111.51365,-7.72319],[111.51201,-7.72275],[111.51114,-7.72324],[111.51032,-7.72968],[111.51064,-7.73003],[111.51151,-7.72995],[111.51194,-7.73078],[111.51176,-7.73149],[111.51113,-7.73181],[111.51138,-7.73275],[111.5105,-7.73277],[111.50999,-7.73328],[111.50987,-7.73392],[111.51001,-7.73519],[111.51078,-7.73542],[111.51076,-7.73618],[111.512,-7.73637],[111.51231,-7.73714],[111.51177,-7.74007],[111.51109,-7.74037],[111.51125,-7.74115],[111.51265,-7.74207],[111.51381,-7.74221],[111.51517,-7.74335],[111.51547,-7.74311],[111.51653,-7.74358],[111.51642,-7.74401],[111.51678,-7.74427],[111.5165,-7.74561],[111.51733,-7.74582],[111.51732,-7.74621],[111.51983,-7.74701],[111.51971,-7.74751],[111.52091,-7.74782],[111.52213,-7.74347],[111.52156,-7.74327],[111.5216,-7.74274],[111.52126,-7.74262],[111.52139,-7.74202],[111.52413,-7.74248],[111.52536,-7.74348],[111.52573,-7.74311],[111.52614,-7.7433],[111.52641,-7.74292],[111.52721,-7.74274],[111.52817,-7.7418],[111.52973,-7.74107],[111.52983,-7.74067],[111.53129,-7.74108],[111.53218,-7.74092],[111.53245,-7.74199],[111.53225,-7.74288],[111.53392,-7.74325],[111.53337,-7.74558],[111.53868,-7.74671],[111.5383,-7.75116],[111.54002,-7.75125],[111.54042,-7.75186],[111.54176,-7.75175],[111.54258,-7.75209],[111.54336,-7.75158],[111.54366,-7.75099],[111.54427,-7.75197],[111.54504,-7.75163],[111.54505,-7.75236],[111.54578,-7.75278],[111.54826,-7.75333],[111.54883,-7.75321],[111.54963,-7.75218],[111.55042,-7.75181],[111.55047,-7.74994],[111.55131,-7.74985],[111.5532,-7.75073],[111.55353,-7.74984],[111.55328,-7.74884],[111.55385,-7.7486],[111.55442,-7.74881],[111.55486,-7.7478],[111.55469,-7.74725],[111.55564,-7.74738],[111.55566,-7.74682],[111.55665,-7.74719],[111.55712,-7.7468],[111.55768,-7.74681],[111.55819,-7.74733],[111.55887,-7.74731],[111.55909,-7.74782],[111.56,-7.74776],[111.5599,-7.74893],[111.56073,-7.74881],[111.56204,-7.74951],[111.56272,-7.74946],[111.56302,-7.75027],[111.56369,-7.7497],[111.56513,-7.74984],[111.56496,-7.74942],[111.56371,-7.7491],[111.56359,-7.74476],[111.56332,-7.74402],[111.56219,-7.74328],[111.56172,-7.7411],[111.56092,-7.74117],[111.56112,-7.74041],[111.55989,-7.73937],[111.56016,-7.7388],[111.55905,-7.73782],[111.55958,-7.73608],[111.55872,-7.73549],[111.55695,-7.7355],[111.55687,-7.73494],[111.55573,-7.73472],[111.5542,-7.73343],[111.55459,-7.73282],[111.55423,-7.73235],[111.55438,-7.73185],[111.55405,-7.73085],[111.5537,-7.73028],[111.55318,-7.73041],[111.55321,-7.72979],[111.55247,-7.7291],[111.55174,-7.72983],[111.55061,-7.7292],[111.54984,-7.72909],[111.5498,-7.72944],[111.5495,-7.72946],[111.54859,-7.7281],[111.54814,-7.72837],[111.54741,-7.72823],[111.54699,-7.72766],[111.54596,-7.71843],[111.54646,-7.71356],[111.54619,-7.71333],[111.54628,-7.71072],[111.54504,-7.70993],[111.54443,-7.71026],[111.54308,-7.71008],[111.54335,-7.70846],[111.54124,-7.70756],[111.54066,-7.70699],[111.54072,-7.70577],[111.54128,-7.70513],[111.54024,-7.70441],[111.54022,-7.70391],[111.54139,-7.703],[111.5419,-7.70191],[111.54356,-7.70183],[111.54445,-7.7014],[111.54428,-7.70023],[111.54367,-7.6999],[111.54387,-7.6993],[111.54336,-7.69764],[111.54454,-7.69657],[111.54468,-7.69605],[111.54451,-7.69572],[111.54225,-7.69483],[111.54142,-7.69363],[111.5421,-7.69249],[111.54192,-7.69227],[111.54347,-7.69079],[111.54348,-7.69017],[111.54308,-7.689],[111.54184,-7.68908],[111.54133,-7.68681],[111.54041,-7.68681],[111.54027,-7.68641],[111.54069,-7.68606],[111.54061,-7.68571],[111.53931,-7.68502],[111.53954,-7.68396],[111.53931,-7.68288],[111.53882,-7.68236],[111.5388,-7.68138],[111.53768,-7.68063],[111.5387,-7.68068],[111.53922,-7.68037],[111.53995,-7.68078],[111.54069,-7.68041],[111.54066,-7.68105],[111.54142,-7.68044],[111.54221,-7.68119],[111.54217,-7.68158],[111.54535,-7.68224],[111.54581,-7.67978],[111.54673,-7.67884],[111.54619,-7.67496],[111.54421,-7.67391],[111.54361,-7.67249],[111.54268,-7.67135],[111.54144,-7.67155],[111.53984,-7.67124],[111.53882,-7.67161],[111.5378,-7.67142],[111.53736,-7.67065],[111.53632,-7.6702],[111.53628,-7.66937],[111.53576,-7.66862],[111.53466,-7.66861],[111.53468,-7.66747],[111.53392,-7.66683],[111.53319,-7.66389],[111.53278,-7.66332],[111.5323,-7.66328],[111.5314,-7.66383],[111.53,-7.66377],[111.52908,-7.66427],[111.52634,-7.66423],[111.52311,-7.66338],[111.52221,-7.66244],[111.52128,-7.66244],[111.52069,-7.66207],[111.51837,-7.66196],[111.51698,-7.6614],[111.51633,-7.66191],[111.5154,-7.66203],[111.51258,-7.66119]],[[111.50597,-7.67732],[111.50621,-7.67638],[111.50328,-7.67553],[111.50418,-7.6741],[111.50393,-7.67292],[111.50505,-7.67176],[111.50582,-7.67177],[111.50679,-7.67127],[111.50762,-7.67032],[111.50609,-7.6698],[111.50654,-7.66779],[111.50787,-7.66495],[111.50845,-7.66509],[111.50876,-7.66484],[111.5094,-7.66562],[111.50973,-7.66521],[111.51,-7.66345],[111.51077,-7.66314],[111.51179,-7.66157],[111.51309,-7.66238],[111.5129,-7.6629],[111.51372,-7.66431],[111.51508,-7.66457],[111.5155,-7.66382],[111.51513,-7.66681],[111.51611,-7.66783],[111.51538,-7.67128],[111.51484,-7.67135],[111.51365,-7.67592],[111.5118,-7.67517],[111.51122,-7.67627],[111.50789,-7.67518],[111.50708,-7.67764],[111.51018,-7.67843],[111.50987,-7.67908],[111.50911,-7.67941],[111.50874,-7.68051],[111.5066,-7.67984],[111.50708,-7.67764],[111.50597,-7.67732]]]},"properties":{"KDPKAB":"35.19","KDCPUM":"35.19.03","WADMKK":"Madiun","WADMKC":"Geger"}},{"type":"Feature","geometry":{"type":"Polygon","coordinates":[[[111.58022,-7.66683],[111.57773,-7.66501],[111.57704,-7.66552],[111.57713,-7.66894],[111.57678,-7.6689],[111.57496,-7.67213],[111.57457,-7.67448],[111.57425,-7.67481],[111.5736,-7.67443],[111.57236,-7.67655],[111.57209,-7.67653],[111.5718,-7.67573],[111.57092,-7.67552],[111.57027,-7.67484],[111.56908,-7.67478],[111.56846,-7.67409],[111.56752,-7.67396],[111.56618,-7.67427],[111.56413,-7.67249],[111.56405,-7.67189],[111.5611,-7.672],[111.5596,-7.67226],[111.55949,-7.67336],[111.559,-7.67367],[111.55848,-7.67345],[111.55822,-7.67382],[111.55906,-7.67558],[111.56024,-7.67657],[111.55998,-7.67775],[111.55782,-7.67773],[111.55397,-7.67979],[111.55277,-7.68004],[111.55226,-7.67967],[111.55043,-7.68035],[111.54923,-7.68025],[111.54829,-7.68119],[111.54588,-7.67975],[111.54535,-7.68224],[111.54217,-7.68158],[111.54221,-7.68119],[111.54142,-7.68044],[111.54066,-7.68105],[111.54069,-7.68041],[111.53995,-7.68078],[111.53922,-7.68037],[111.5387,-7.68068],[111.53768,-7.68063],[111.5388,-7.68138],[111.53882,-7.68236],[111.53931,-7.68288],[111.53954,-7.68396],[111.53931,-7.68502],[111.54061,-7.68571],[111.54069,-7.68606],[111.54027,-7.68641],[111.54041,-7.68681],[111.54133,-7.68681],[111.54184,-7.68908],[111.54308,-7.689],[111.54348,-7.69017],[111.54347,-7.69079],[111.54192,-7.69227],[111.5421,-7.69249],[111.54142,-7.69363],[111.54225,-7.69483],[111.54451,-7.69572],[111.54468,-7.69605],[111.54454,-7.69657],[111.54336,-7.69764],[111.54387,-7.6993],[111.54367,-7.6999],[111.54428,-7.70023],[111.54445,-7.7014],[111.54356,-7.70183],[111.5419,-7.70191],[111.54143,-7.70295],[111.54022,-7.70391],[111.54017,-7.70427],[111.54128,-7.70513],[111.54072,-7.70577],[111.54071,-7.70713],[111.54337,-7.70849],[111.54308,-7.71008],[111.54443,-7.71026],[111.54504,-7.70993],[111.54628,-7.71072],[111.54619,-7.71333],[111.54646,-7.71356],[111.54596,-7.71843],[111.54699,-7.72766],[111.54741,-7.72823],[111.54814,-7.72837],[111.54859,-7.7281],[111.5495,-7.72946],[111.5498,-7.72944],[111.54984,-7.72909],[111.55061,-7.7292],[111.55174,-7.72983],[111.55247,-7.7291],[111.55321,-7.72979],[111.55318,-7.73041],[111.5537,-7.73028],[111.55405,-7.73085],[111.55438,-7.73185],[111.55423,-7.73235],[111.55459,-7.73282],[111.5542,-7.73343],[111.55573,-7.73472],[111.55687,-7.73494],[111.55695,-7.7355],[111.55872,-7.73549],[111.55958,-7.73608],[111.55905,-7.73782],[111.56016,-7.7388],[111.55989,-7.73937],[111.56112,-7.74041],[111.56092,-7.74117],[111.56172,-7.7411],[111.56219,-7.74328],[111.5628,-7.74349],[111.56345,-7.74429],[111.56371,-7.7491],[111.56463,-7.74927],[111.56515,-7.74974],[111.56443,-7.74997],[111.56369,-7.7497],[111.56302,-7.75027],[111.56272,-7.74946],[111.56204,-7.74951],[111.56073,-7.74881],[111.5599,-7.74893],[111.56,-7.74776],[111.55909,-7.74782],[111.55887,-7.74731],[111.55819,-7.74733],[111.55768,-7.74681],[111.55712,-7.7468],[111.55665,-7.74719],[111.55566,-7.74682],[111.55564,-7.74738],[111.55469,-7.74725],[111.55486,-7.7478],[111.55442,-7.74881],[111.55385,-7.7486],[111.55328,-7.74884],[111.55353,-7.74984],[111.5532,-7.75073],[111.55131,-7.74985],[111.55047,-7.74994],[111.55042,-7.75181],[111.54919,-7.75264],[111.55043,-7.75288],[111.55076,-7.75352],[111.55173,-7.75324],[111.55337,-7.7545],[111.55447,-7.7548],[111.55547,-7.75468],[111.55554,-7.7553],[111.5562,-7.75532],[111.55663,-7.75697],[111.5557,-7.75778],[111.55459,-7.75793],[111.55504,-7.759],[111.55695,-7.75964],[111.55788,-7.75951],[111.55743,-7.76064],[111.55813,-7.76156],[111.55986,-7.76192],[111.56054,-7.76148],[111.56125,-7.76204],[111.56248,-7.76218],[111.56364,-7.76385],[111.56498,-7.76472],[111.56582,-7.76507],[111.56751,-7.76506],[111.56762,-7.76657],[111.56863,-7.76707],[111.56868,-7.76766],[111.56835,-7.76966],[111.56704,-7.77013],[111.56948,-7.77133],[111.57057,-7.77125],[111.5714,-7.77179],[111.57405,-7.77136],[111.57425,-7.76975],[111.57391,-7.76937],[111.57439,-7.7669],[111.57544,-7.7644],[111.57554,-7.76057],[111.57689,-7.7609],[111.57788,-7.76193],[111.58043,-7.76182],[111.581,-7.76218],[111.58163,-7.76187],[111.58294,-7.76285],[111.58372,-7.76271],[111.58429,-7.76305],[111.58476,-7.76278],[111.58616,-7.76383],[111.58755,-7.76367],[111.58773,-7.76425],[111.5883,-7.76464],[111.58962,-7.76418],[111.59114,-7.76434],[111.59163,-7.76508],[111.59274,-7.76558],[111.59299,-7.76603],[111.59394,-7.76616],[111.5946,-7.76589],[111.59521,-7.76658],[111.59655,-7.76655],[111.59789,-7.76796],[111.60019,-7.76837],[111.60034,-7.76886],[111.60111,-7.7691],[111.60116,-7.76947],[111.59972,-7.77026],[111.59991,-7.77317],[111.59772,-7.77348],[111.59741,-7.77384],[111.5976,-7.7743],[111.59877,-7.77426],[111.59886,-7.777],[111.6004,-7.77713],[111.6031,-7.78081],[111.60703,-7.78172],[111.60834,-7.78238],[111.60932,-7.78183],[111.61164,-7.7819],[111.61171,-7.78061],[111.61145,-7.78034],[111.61253,-7.77963],[111.61446,-7.78007],[111.61517,-7.77937],[111.61572,-7.7802],[111.61945,-7.78024],[111.62316,-7.77729],[111.62463,-7.77668],[111.62515,-7.77712],[111.62655,-7.77692],[111.6272,-7.77715],[111.62852,-7.77552],[111.63051,-7.7754],[111.63183,-7.77495],[111.63379,-7.77496],[111.63477,-7.7745],[111.63535,-7.77381],[111.63612,-7.77486],[111.63661,-7.77441],[111.63713,-7.77468],[111.63777,-7.77453],[111.63765,-7.77351],[111.63941,-7.77293],[111.64024,-7.77159],[111.64245,-7.77271],[111.64335,-7.77252],[111.64674,-7.77326],[111.64864,-7.77317],[111.65127,-7.7724],[111.6558,-7.77032],[111.65789,-7.76706],[111.65947,-7.76655],[111.66062,-7.76672],[111.66142,-7.7647],[111.66106,-7.76304],[111.6612,-7.76216],[111.65894,-7.75967],[111.65678,-7.7585],[111.65584,-7.75714],[111.65526,-7.75623],[111.65371,-7.75087],[111.65117,-7.74962],[111.64859,-7.74591],[111.64658,-7.74409],[111.64455,-7.74284],[111.64342,-7.74311],[111.64331,-7.74263],[111.64255,-7.74276],[111.642,-7.74122],[111.6407,-7.74164],[111.64024,-7.74143],[111.6398,-7.74004],[111.6389,-7.73894],[111.63873,-7.73797],[111.63762,-7.73771],[111.63656,-7.73693],[111.63631,-7.73733],[111.63683,-7.73785],[111.63475,-7.73832],[111.63415,-7.73809],[111.63373,-7.73739],[111.63287,-7.73779],[111.63249,-7.73699],[111.63083,-7.73778],[111.63041,-7.7366],[111.62995,-7.73648],[111.62923,-7.73689],[111.62858,-7.73664],[111.62844,-7.73569],[111.62759,-7.73511],[111.62809,-7.7338],[111.62799,-7.73317],[111.62651,-7.7338],[111.62546,-7.73336],[111.62642,-7.73249],[111.62593,-7.73179],[111.6261,-7.73088],[111.62549,-7.73018],[111.6231,-7.72873],[111.62148,-7.72828],[111.61996,-7.72654],[111.61825,-7.72635],[111.61796,-7.72591],[111.61696,-7.72552],[111.61546,-7.72603],[111.61488,-7.72695],[111.6137,-7.72771],[111.61199,-7.7268],[111.61174,-7.72561],[111.61023,-7.72484],[111.61024,-7.72337],[111.6084,-7.72256],[111.60637,-7.72286],[111.60949,-7.72211],[111.60972,-7.72177],[111.60932,-7.72143],[111.60549,-7.72074],[111.60401,-7.71943],[111.60161,-7.71863],[111.59864,-7.71703],[111.59773,-7.71623],[111.59629,-7.71347],[111.59731,-7.71322],[111.59806,-7.71346],[111.59824,-7.71289],[111.59892,-7.71271],[111.6005,-7.71295],[111.60103,-7.71185],[111.60169,-7.71212],[111.60203,-7.71124],[111.60158,-7.70941],[111.60198,-7.70944],[111.60594,-7.71307],[111.60793,-7.71557],[111.60826,-7.71429],[111.60751,-7.71283],[111.60711,-7.7088],[111.60975,-7.70929],[111.61231,-7.70875],[111.60876,-7.70676],[111.607,-7.70527],[111.60603,-7.70385],[111.60553,-7.70132],[111.60268,-7.69764],[111.6018,-7.69666],[111.5995,-7.69529],[111.59764,-7.69344],[111.59656,-7.69389],[111.59571,-7.69345],[111.59479,-7.69384],[111.5944,-7.6944],[111.59309,-7.69486],[111.5927,-7.69464],[111.59293,-7.69388],[111.59253,-7.6936],[111.58841,-7.69233],[111.58936,-7.69184],[111.59005,-7.69225],[111.59139,-7.69107],[111.59303,-7.69127],[111.59544,-7.69],[111.59608,-7.68991],[111.59695,-7.69033],[111.59743,-7.68964],[111.59745,-7.68807],[111.59933,-7.68822],[111.6,-7.68789],[111.6025,-7.68765],[111.60265,-7.68857],[111.60411,-7.68878],[111.60433,-7.68924],[111.60575,-7.68854],[111.60589,-7.68777],[111.6064,-7.6874],[111.60631,-7.68659],[111.60703,-7.68509],[111.60607,-7.6841],[111.60716,-7.68219],[111.60329,-7.67892],[111.60248,-7.67653],[111.60068,-7.6751],[111.59998,-7.67549],[111.59848,-7.67841],[111.59744,-7.67797],[111.5971,-7.67874],[111.59592,-7.6779],[111.59471,-7.67759],[111.59212,-7.67755],[111.59162,-7.6771],[111.58984,-7.6768],[111.58875,-7.67621],[111.58814,-7.67561],[111.58724,-7.67531],[111.58703,-7.67479],[111.58514,-7.67333],[111.58498,-7.67194],[111.58434,-7.67179],[111.58459,-7.67132],[111.5842,-7.67082],[111.58436,-7.67032],[111.58413,-7.66989],[111.58369,-7.66956],[111.58239,-7.66944],[111.58193,-7.6679],[111.5816,-7.6679],[111.58112,-7.66687],[111.58022,-7.66683]]]},"properties":{"KDPKAB":"35.19","KDCPUM":"35.19.04","WADMKK":"Madiun","WADMKC":"Dagangan"}},{"type":"Feature","geometry":{"type":"Polygon","coordinates":[[[111.65581,-7.63843],[111.65385,-7.63773],[111.65067,-7.63581],[111.64849,-7.63508],[111.64725,-7.63383],[111.6463,-7.63339],[111.64792,-7.63937],[111.65222,-7.64241],[111.65043,-7.64269],[111.64645,-7.64628],[111.64691,-7.64675],[111.64588,-7.64724],[111.64535,-7.64833],[111.64434,-7.64919],[111.64175,-7.64687],[111.64114,-7.64493],[111.64001,-7.64432],[111.63925,-7.64416],[111.63755,-7.64512],[111.63603,-7.64539],[111.63547,-7.64625],[111.63631,-7.64755],[111.63633,-7.65024],[111.63675,-7.65103],[111.63758,-7.65149],[111.63936,-7.65484],[111.63958,-7.65649],[111.64114,-7.65765],[111.64157,-7.65944],[111.64368,-7.65991],[111.64414,-7.66077],[111.64342,-7.66368],[111.64421,-7.66466],[111.64413,-7.66825],[111.64462,-7.66897],[111.64451,-7.67023],[111.64513,-7.67248],[111.64412,-7.67441],[111.6433,-7.67985],[111.64033,-7.68827],[111.63952,-7.69309],[111.63691,-7.69299],[111.63738,-7.69314],[111.63631,-7.69587],[111.63562,-7.69565],[111.63537,-7.69637],[111.63264,-7.69599],[111.62932,-7.69524],[111.62923,-7.69456],[111.62852,-7.69374],[111.62748,-7.69328],[111.6276,-7.6919],[111.62891,-7.69062],[111.62753,-7.69062],[111.62403,-7.68976],[111.62444,-7.69108],[111.62221,-7.69358],[111.62208,-7.69485],[111.62372,-7.69503],[111.627,-7.69605],[111.62701,-7.69685],[111.62776,-7.69687],[111.62789,-7.69742],[111.62972,-7.69706],[111.63149,-7.6977],[111.63357,-7.69752],[111.6343,-7.69686],[111.63534,-7.69667],[111.63752,-7.69692],[111.6382,-7.69666],[111.64051,-7.6988],[111.64086,-7.69893],[111.64108,-7.69842],[111.64132,-7.69852],[111.64093,-7.69974],[111.6416,-7.70158],[111.64099,-7.7017],[111.64145,-7.70209],[111.64141,-7.7026],[111.64089,-7.70275],[111.6403,-7.70221],[111.63936,-7.70246],[111.63864,-7.70167],[111.638,-7.70146],[111.63756,-7.70164],[111.63745,-7.70255],[111.63808,-7.70408],[111.64122,-7.70903],[111.64063,-7.70947],[111.63827,-7.70758],[111.63786,-7.70914],[111.63723,-7.70978],[111.63743,-7.71022],[111.63641,-7.71093],[111.63592,-7.71064],[111.63562,-7.70956],[111.6343,-7.70931],[111.63421,-7.71062],[111.63481,-7.71142],[111.63483,-7.71198],[111.63426,-7.71209],[111.63335,-7.71433],[111.63415,-7.71457],[111.63482,-7.71612],[111.63527,-7.71568],[111.63512,-7.71644],[111.6347,-7.71642],[111.634,-7.7154],[111.63099,-7.71538],[111.63001,-7.71464],[111.62494,-7.71267],[111.62158,-7.70745],[111.62105,-7.70733],[111.60975,-7.70929],[111.60711,-7.7088],[111.60751,-7.71283],[111.60826,-7.71429],[111.60793,-7.71557],[111.60594,-7.71307],[111.60198,-7.70944],[111.60158,-7.70941],[111.60203,-7.71124],[111.60169,-7.71212],[111.60103,-7.71185],[111.6005,-7.71295],[111.59892,-7.71271],[111.59824,-7.71289],[111.59806,-7.71346],[111.59731,-7.71322],[111.59629,-7.71347],[111.59773,-7.71623],[111.59864,-7.71703],[111.60161,-7.71863],[111.60401,-7.71943],[111.60549,-7.72074],[111.60932,-7.72143],[111.60972,-7.72177],[111.60949,-7.72211],[111.60637,-7.72286],[111.6084,-7.72256],[111.61024,-7.72337],[111.61023,-7.72484],[111.61174,-7.72561],[111.61199,-7.7268],[111.6137,-7.72771],[111.61488,-7.72695],[111.61546,-7.72603],[111.61686,-7.72552],[111.61796,-7.72591],[111.61825,-7.72635],[111.61996,-7.72654],[111.62148,-7.72828],[111.6231,-7.72873],[111.62578,-7.73045],[111.6261,-7.73088],[111.626,-7.73203],[111.62642,-7.73249],[111.62546,-7.73336],[111.62651,-7.7338],[111.62799,-7.73317],[111.62809,-7.7338],[111.62759,-7.73511],[111.62844,-7.73569],[111.62858,-7.73664],[111.62923,-7.73689],[111.62995,-7.73648],[111.63041,-7.7366],[111.63083,-7.73778],[111.63249,-7.73699],[111.63287,-7.73779],[111.63373,-7.73739],[111.63415,-7.73809],[111.63475,-7.73832],[111.63683,-7.73785],[111.63631,-7.73733],[111.63656,-7.73693],[111.63762,-7.73771],[111.63873,-7.73797],[111.6389,-7.73894],[111.6398,-7.74004],[111.64024,-7.74143],[111.6407,-7.74164],[111.642,-7.74122],[111.64255,-7.74276],[111.64331,-7.74263],[111.64342,-7.74311],[111.64455,-7.74284],[111.6459,-7.74356],[111.64859,-7.74591],[111.65117,-7.74962],[111.65371,-7.75087],[111.65526,-7.75623],[111.65665,-7.75835],[111.65894,-7.75967],[111.6612,-7.76216],[111.66106,-7.76304],[111.66142,-7.7647],[111.66062,-7.76672],[111.66175,-7.76708],[111.66324,-7.76862],[111.66516,-7.76786],[111.66761,-7.76755],[111.66834,-7.76835],[111.67139,-7.77014],[111.67333,-7.77242],[111.67439,-7.77317],[111.67526,-7.77298],[111.67661,-7.77401],[111.67739,-7.77374],[111.67773,-7.77408],[111.6771,-7.77482],[111.67729,-7.77573],[111.67695,-7.77624],[111.67708,-7.77703],[111.67654,-7.77752],[111.67662,-7.77815],[111.67584,-7.77832],[111.67552,-7.77875],[111.67563,-7.78058],[111.67599,-7.78118],[111.67537,-7.78174],[111.67507,-7.78263],[111.67567,-7.78349],[111.67693,-7.7838],[111.67762,-7.78331],[111.67906,-7.78377],[111.6812,-7.78673],[111.68307,-7.78751],[111.68483,-7.78664],[111.68838,-7.78568],[111.69033,-7.79007],[111.69116,-7.79414],[111.69232,-7.79604],[111.69263,-7.79738],[111.69528,-7.80038],[111.69539,-7.801],[111.6938,-7.80533],[111.69567,-7.80511],[111.69753,-7.80543],[111.70181,-7.80736],[111.70478,-7.80806],[111.70882,-7.80728],[111.71,-7.80818],[111.71163,-7.80862],[111.71427,-7.81092],[111.71682,-7.8114],[111.71941,-7.81115],[111.7218,-7.81045],[111.72257,-7.80985],[111.72414,-7.80798],[111.72462,-7.80575],[111.72733,-7.80586],[111.72844,-7.80555],[111.72942,-7.80481],[111.73137,-7.80213],[111.73248,-7.80111],[111.73599,-7.80244],[111.73784,-7.80151],[111.74264,-7.80067],[111.7464,-7.79932],[111.75054,-7.7991],[111.7487,-7.79782],[111.74799,-7.79626],[111.74183,-7.79035],[111.74065,-7.78972],[111.73744,-7.78883],[111.73644,-7.78802],[111.73459,-7.78483],[111.72595,-7.77799],[111.72535,-7.77661],[111.72455,-7.77136],[111.72487,-7.76969],[111.7259,-7.76848],[111.72696,-7.76379],[111.72674,-7.75873],[111.72731,-7.75691],[111.72884,-7.75588],[111.72944,-7.75407],[111.72965,-7.75109],[111.73092,-7.74496],[111.72948,-7.7412],[111.72831,-7.74014],[111.72881,-7.73892],[111.72838,-7.73848],[111.72798,-7.73863],[111.72752,-7.73722],[111.72792,-7.7372],[111.72817,-7.73616],[111.72858,-7.73583],[111.72783,-7.73541],[111.72797,-7.73443],[111.72752,-7.73384],[111.72796,-7.73163],[111.72705,-7.73147],[111.72727,-7.73042],[111.72646,-7.73078],[111.72616,-7.72978],[111.72483,-7.72893],[111.72387,-7.7277],[111.72344,-7.72541],[111.7228,-7.72439],[111.72152,-7.72346],[111.72101,-7.7206],[111.71941,-7.71843],[111.71907,-7.71713],[111.71824,-7.71608],[111.71818,-7.71536],[111.71749,-7.71466],[111.71695,-7.71252],[111.71619,-7.71152],[111.71512,-7.71059],[111.71216,-7.70918],[111.71066,-7.70752],[111.70924,-7.70733],[111.70821,-7.70765],[111.7073,-7.70672],[111.70662,-7.70651],[111.70608,-7.70551],[111.70658,-7.70526],[111.70758,-7.70549],[111.70788,-7.70511],[111.70767,-7.70473],[111.70652,-7.70427],[111.70655,-7.70359],[111.70623,-7.70322],[111.70671,-7.70126],[111.70619,-7.70021],[111.70557,-7.69984],[111.70621,-7.69866],[111.70532,-7.69745],[111.70594,-7.69727],[111.70627,-7.69674],[111.70529,-7.69542],[111.70528,-7.6937],[111.70468,-7.69274],[111.70272,-7.69258],[111.70301,-7.69149],[111.70242,-7.6907],[111.70273,-7.69035],[111.70148,-7.68917],[111.70173,-7.68872],[111.70118,-7.68819],[111.70157,-7.68792],[111.70215,-7.68844],[111.70335,-7.68854],[111.70435,-7.68937],[111.70537,-7.68934],[111.70622,-7.69065],[111.70817,-7.69257],[111.70898,-7.69316],[111.70975,-7.69314],[111.71121,-7.69489],[111.7153,-7.69608],[111.71598,-7.6941],[111.7173,-7.69187],[111.7174,-7.69109],[111.71844,-7.68966],[111.71861,-7.68871],[111.71858,-7.68609],[111.71784,-7.68257],[111.71804,-7.68027],[111.71755,-7.67916],[111.71808,-7.67627],[111.71826,-7.67217],[111.71768,-7.67],[111.71768,-7.66604],[111.71614,-7.66569],[111.71478,-7.66407],[111.71303,-7.66341],[111.71221,-7.66256],[111.70869,-7.66181],[111.70601,-7.66022],[111.70554,-7.65907],[111.70444,-7.65844],[111.70303,-7.65674],[111.7025,-7.6567],[111.70227,-7.65536],[111.70084,-7.65539],[111.69957,-7.65587],[111.69781,-7.65697],[111.69794,-7.65731],[111.69769,-7.65751],[111.69724,-7.6573],[111.69688,-7.65769],[111.69682,-7.65988],[111.69518,-7.66048],[111.69575,-7.66075],[111.69533,-7.66098],[111.69531,-7.66186],[111.69488,-7.66181],[111.69441,-7.66106],[111.694,-7.66128],[111.69335,-7.66355],[111.69343,-7.66401],[111.69415,-7.66396],[111.69439,-7.66449],[111.69386,-7.66545],[111.69298,-7.66531],[111.69223,-7.66584],[111.68741,-7.66512],[111.68701,-7.66549],[111.68674,-7.66498],[111.68644,-7.66573],[111.68599,-7.66582],[111.68573,-7.66463],[111.68622,-7.66386],[111.68617,-7.66323],[111.68555,-7.66208],[111.68572,-7.66131],[111.68505,-7.66],[111.68525,-7.65921],[111.68637,-7.65859],[111.68599,-7.65777],[111.68611,-7.65636],[111.68586,-7.65615],[111.68609,-7.65583],[111.68534,-7.65473],[111.68563,-7.65366],[111.68638,-7.65374],[111.68741,-7.65318],[111.687,-7.65178],[111.68713,-7.64997],[111.68827,-7.64889],[111.68758,-7.64797],[111.68631,-7.64782],[111.68526,-7.64684],[111.68576,-7.64498],[111.68509,-7.64416],[111.68493,-7.64336],[111.68598,-7.64194],[111.6859,-7.64133],[111.68512,-7.64102],[111.68436,-7.64154],[111.68342,-7.64035],[111.68231,-7.64073],[111.68052,-7.64058],[111.67878,-7.63928],[111.67783,-7.6391],[111.67459,-7.64014],[111.67377,-7.64065],[111.67301,-7.64173],[111.67097,-7.64265],[111.66999,-7.64274],[111.66887,-7.64223],[111.6691,-7.64137],[111.66807,-7.64076],[111.66721,-7.63764],[111.66636,-7.63718],[111.66548,-7.63789],[111.66529,-7.63923],[111.66424,-7.64038],[111.66272,-7.64098],[111.66196,-7.6419],[111.66101,-7.6405],[111.6599,-7.63746],[111.6588,-7.6375],[111.6578,-7.63593],[111.65551,-7.63449],[111.65673,-7.63837],[111.65581,-7.63843]]]},"properties":{"KDPKAB":"35.19","KDCPUM":"35.19.05","WADMKK":"Madiun","WADMKC":"Kare"}},{"type":"Feature","geometry":{"type":"Polygon","coordinates":[[[111.8005,-7.56155],[111.80076,-7.55969],[111.79405,-7.56167],[111.79053,-7.56139],[111.78805,-7.56225],[111.78351,-7.56266],[111.78073,-7.56161],[111.77643,-7.56068],[111.77649,-7.56213],[111.77466,-7.56191],[111.77473,-7.56315],[111.77594,-7.56509],[111.77997,-7.56633],[111.78269,-7.56782],[111.78197,-7.56863],[111.78122,-7.56882],[111.78191,-7.56955],[111.78099,-7.56975],[111.78036,-7.57029],[111.77956,-7.57108],[111.77942,-7.57174],[111.7778,-7.57182],[111.77762,-7.57239],[111.77833,-7.57347],[111.77213,-7.57668],[111.7633,-7.57822],[111.76291,-7.57871],[111.76167,-7.57919],[111.76093,-7.5792],[111.76016,-7.57858],[111.75997,-7.57946],[111.75935,-7.57872],[111.75878,-7.5789],[111.75823,-7.57864],[111.75775,-7.57894],[111.75757,-7.5824],[111.75733,-7.58248],[111.75633,-7.58247],[111.75563,-7.58281],[111.75287,-7.58165],[111.75066,-7.58147],[111.7498,-7.5821],[111.75011,-7.58348],[111.74898,-7.58414],[111.74904,-7.58576],[111.74856,-7.58631],[111.74913,-7.58741],[111.74869,-7.58779],[111.74829,-7.59007],[111.7428,-7.58851],[111.74361,-7.58632],[111.74149,-7.58509],[111.74238,-7.5825],[111.73563,-7.58274],[111.73278,-7.5822],[111.73155,-7.57853],[111.7264,-7.57785],[111.72186,-7.57677],[111.71344,-7.57583],[111.71422,-7.57698],[111.71427,-7.5778],[111.71382,-7.57833],[111.71418,-7.57933],[111.71388,-7.58008],[111.71265,-7.58073],[111.7134,-7.58163],[111.7133,-7.58275],[111.71276,-7.58345],[111.71344,-7.5856],[111.71401,-7.58584],[111.71391,-7.5873],[111.71277,-7.58758],[111.71271,-7.58825],[111.71219,-7.5884],[111.71194,-7.58997],[111.71096,-7.59057],[111.71048,-7.59026],[111.71018,-7.59041],[111.71027,-7.5914],[111.7094,-7.59234],[111.70974,-7.59306],[111.70933,-7.59378],[111.71006,-7.59487],[111.70976,-7.59659],[111.71038,-7.59727],[111.7102,-7.59803],[111.71042,-7.59913],[111.71105,-7.59961],[111.71228,-7.60154],[111.7118,-7.60292],[111.71179,-7.60391],[111.71219,-7.6048],[111.7116,-7.60585],[111.71181,-7.60688],[111.71126,-7.60849],[111.71053,-7.6095],[111.71102,-7.61124],[111.71078,-7.6118],[111.71086,-7.61718],[111.71053,-7.61784],[111.71137,-7.61915],[111.71148,-7.62003],[111.71111,-7.62119],[111.71164,-7.62183],[111.71124,-7.62262],[111.71167,-7.62375],[111.71123,-7.62408],[111.71155,-7.6245],[111.71209,-7.62437],[111.71208,-7.62479],[111.71265,-7.62528],[111.71245,-7.62564],[111.71278,-7.62703],[111.71455,-7.62882],[111.71448,-7.63027],[111.71515,-7.63179],[111.71473,-7.63319],[111.71416,-7.63386],[111.71264,-7.63458],[111.70787,-7.635],[111.70671,-7.63329],[111.70652,-7.62957],[111.70527,-7.62791],[111.7036,-7.62242],[111.70304,-7.61969],[111.70354,-7.61797],[111.70343,-7.61737],[111.70297,-7.6169],[111.70295,-7.61636],[111.70139,-7.61488],[111.70128,-7.61398],[111.70023,-7.61225],[111.69777,-7.61131],[111.69389,-7.61055],[111.69156,-7.6104],[111.69086,-7.6107],[111.69096,-7.6116],[111.69043,-7.61119],[111.69048,-7.61206],[111.6896,-7.6124],[111.6885,-7.61373],[111.68844,-7.61459],[111.68801,-7.61439],[111.68748,-7.61498],[111.68756,-7.61553],[111.68689,-7.61636],[111.68613,-7.61849],[111.68543,-7.61897],[111.68547,-7.61987],[111.68494,-7.62097],[111.68419,-7.62187],[111.68343,-7.62212],[111.6824,-7.62361],[111.68245,-7.6246],[111.6819,-7.62616],[111.68199,-7.62811],[111.68399,-7.6312],[111.6837,-7.63223],[111.68503,-7.6341],[111.68452,-7.63522],[111.68355,-7.63552],[111.68352,-7.63653],[111.68238,-7.6367],[111.68242,-7.63752],[111.68286,-7.63798],[111.68447,-7.63831],[111.68518,-7.63759],[111.68604,-7.63804],[111.68481,-7.63888],[111.68442,-7.63973],[111.68333,-7.63989],[111.68317,-7.6403],[111.68374,-7.64056],[111.68436,-7.64154],[111.68512,-7.64102],[111.68597,-7.6414],[111.68598,-7.64194],[111.68493,-7.64336],[111.68509,-7.64416],[111.68576,-7.64498],[111.68526,-7.64684],[111.68631,-7.64782],[111.68758,-7.64797],[111.68827,-7.64889],[111.68713,-7.64997],[111.687,-7.65178],[111.68741,-7.65318],[111.68638,-7.65374],[111.68563,-7.65366],[111.68534,-7.65473],[111.68609,-7.65583],[111.68586,-7.65615],[111.68611,-7.65636],[111.68599,-7.65777],[111.68637,-7.65859],[111.68525,-7.65921],[111.68505,-7.66],[111.68572,-7.66131],[111.68555,-7.66208],[111.68617,-7.66323],[111.68622,-7.66386],[111.68573,-7.66463],[111.68599,-7.66582],[111.68644,-7.66573],[111.68674,-7.66498],[111.68701,-7.66549],[111.68741,-7.66512],[111.69223,-7.66584],[111.69298,-7.66531],[111.69386,-7.66545],[111.69439,-7.66449],[111.69415,-7.66396],[111.69343,-7.66401],[111.69335,-7.66355],[111.694,-7.66128],[111.69441,-7.66106],[111.69488,-7.66181],[111.69531,-7.66186],[111.69533,-7.66098],[111.69575,-7.66075],[111.69518,-7.66048],[111.69682,-7.65988],[111.69688,-7.65769],[111.69724,-7.6573],[111.69769,-7.65751],[111.69794,-7.65731],[111.69781,-7.65697],[111.69957,-7.65587],[111.70084,-7.65539],[111.70227,-7.65536],[111.7025,-7.6567],[111.70303,-7.65674],[111.70444,-7.65844],[111.70554,-7.65907],[111.70601,-7.66022],[111.70869,-7.66181],[111.71221,-7.66256],[111.71303,-7.66341],[111.71478,-7.66407],[111.71614,-7.66569],[111.71768,-7.66604],[111.71768,-7.67],[111.71826,-7.67217],[111.71808,-7.67627],[111.71755,-7.67916],[111.71804,-7.68027],[111.71784,-7.68257],[111.71858,-7.68609],[111.71861,-7.68871],[111.71844,-7.68966],[111.7174,-7.69109],[111.7173,-7.69187],[111.71598,-7.6941],[111.7153,-7.69608],[111.71121,-7.69489],[111.70975,-7.69314],[111.70898,-7.69316],[111.70817,-7.69257],[111.70622,-7.69065],[111.70537,-7.68934],[111.70435,-7.68937],[111.70335,-7.68854],[111.70215,-7.68844],[111.70157,-7.68792],[111.70118,-7.68819],[111.70173,-7.68872],[111.70148,-7.68917],[111.70273,-7.69035],[111.70242,-7.6907],[111.70301,-7.69149],[111.70272,-7.69258],[111.70468,-7.69274],[111.70528,-7.6937],[111.70529,-7.69542],[111.70627,-7.69674],[111.70594,-7.69727],[111.70532,-7.69745],[111.70621,-7.69866],[111.70557,-7.69984],[111.70619,-7.70021],[111.70671,-7.70126],[111.70623,-7.70322],[111.70655,-7.70359],[111.70652,-7.70427],[111.70767,-7.70473],[111.70788,-7.70511],[111.70758,-7.70549],[111.70658,-7.70526],[111.70609,-7.70562],[111.70662,-7.70651],[111.7073,-7.70672],[111.70799,-7.70755],[111.70924,-7.70733],[111.71066,-7.70752],[111.71216,-7.70918],[111.71512,-7.71059],[111.7169,-7.71241],[111.71751,-7.71469],[111.71818,-7.71536],[111.71824,-7.71608],[111.71907,-7.71713],[111.7195,-7.71858],[111.72101,-7.7206],[111.72152,-7.72346],[111.7228,-7.72439],[111.72344,-7.72541],[111.72381,-7.7276],[111.72483,-7.72893],[111.72616,-7.72978],[111.72646,-7.73078],[111.72727,-7.73042],[111.72705,-7.73147],[111.72796,-7.73163],[111.72752,-7.73384],[111.72797,-7.73443],[111.72783,-7.73541],[111.72858,-7.73583],[111.72817,-7.73616],[111.72792,-7.7372],[111.72752,-7.73722],[111.72798,-7.73863],[111.72838,-7.73848],[111.72881,-7.73892],[111.72834,-7.73954],[111.72837,-7.74026],[111.72948,-7.7412],[111.72922,-7.74062],[111.72972,-7.73815],[111.72952,-7.73728],[111.73032,-7.73561],[111.73091,-7.73204],[111.73256,-7.73023],[111.73255,-7.72787],[111.73304,-7.72737],[111.73294,-7.7263],[111.73355,-7.7251],[111.73399,-7.72493],[111.73416,-7.72427],[111.73516,-7.72429],[111.7355,-7.72283],[111.73753,-7.72232],[111.73932,-7.71919],[111.74144,-7.71759],[111.74083,-7.71678],[111.74141,-7.71582],[111.74138,-7.71527],[111.74189,-7.71505],[111.7418,-7.71446],[111.74375,-7.71401],[111.74453,-7.71267],[111.74594,-7.71219],[111.74607,-7.71155],[111.74662,-7.71142],[111.74746,-7.70976],[111.74935,-7.70858],[111.74962,-7.70656],[111.75264,-7.70547],[111.75291,-7.70444],[111.75235,-7.70352],[111.75415,-7.70281],[111.75402,-7.70184],[111.7548,-7.70082],[111.75443,-7.69972],[111.75533,-7.69907],[111.75518,-7.69789],[111.75605,-7.6975],[111.756,-7.69626],[111.75751,-7.69336],[111.75724,-7.69145],[111.75752,-7.68956],[111.7571,-7.68916],[111.75614,-7.6893],[111.75582,-7.6889],[111.75662,-7.68795],[111.75646,-7.68712],[111.75574,-7.68656],[111.75589,-7.68603],[111.75651,-7.68557],[111.75608,-7.68423],[111.75701,-7.68159],[111.7581,-7.6813],[111.75855,-7.67985],[111.75933,-7.67937],[111.76023,-7.67928],[111.76112,-7.67842],[111.76215,-7.67812],[111.76257,-7.67676],[111.76228,-7.67548],[111.76348,-7.67487],[111.76484,-7.6731],[111.76565,-7.67292],[111.76546,-7.67238],[111.76625,-7.67193],[111.76616,-7.67142],[111.76671,-7.67127],[111.76659,-7.67003],[111.76777,-7.66917],[111.76761,-7.66851],[111.76856,-7.66748],[111.76803,-7.66571],[111.76893,-7.66454],[111.76933,-7.66446],[111.77038,-7.66563],[111.77102,-7.66573],[111.77159,-7.66537],[111.7716,-7.66468],[111.77018,-7.66311],[111.77041,-7.66171],[111.77239,-7.6612],[111.77296,-7.66075],[111.77397,-7.65952],[111.77442,-7.65807],[111.77573,-7.65781],[111.77654,-7.65685],[111.77699,-7.65686],[111.77766,-7.65532],[111.77881,-7.6559],[111.77918,-7.65488],[111.78043,-7.65412],[111.78031,-7.65338],[111.78094,-7.65128],[111.78173,-7.65121],[111.78294,-7.65044],[111.78286,-7.64943],[111.78121,-7.64829],[111.7826,-7.6472],[111.78333,-7.64756],[111.78373,-7.64743],[111.78364,-7.64678],[111.78423,-7.64563],[111.783,-7.64435],[111.78374,-7.64381],[111.78314,-7.64302],[111.78382,-7.64207],[111.78346,-7.64134],[111.784,-7.64068],[111.78359,-7.63983],[111.78407,-7.63845],[111.78463,-7.63885],[111.78489,-7.6386],[111.78497,-7.63765],[111.78436,-7.63704],[111.78484,-7.63546],[111.78524,-7.63528],[111.78595,-7.63583],[111.78625,-7.63556],[111.78608,-7.63508],[111.78461,-7.63412],[111.78505,-7.63236],[111.78409,-7.63103],[111.78572,-7.62937],[111.78523,-7.62805],[111.78429,-7.62749],[111.78434,-7.62695],[111.78496,-7.62635],[111.78553,-7.62474],[111.78528,-7.62246],[111.78938,-7.62049],[111.789,-7.61896],[111.78849,-7.61851],[111.78902,-7.61829],[111.78922,-7.6176],[111.78847,-7.61705],[111.78936,-7.61646],[111.7889,-7.61518],[111.79,-7.61421],[111.78923,-7.61359],[111.7894,-7.61303],[111.78881,-7.61252],[111.78897,-7.61157],[111.78836,-7.61099],[111.78822,-7.61003],[111.78743,-7.6095],[111.78751,-7.60806],[111.78632,-7.60607],[111.78619,-7.60474],[111.78664,-7.60337],[111.78646,-7.60308],[111.78572,-7.60303],[111.78786,-7.601],[111.79037,-7.59746],[111.79087,-7.59617],[111.79233,-7.59612],[111.79204,-7.59558],[111.79204,-7.59374],[111.79311,-7.59337],[111.79357,-7.59188],[111.79326,-7.59096],[111.79458,-7.58993],[111.79414,-7.58898],[111.79426,-7.58771],[111.79377,-7.58636],[111.79411,-7.58569],[111.79385,-7.58412],[111.79405,-7.58236],[111.79512,-7.58014],[111.79431,-7.57833],[111.79445,-7.57734],[111.79389,-7.57651],[111.79484,-7.57651],[111.7951,-7.57595],[111.7945,-7.57569],[111.79452,-7.57534],[111.79559,-7.57436],[111.79434,-7.57408],[111.79476,-7.57378],[111.79473,-7.57307],[111.7959,-7.5726],[111.79546,-7.57205],[111.7958,-7.5715],[111.79573,-7.57083],[111.7967,-7.5708],[111.79708,-7.56953],[111.79815,-7.56996],[111.79872,-7.56958],[111.79853,-7.56832],[111.79786,-7.56792],[111.79835,-7.56728],[111.79826,-7.56682],[111.79863,-7.56668],[111.79886,-7.56507],[111.79974,-7.56457],[111.79901,-7.56416],[111.79957,-7.56389],[111.79958,-7.56278],[111.8005,-7.56155]]]},"properties":{"KDPKAB":"35.19","KDCPUM":"35.19.06","WADMKK":"Madiun","WADMKC":"Gemarang"}},{"type":"Feature","geometry":{"type":"Polygon","coordinates":[[[111.58897,-7.60114],[111.58778,-7.6006],[111.58665,-7.60163],[111.58503,-7.60105],[111.58428,-7.60251],[111.58272,-7.60166],[111.58185,-7.60345],[111.58085,-7.60296],[111.57999,-7.604],[111.57897,-7.604],[111.57649,-7.608],[111.57622,-7.6089],[111.57456,-7.60845],[111.57397,-7.60927],[111.57293,-7.60878],[111.57217,-7.61035],[111.57264,-7.61061],[111.57236,-7.6111],[111.5724,-7.61231],[111.57456,-7.61296],[111.57446,-7.61317],[111.57586,-7.61406],[111.5779,-7.61459],[111.57906,-7.61547],[111.58056,-7.61568],[111.58201,-7.61646],[111.58214,-7.61618],[111.58323,-7.61668],[111.58556,-7.61865],[111.58694,-7.61932],[111.58651,-7.62053],[111.58674,-7.62228],[111.58609,-7.62253],[111.58518,-7.61992],[111.58408,-7.6192],[111.58415,-7.61898],[111.58347,-7.61888],[111.58287,-7.61967],[111.58264,-7.62144],[111.57529,-7.61859],[111.57512,-7.61799],[111.57536,-7.61737],[111.57414,-7.61687],[111.57373,-7.61822],[111.572,-7.61796],[111.57134,-7.6175],[111.57087,-7.61762],[111.57073,-7.6182],[111.57042,-7.61812],[111.56958,-7.61619],[111.56981,-7.61458],[111.56324,-7.61179],[111.56325,-7.61258],[111.56042,-7.61153],[111.56003,-7.61081],[111.56019,-7.61046],[111.55976,-7.61028],[111.55937,-7.60953],[111.55977,-7.6088],[111.55953,-7.60842],[111.55856,-7.60834],[111.55876,-7.60802],[111.55642,-7.60703],[111.55444,-7.6119],[111.55547,-7.61247],[111.55506,-7.6142],[111.55537,-7.6147],[111.55521,-7.61566],[111.55476,-7.6161],[111.55405,-7.61588],[111.55393,-7.61623],[111.55345,-7.61625],[111.55342,-7.61679],[111.55306,-7.61686],[111.55263,-7.61922],[111.55208,-7.6186],[111.55209,-7.61918],[111.55169,-7.61949],[111.5523,-7.62007],[111.55148,-7.62117],[111.55167,-7.6219],[111.55052,-7.62371],[111.5489,-7.6252],[111.54863,-7.62597],[111.54848,-7.62729],[111.55056,-7.62797],[111.55134,-7.62806],[111.55176,-7.62571],[111.55241,-7.62622],[111.55274,-7.62716],[111.55259,-7.62822],[111.55212,-7.62837],[111.55195,-7.62883],[111.55278,-7.6299],[111.55268,-7.63034],[111.55316,-7.63051],[111.55292,-7.63162],[111.55328,-7.63215],[111.55294,-7.63331],[111.55353,-7.63427],[111.55233,-7.63418],[111.5521,-7.63505],[111.55087,-7.63487],[111.55063,-7.63519],[111.55056,-7.63576],[111.55093,-7.63599],[111.55164,-7.63903],[111.55125,-7.64025],[111.55146,-7.64064],[111.55091,-7.64088],[111.55095,-7.64132],[111.55051,-7.64156],[111.5512,-7.64188],[111.55129,-7.64223],[111.55035,-7.64288],[111.55057,-7.64351],[111.54995,-7.64372],[111.5495,-7.64434],[111.54988,-7.64494],[111.54964,-7.6452],[111.54892,-7.64515],[111.54814,-7.64609],[111.54724,-7.64577],[111.54704,-7.64658],[111.5463,-7.64636],[111.54612,-7.64783],[111.54418,-7.6471],[111.54367,-7.64727],[111.53968,-7.64641],[111.53893,-7.64864],[111.53908,-7.64953],[111.53883,-7.65023],[111.53944,-7.6505],[111.53944,-7.65132],[111.5401,-7.65181],[111.54168,-7.65179],[111.54294,-7.65269],[111.54273,-7.65297],[111.54186,-7.65244],[111.54162,-7.65305],[111.54192,-7.6554],[111.54174,-7.65682],[111.54335,-7.65755],[111.5433,-7.65783],[111.54388,-7.65805],[111.54391,-7.65886],[111.54424,-7.65907],[111.54148,-7.65827],[111.54173,-7.6587],[111.5411,-7.66018],[111.53997,-7.66001],[111.53979,-7.65954],[111.53345,-7.66031],[111.53383,-7.66159],[111.53323,-7.66152],[111.53306,-7.66232],[111.53333,-7.66279],[111.53306,-7.66288],[111.53307,-7.66343],[111.53278,-7.66332],[111.53319,-7.66389],[111.53392,-7.66683],[111.53468,-7.66747],[111.53466,-7.66861],[111.53576,-7.66862],[111.53628,-7.66937],[111.53625,-7.67013],[111.53736,-7.67065],[111.5378,-7.67142],[111.53894,-7.67163],[111.53984,-7.67124],[111.54144,-7.67155],[111.54273,-7.67139],[111.54361,-7.67249],[111.54421,-7.67391],[111.54619,-7.67496],[111.54673,-7.67884],[111.54597,-7.67976],[111.54813,-7.6812],[111.54923,-7.68025],[111.55043,-7.68035],[111.55226,-7.67967],[111.55277,-7.68004],[111.55459,-7.67963],[111.5553,-7.67892],[111.55583,-7.67896],[111.55611,-7.67844],[111.55782,-7.67773],[111.56,-7.67774],[111.56024,-7.67657],[111.55906,-7.67558],[111.55822,-7.67387],[111.5584,-7.67348],[111.559,-7.67367],[111.55949,-7.67336],[111.55964,-7.67224],[111.56376,-7.67179],[111.56405,-7.67189],[111.56413,-7.67249],[111.56618,-7.67427],[111.56752,-7.67396],[111.56846,-7.67409],[111.56908,-7.67478],[111.57027,-7.67484],[111.57092,-7.67552],[111.5718,-7.67573],[111.57209,-7.67653],[111.57251,-7.67649],[111.5736,-7.67443],[111.57425,-7.67481],[111.57457,-7.67448],[111.57496,-7.67213],[111.57678,-7.6689],[111.57713,-7.66894],[111.57704,-7.66552],[111.57773,-7.66501],[111.57981,-7.66663],[111.58112,-7.66687],[111.5816,-7.6679],[111.58193,-7.6679],[111.58232,-7.66936],[111.58369,-7.66956],[111.5842,-7.66997],[111.5842,-7.67082],[111.58459,-7.67132],[111.58434,-7.67179],[111.58498,-7.67194],[111.58526,-7.67349],[111.58703,-7.67479],[111.58728,-7.67534],[111.58984,-7.6768],[111.59086,-7.67688],[111.59316,-7.67776],[111.59513,-7.67767],[111.59645,-7.67814],[111.5971,-7.67874],[111.59744,-7.67797],[111.59848,-7.67841],[111.59998,-7.67549],[111.60068,-7.6751],[111.60248,-7.67653],[111.60329,-7.67892],[111.60716,-7.68219],[111.60607,-7.6841],[111.60703,-7.68509],[111.60631,-7.68659],[111.6064,-7.6874],[111.60589,-7.68777],[111.60575,-7.68854],[111.60433,-7.68924],[111.60411,-7.68878],[111.60265,-7.68857],[111.6025,-7.68765],[111.6,-7.68789],[111.59933,-7.68822],[111.59745,-7.68807],[111.59743,-7.68964],[111.59695,-7.69033],[111.59608,-7.68991],[111.59544,-7.69],[111.59303,-7.69127],[111.59139,-7.69107],[111.59005,-7.69225],[111.58936,-7.69184],[111.58841,-7.69233],[111.59253,-7.6936],[111.59293,-7.69388],[111.5927,-7.69464],[111.59309,-7.69486],[111.5944,-7.6944],[111.59479,-7.69384],[111.59571,-7.69345],[111.59656,-7.69389],[111.59764,-7.69344],[111.5995,-7.69529],[111.6018,-7.69666],[111.60268,-7.69764],[111.60553,-7.70132],[111.60603,-7.70385],[111.607,-7.70527],[111.61109,-7.70824],[111.61271,-7.70894],[111.61877,-7.70758],[111.62158,-7.70745],[111.62494,-7.71267],[111.63001,-7.71464],[111.63099,-7.71538],[111.634,-7.7154],[111.6347,-7.71642],[111.63512,-7.71644],[111.63527,-7.71568],[111.63482,-7.71612],[111.63415,-7.71457],[111.63335,-7.71433],[111.63426,-7.71209],[111.63483,-7.71198],[111.63481,-7.71142],[111.63421,-7.71062],[111.6343,-7.70931],[111.63562,-7.70956],[111.63592,-7.71064],[111.63641,-7.71093],[111.63743,-7.71022],[111.63723,-7.70978],[111.63786,-7.70914],[111.63827,-7.70758],[111.64063,-7.70947],[111.6413,-7.70891],[111.63808,-7.70408],[111.63745,-7.70255],[111.63756,-7.70164],[111.638,-7.70146],[111.63864,-7.70167],[111.63936,-7.70246],[111.6403,-7.70221],[111.64089,-7.70275],[111.64141,-7.7026],[111.64145,-7.70209],[111.64099,-7.7017],[111.6416,-7.70158],[111.64093,-7.69974],[111.64132,-7.69852],[111.64108,-7.69842],[111.64086,-7.69893],[111.64051,-7.6988],[111.6382,-7.69666],[111.63752,-7.69692],[111.63534,-7.69667],[111.6343,-7.69686],[111.63357,-7.69752],[111.63149,-7.6977],[111.62972,-7.69706],[111.62789,-7.69742],[111.62776,-7.69687],[111.62701,-7.69685],[111.627,-7.69605],[111.62372,-7.69503],[111.62208,-7.69485],[111.62202,-7.69461],[111.62221,-7.69358],[111.62444,-7.69108],[111.62403,-7.68976],[111.62753,-7.69062],[111.62891,-7.69062],[111.6276,-7.6919],[111.62748,-7.69328],[111.62852,-7.69374],[111.62923,-7.69456],[111.62932,-7.69524],[111.63264,-7.69599],[111.63537,-7.69637],[111.63562,-7.69565],[111.63631,-7.69587],[111.63738,-7.69314],[111.63691,-7.69299],[111.63952,-7.69309],[111.64033,-7.68827],[111.6433,-7.67985],[111.64412,-7.67441],[111.64513,-7.67248],[111.64451,-7.67023],[111.64462,-7.66897],[111.64413,-7.66825],[111.64421,-7.66466],[111.64342,-7.66368],[111.64401,-7.66183],[111.64404,-7.66029],[111.64368,-7.65991],[111.64143,-7.6593],[111.64114,-7.65765],[111.63958,-7.65649],[111.63936,-7.65484],[111.63758,-7.65149],[111.63656,-7.65073],[111.63626,-7.6496],[111.6347,-7.65016],[111.63359,-7.65006],[111.63288,-7.64672],[111.62841,-7.63913],[111.62729,-7.63789],[111.62527,-7.63449],[111.62253,-7.63209],[111.62253,-7.63061],[111.6216,-7.62833],[111.61982,-7.62678],[111.61853,-7.62488],[111.61613,-7.62371],[111.61451,-7.62193],[111.61394,-7.62069],[111.61113,-7.61765],[111.60918,-7.6146],[111.60793,-7.61113],[111.60385,-7.6059],[111.60222,-7.605],[111.60094,-7.60637],[111.59862,-7.60729],[111.59952,-7.60618],[111.59909,-7.60551],[111.59806,-7.605],[111.59758,-7.60516],[111.59729,-7.60458],[111.59591,-7.60416],[111.59594,-7.60325],[111.59266,-7.60242],[111.5895,-7.60106],[111.58897,-7.60114]]]},"properties":{"KDPKAB":"35.19","KDCPUM":"35.19.07","WADMKK":"Madiun","WADMKC":"Wungu"}},{"type":"Feature","geometry":{"type":"Polygon","coordinates":[[[111.55159,-7.54544],[111.5499,-7.54497],[111.54997,-7.54341],[111.5481,-7.54233],[111.5454,-7.54296],[111.54459,-7.54351],[111.54483,-7.54468],[111.54607,-7.54533],[111.54811,-7.54576],[111.54913,-7.54686],[111.54915,-7.54828],[111.54877,-7.54905],[111.54758,-7.55012],[111.54616,-7.5506],[111.54172,-7.54899],[111.53909,-7.54948],[111.53861,-7.55055],[111.54058,-7.55128],[111.54082,-7.55177],[111.5407,-7.55404],[111.54279,-7.55446],[111.54317,-7.55475],[111.54323,-7.55532],[111.5423,-7.55613],[111.54137,-7.55593],[111.54076,-7.5554],[111.54036,-7.55789],[111.53719,-7.55956],[111.53635,-7.56066],[111.53668,-7.56227],[111.53751,-7.56308],[111.54021,-7.56456],[111.54097,-7.56568],[111.54094,-7.56654],[111.54018,-7.56751],[111.53733,-7.56897],[111.53634,-7.56999],[111.53635,-7.57084],[111.53723,-7.57268],[111.5386,-7.57353],[111.53895,-7.5747],[111.53831,-7.57481],[111.53829,-7.57419],[111.53708,-7.57516],[111.53697,-7.57589],[111.53664,-7.57609],[111.53734,-7.57887],[111.53518,-7.58143],[111.53461,-7.58278],[111.53418,-7.58522],[111.53326,-7.58521],[111.53288,-7.58694],[111.53454,-7.58769],[111.53665,-7.58774],[111.53695,-7.58848],[111.5367,-7.58927],[111.53641,-7.58968],[111.53578,-7.58973],[111.5335,-7.5888],[111.53247,-7.588],[111.53203,-7.58847],[111.53203,-7.58925],[111.53241,-7.58988],[111.53529,-7.59143],[111.53597,-7.59237],[111.53569,-7.59317],[111.53371,-7.59468],[111.5329,-7.59616],[111.53319,-7.5974],[111.53425,-7.59926],[111.53432,-7.60075],[111.53365,-7.60134],[111.5324,-7.60103],[111.53215,-7.60188],[111.5324,-7.60262],[111.5333,-7.60262],[111.53375,-7.60188],[111.53419,-7.60194],[111.53453,-7.60136],[111.53539,-7.60117],[111.53628,-7.60036],[111.53657,-7.59907],[111.53751,-7.59931],[111.53717,-7.60062],[111.53784,-7.60114],[111.53833,-7.60073],[111.53889,-7.60118],[111.54023,-7.59956],[111.54155,-7.59971],[111.54181,-7.59941],[111.54192,-7.60012],[111.54247,-7.60008],[111.54259,-7.59917],[111.54406,-7.59747],[111.54613,-7.59807],[111.54783,-7.59814],[111.54815,-7.59661],[111.54838,-7.5964],[111.54927,-7.59657],[111.5496,-7.59487],[111.55093,-7.59522],[111.55112,-7.59484],[111.55246,-7.5954],[111.55344,-7.59536],[111.55589,-7.59596],[111.55667,-7.59635],[111.55662,-7.5968],[111.55727,-7.597],[111.55762,-7.59621],[111.55803,-7.59632],[111.55792,-7.59744],[111.55831,-7.59759],[111.55773,-7.59887],[111.55849,-7.59936],[111.55746,-7.60412],[111.55901,-7.60507],[111.55792,-7.60761],[111.55876,-7.60802],[111.55856,-7.60834],[111.55953,-7.60842],[111.55977,-7.6088],[111.55937,-7.60953],[111.55976,-7.61028],[111.56019,-7.61046],[111.56003,-7.61081],[111.56042,-7.61153],[111.56325,-7.61258],[111.56324,-7.61179],[111.56978,-7.61456],[111.56958,-7.61619],[111.5705,-7.61815],[111.57134,-7.6175],[111.572,-7.61796],[111.57373,-7.61822],[111.57414,-7.61687],[111.57536,-7.61737],[111.57512,-7.61799],[111.57529,-7.61859],[111.58264,-7.62144],[111.58287,-7.61967],[111.58347,-7.61888],[111.58415,-7.61898],[111.58408,-7.6192],[111.58518,-7.61992],[111.58609,-7.62253],[111.58674,-7.62228],[111.58651,-7.62053],[111.58694,-7.61932],[111.58556,-7.61865],[111.58323,-7.61668],[111.58214,-7.61618],[111.58201,-7.61646],[111.58056,-7.61568],[111.57906,-7.61547],[111.5779,-7.61459],[111.57586,-7.61406],[111.57446,-7.61317],[111.57456,-7.61296],[111.5724,-7.61231],[111.57236,-7.6111],[111.57264,-7.61061],[111.57217,-7.61035],[111.57293,-7.60878],[111.57397,-7.60927],[111.57456,-7.60845],[111.57622,-7.6089],[111.57649,-7.608],[111.57897,-7.604],[111.57999,-7.604],[111.58085,-7.60296],[111.58185,-7.60345],[111.58272,-7.60166],[111.58428,-7.60251],[111.58503,-7.60105],[111.58665,-7.60163],[111.58778,-7.6006],[111.59266,-7.60242],[111.59594,-7.60325],[111.59591,-7.60416],[111.59729,-7.60458],[111.59758,-7.60516],[111.59806,-7.605],[111.59909,-7.60551],[111.59952,-7.60618],[111.59862,-7.60729],[111.60094,-7.60637],[111.60222,-7.605],[111.6032,-7.60533],[111.60793,-7.61113],[111.60918,-7.6146],[111.61113,-7.61765],[111.61394,-7.62069],[111.61451,-7.62193],[111.61613,-7.62371],[111.61853,-7.62488],[111.61982,-7.62678],[111.6216,-7.62833],[111.62253,-7.63061],[111.62253,-7.63209],[111.62527,-7.63449],[111.62729,-7.63789],[111.62841,-7.63913],[111.63288,-7.64672],[111.63359,-7.65006],[111.6347,-7.65016],[111.63626,-7.6496],[111.63648,-7.64906],[111.63631,-7.64755],[111.63553,-7.6461],[111.63603,-7.64539],[111.63755,-7.64512],[111.63925,-7.64416],[111.64114,-7.64493],[111.64175,-7.64687],[111.64434,-7.64919],[111.64535,-7.64833],[111.64588,-7.64724],[111.64691,-7.64675],[111.64359,-7.64354],[111.64206,-7.64055],[111.64093,-7.63774],[111.64064,-7.63621],[111.62804,-7.61999],[111.626,-7.61683],[111.62377,-7.61508],[111.62315,-7.61423],[111.62127,-7.61313],[111.61387,-7.61072],[111.61113,-7.6073],[111.60615,-7.60399],[111.60549,-7.6046],[111.60532,-7.60336],[111.60424,-7.60361],[111.60412,-7.60437],[111.60363,-7.60451],[111.60305,-7.60345],[111.60535,-7.60154],[111.60414,-7.60025],[111.60201,-7.59882],[111.60253,-7.59668],[111.60009,-7.59513],[111.60019,-7.59472],[111.59967,-7.59454],[111.59982,-7.59424],[111.599,-7.59377],[111.59968,-7.59187],[111.60031,-7.59161],[111.59987,-7.59153],[111.60017,-7.59065],[111.59961,-7.58973],[111.60026,-7.58961],[111.60034,-7.58848],[111.60075,-7.58777],[111.60054,-7.58766],[111.60175,-7.58769],[111.60187,-7.58693],[111.60236,-7.58658],[111.60175,-7.58559],[111.60212,-7.58502],[111.59995,-7.58391],[111.59957,-7.58422],[111.59751,-7.58303],[111.59582,-7.58329],[111.59445,-7.58279],[111.59364,-7.58191],[111.59371,-7.58166],[111.59298,-7.58121],[111.59377,-7.58071],[111.59388,-7.57976],[111.59329,-7.57951],[111.59315,-7.57908],[111.59183,-7.57865],[111.59135,-7.57827],[111.59129,-7.57775],[111.59008,-7.57723],[111.58943,-7.57654],[111.58967,-7.57572],[111.58858,-7.57503],[111.58622,-7.57431],[111.58682,-7.57307],[111.5865,-7.57301],[111.5867,-7.57201],[111.58617,-7.57197],[111.58624,-7.57147],[111.58581,-7.57132],[111.58637,-7.56962],[111.58473,-7.56972],[111.58449,-7.57032],[111.58351,-7.57017],[111.58329,-7.57176],[111.58295,-7.57214],[111.58301,-7.5731],[111.58214,-7.57499],[111.58158,-7.57475],[111.58358,-7.56762],[111.58327,-7.56757],[111.58303,-7.56806],[111.58165,-7.56769],[111.5815,-7.5682],[111.58062,-7.56808],[111.57955,-7.56753],[111.57954,-7.56715],[111.57864,-7.56695],[111.57855,-7.56646],[111.57816,-7.5669],[111.57619,-7.56631],[111.57604,-7.56679],[111.5756,-7.56653],[111.57562,-7.56616],[111.57187,-7.56516],[111.57041,-7.56438],[111.56953,-7.56473],[111.56915,-7.56454],[111.56915,-7.56523],[111.56867,-7.56558],[111.56904,-7.56605],[111.56836,-7.56692],[111.56899,-7.56756],[111.56864,-7.56829],[111.56921,-7.56856],[111.56782,-7.56943],[111.56788,-7.56988],[111.56737,-7.5697],[111.56715,-7.56999],[111.5681,-7.57112],[111.56751,-7.57194],[111.5678,-7.5724],[111.56855,-7.57258],[111.56946,-7.57414],[111.56935,-7.57478],[111.5693,-7.57422],[111.56875,-7.57381],[111.5683,-7.57267],[111.56749,-7.57254],[111.56723,-7.57175],[111.56776,-7.57129],[111.56734,-7.57049],[111.5667,-7.57082],[111.5665,-7.56906],[111.56485,-7.56873],[111.56417,-7.57019],[111.56324,-7.56979],[111.56316,-7.56866],[111.56259,-7.56784],[111.5613,-7.56766],[111.56093,-7.56722],[111.55969,-7.56689],[111.55954,-7.56722],[111.5592,-7.56703],[111.55864,-7.56731],[111.55924,-7.56805],[111.55926,-7.57016],[111.55385,-7.56833],[111.55393,-7.56779],[111.55069,-7.56637],[111.55071,-7.56582],[111.55034,-7.56548],[111.55071,-7.56538],[111.55086,-7.56292],[111.55152,-7.5619],[111.55248,-7.56186],[111.55204,-7.56123],[111.55253,-7.56051],[111.552,-7.56021],[111.55201,-7.55987],[111.55287,-7.55923],[111.55283,-7.5586],[111.55173,-7.55782],[111.55179,-7.55723],[111.55404,-7.55659],[111.55425,-7.55564],[111.55405,-7.55491],[111.5546,-7.55477],[111.55477,-7.554],[111.55548,-7.55316],[111.55568,-7.55172],[111.55488,-7.55164],[111.55455,-7.55134],[111.55456,-7.5508],[111.55486,-7.55047],[111.55574,-7.55104],[111.55633,-7.55099],[111.55669,-7.5506],[111.55543,-7.55018],[111.5554,-7.54968],[111.55675,-7.54939],[111.55785,-7.54862],[111.55727,-7.54778],[111.55827,-7.54751],[111.55879,-7.54674],[111.55844,-7.54597],[111.5564,-7.54689],[111.55582,-7.54688],[111.55483,-7.54582],[111.55334,-7.54495],[111.55159,-7.54544]]]},"properties":{"KDPKAB":"35.19","KDCPUM":"35.19.08","WADMKK":"Madiun","WADMKC":"Madiun"}},{"type":"Feature","geometry":{"type":"Polygon","coordinates":[[[111.49038,-7.56544],[111.48984,-7.56518],[111.48974,-7.56545],[111.48809,-7.5652],[111.48625,-7.56613],[111.48641,-7.56762],[111.48586,-7.56753],[111.48578,-7.56778],[111.48663,-7.56819],[111.48628,-7.56885],[111.48652,-7.56947],[111.48572,-7.57093],[111.48524,-7.57085],[111.48501,-7.57199],[111.48465,-7.57215],[111.48517,-7.57335],[111.48427,-7.57481],[111.4837,-7.57495],[111.48119,-7.57433],[111.4807,-7.57498],[111.47917,-7.57541],[111.47854,-7.57773],[111.4786,-7.57825],[111.47909,-7.57856],[111.47908,-7.58016],[111.47885,-7.58077],[111.47816,-7.58076],[111.47781,-7.58125],[111.47701,-7.58385],[111.47738,-7.58516],[111.47686,-7.58614],[111.47618,-7.58658],[111.47537,-7.58622],[111.47506,-7.58752],[111.47586,-7.58786],[111.4756,-7.58869],[111.47511,-7.58896],[111.47514,-7.59036],[111.4762,-7.59059],[111.47568,-7.5914],[111.4768,-7.59164],[111.47604,-7.59382],[111.47637,-7.59397],[111.47623,-7.59481],[111.47668,-7.59488],[111.47602,-7.5962],[111.47506,-7.5964],[111.47459,-7.59847],[111.47352,-7.59976],[111.47369,-7.60137],[111.47278,-7.6033],[111.47288,-7.60362],[111.4736,-7.60376],[111.47321,-7.6056],[111.47529,-7.60633],[111.47439,-7.60829],[111.47453,-7.60864],[111.47409,-7.60917],[111.47229,-7.60883],[111.47211,-7.60906],[111.47061,-7.609],[111.47039,-7.61019],[111.47081,-7.61036],[111.47013,-7.6125],[111.46982,-7.61245],[111.46967,-7.613],[111.47004,-7.61307],[111.46914,-7.61366],[111.46884,-7.61475],[111.46418,-7.61561],[111.46301,-7.61623],[111.46135,-7.61815],[111.46073,-7.61848],[111.45898,-7.61857],[111.45817,-7.61962],[111.45684,-7.61962],[111.45462,-7.61893],[111.45166,-7.62023],[111.45157,-7.6228],[111.45072,-7.62792],[111.45305,-7.62855],[111.45415,-7.62479],[111.45854,-7.62557],[111.46007,-7.6263],[111.46,-7.62699],[111.46026,-7.62707],[111.46,-7.62812],[111.46241,-7.62839],[111.46207,-7.63276],[111.46323,-7.63327],[111.46339,-7.63429],[111.46488,-7.63457],[111.46542,-7.63523],[111.46612,-7.63539],[111.46632,-7.63767],[111.4637,-7.63748],[111.46309,-7.63899],[111.4664,-7.63969],[111.46635,-7.63873],[111.46836,-7.63921],[111.46808,-7.63997],[111.4683,-7.64047],[111.46883,-7.64053],[111.46869,-7.64114],[111.46957,-7.64151],[111.4697,-7.64104],[111.47045,-7.64118],[111.47069,-7.64013],[111.47118,-7.6402],[111.47124,-7.63991],[111.47452,-7.64036],[111.47462,-7.63976],[111.47629,-7.64009],[111.47701,-7.63898],[111.48027,-7.64],[111.48125,-7.63633],[111.47911,-7.63644],[111.47895,-7.63393],[111.47938,-7.63343],[111.47992,-7.63293],[111.48035,-7.63297],[111.4807,-7.63242],[111.48132,-7.63233],[111.48304,-7.63301],[111.48322,-7.63374],[111.48369,-7.63386],[111.48529,-7.63141],[111.48694,-7.63235],[111.4852,-7.63403],[111.48512,-7.63596],[111.48136,-7.64101],[111.483,-7.64165],[111.48694,-7.64147],[111.48654,-7.6441],[111.48702,-7.64422],[111.48701,-7.64447],[111.48647,-7.64517],[111.48563,-7.6449],[111.48496,-7.64638],[111.48524,-7.64647],[111.48482,-7.64766],[111.48512,-7.64799],[111.48507,-7.6494],[111.48488,-7.65015],[111.48455,-7.6502],[111.48402,-7.65252],[111.48385,-7.65412],[111.48408,-7.65449],[111.48211,-7.6586],[111.48176,-7.66036],[111.48382,-7.66159],[111.48413,-7.66277],[111.48494,-7.66254],[111.48607,-7.6615],[111.48792,-7.66101],[111.48797,-7.65989],[111.49062,-7.65775],[111.49334,-7.65775],[111.49575,-7.65848],[111.49696,-7.65756],[111.49825,-7.65875],[111.501,-7.65895],[111.50141,-7.65873],[111.50119,-7.65662],[111.5017,-7.65619],[111.50318,-7.65591],[111.50345,-7.65549],[111.50282,-7.65436],[111.50308,-7.65211],[111.50384,-7.64997],[111.50205,-7.64958],[111.50215,-7.64807],[111.49873,-7.64747],[111.49971,-7.64605],[111.50308,-7.64669],[111.50493,-7.64617],[111.50529,-7.64716],[111.50496,-7.64934],[111.50558,-7.64967],[111.5067,-7.64924],[111.50783,-7.64961],[111.50897,-7.64872],[111.51072,-7.64917],[111.51167,-7.64886],[111.51118,-7.64705],[111.51227,-7.64519],[111.51237,-7.64392],[111.51151,-7.64035],[111.51178,-7.63652],[111.51061,-7.63411],[111.51009,-7.63441],[111.5105,-7.63554],[111.50981,-7.63555],[111.50986,-7.63607],[111.5085,-7.63599],[111.5077,-7.63897],[111.50761,-7.64103],[111.50454,-7.64074],[111.50453,-7.6396],[111.50324,-7.63931],[111.50266,-7.63972],[111.50241,-7.64144],[111.50113,-7.64125],[111.50031,-7.64055],[111.49917,-7.64073],[111.49845,-7.64543],[111.49686,-7.6451],[111.49834,-7.64008],[111.49835,-7.63913],[111.49722,-7.63828],[111.49607,-7.63811],[111.49611,-7.63779],[111.49569,-7.63771],[111.49626,-7.63615],[111.49657,-7.63386],[111.49805,-7.63424],[111.49828,-7.63229],[111.49939,-7.62866],[111.4993,-7.62777],[111.50043,-7.62636],[111.49765,-7.6257],[111.49769,-7.62537],[111.49674,-7.62488],[111.49568,-7.62473],[111.49635,-7.62446],[111.49642,-7.62384],[111.49612,-7.62342],[111.4965,-7.62337],[111.49649,-7.62308],[111.50001,-7.62359],[111.5005,-7.6234],[111.50127,-7.62237],[111.50121,-7.62171],[111.50181,-7.62144],[111.50178,-7.62086],[111.50229,-7.6204],[111.50131,-7.61993],[111.50143,-7.61952],[111.5011,-7.61933],[111.50137,-7.61885],[111.50062,-7.6183],[111.50094,-7.61729],[111.50084,-7.61669],[111.50036,-7.61643],[111.50073,-7.61549],[111.50034,-7.61516],[111.50092,-7.61514],[111.50073,-7.61421],[111.50105,-7.61389],[111.50087,-7.61313],[111.50114,-7.61284],[111.50064,-7.61212],[111.50045,-7.61098],[111.50094,-7.60992],[111.50054,-7.60908],[111.50005,-7.60898],[111.50017,-7.60838],[111.50088,-7.6076],[111.50333,-7.60769],[111.50376,-7.60628],[111.50609,-7.60693],[111.50735,-7.60823],[111.508,-7.60829],[111.50863,-7.60784],[111.50949,-7.60815],[111.51083,-7.60788],[111.51198,-7.60821],[111.51226,-7.60748],[111.51314,-7.60747],[111.51393,-7.60635],[111.51373,-7.60453],[111.51336,-7.60432],[111.51372,-7.60326],[111.51613,-7.60381],[111.5164,-7.60288],[111.51764,-7.60302],[111.51808,-7.60181],[111.51777,-7.60167],[111.51819,-7.59987],[111.51989,-7.59862],[111.52076,-7.59566],[111.52025,-7.59553],[111.52054,-7.59458],[111.52025,-7.59434],[111.51921,-7.59406],[111.5182,-7.59419],[111.51674,-7.59335],[111.51704,-7.59239],[111.51642,-7.59198],[111.51645,-7.59154],[111.51603,-7.59133],[111.51574,-7.59059],[111.51485,-7.59073],[111.51398,-7.58992],[111.51309,-7.58968],[111.51134,-7.58979],[111.50883,-7.58913],[111.50895,-7.58859],[111.50667,-7.58796],[111.50675,-7.58756],[111.50478,-7.58662],[111.50509,-7.58564],[111.50401,-7.58536],[111.50378,-7.58624],[111.50329,-7.58659],[111.50308,-7.58759],[111.50338,-7.58782],[111.50325,-7.58954],[111.49969,-7.58881],[111.49777,-7.58766],[111.49967,-7.58565],[111.50069,-7.58291],[111.50269,-7.58318],[111.50316,-7.58146],[111.50298,-7.57962],[111.50153,-7.57914],[111.5022,-7.57583],[111.50185,-7.57563],[111.50257,-7.57361],[111.50111,-7.57344],[111.50111,-7.57307],[111.502,-7.57238],[111.50162,-7.57182],[111.50203,-7.57094],[111.50155,-7.57058],[111.50164,-7.56945],[111.49952,-7.56865],[111.49991,-7.5675],[111.49501,-7.56664],[111.49414,-7.5667],[111.49303,-7.56733],[111.49297,-7.56631],[111.4919,-7.56629],[111.49038,-7.56544]]]},"properties":{"KDPKAB":"35.19","KDCPUM":"35.19.09","WADMKK":"Madiun","WADMKC":"Jiwan"}},{"type":"Feature","geometry":{"type":"Polygon","coordinates":[[[111.59899,-7.48892],[111.59815,-7.48826],[111.59773,-7.48873],[111.59868,-7.48929],[111.59985,-7.48931],[111.60001,-7.4896],[111.59946,-7.49093],[111.59879,-7.49113],[111.59781,-7.48954],[111.59758,-7.49069],[111.5967,-7.49083],[111.59663,-7.49244],[111.59576,-7.49406],[111.59591,-7.49434],[111.59766,-7.49444],[111.59776,-7.49552],[111.59608,-7.49566],[111.59578,-7.49766],[111.59433,-7.49751],[111.59371,-7.49775],[111.5943,-7.49907],[111.59325,-7.50087],[111.59167,-7.50244],[111.59106,-7.50253],[111.59088,-7.5011],[111.58999,-7.5011],[111.59078,-7.50695],[111.59021,-7.50691],[111.58872,-7.50546],[111.58812,-7.50664],[111.58732,-7.50667],[111.58711,-7.50715],[111.58702,-7.50781],[111.58812,-7.5087],[111.58758,-7.50891],[111.58689,-7.50869],[111.58672,-7.50833],[111.58589,-7.5083],[111.58576,-7.51025],[111.58522,-7.51022],[111.5848,-7.51069],[111.58408,-7.51055],[111.58412,-7.51172],[111.58205,-7.51096],[111.58176,-7.51118],[111.58219,-7.51176],[111.58187,-7.51273],[111.58162,-7.51284],[111.58097,-7.5123],[111.58039,-7.51248],[111.58017,-7.51388],[111.57962,-7.51484],[111.57978,-7.51522],[111.58112,-7.5158],[111.58247,-7.51584],[111.58294,-7.5167],[111.58448,-7.5167],[111.58658,-7.51777],[111.58688,-7.51842],[111.58585,-7.51905],[111.58589,-7.51935],[111.58643,-7.52067],[111.58715,-7.52128],[111.58637,-7.52135],[111.58661,-7.52164],[111.58631,-7.52194],[111.58546,-7.52126],[111.58505,-7.52169],[111.58473,-7.52144],[111.58427,-7.52161],[111.58356,-7.52227],[111.58359,-7.52308],[111.58326,-7.52325],[111.5825,-7.52249],[111.5826,-7.52193],[111.58203,-7.52179],[111.58194,-7.52128],[111.58151,-7.52105],[111.57806,-7.52059],[111.57728,-7.52128],[111.57658,-7.52079],[111.57496,-7.5204],[111.57506,-7.52098],[111.57472,-7.52149],[111.5723,-7.52097],[111.57192,-7.52112],[111.57229,-7.52196],[111.57222,-7.5231],[111.57196,-7.52329],[111.57164,-7.52306],[111.57149,-7.5218],[111.57052,-7.52376],[111.56964,-7.52426],[111.56934,-7.52412],[111.5698,-7.52302],[111.5696,-7.52273],[111.56924,-7.52287],[111.56888,-7.52374],[111.56736,-7.52413],[111.56655,-7.52375],[111.56627,-7.5245],[111.56596,-7.52381],[111.564,-7.5232],[111.56377,-7.52433],[111.56303,-7.52443],[111.56362,-7.52509],[111.56282,-7.5246],[111.56189,-7.52515],[111.56259,-7.52569],[111.56244,-7.52608],[111.56178,-7.5259],[111.56132,-7.52667],[111.5608,-7.52565],[111.55915,-7.52548],[111.55841,-7.52715],[111.55815,-7.52678],[111.55762,-7.52684],[111.55749,-7.52721],[111.55799,-7.52741],[111.55785,-7.52794],[111.55721,-7.52767],[111.55677,-7.528],[111.55649,-7.52942],[111.55615,-7.52947],[111.5555,-7.52869],[111.55482,-7.52871],[111.55447,-7.52902],[111.55469,-7.52969],[111.55391,-7.53062],[111.55357,-7.53043],[111.55392,-7.52923],[111.55356,-7.52919],[111.55318,-7.52829],[111.55278,-7.52815],[111.55289,-7.52912],[111.55262,-7.52908],[111.55249,-7.52818],[111.55209,-7.52817],[111.55252,-7.52768],[111.55203,-7.52755],[111.55196,-7.52797],[111.55155,-7.52792],[111.55107,-7.5268],[111.55066,-7.52678],[111.55033,-7.52736],[111.55057,-7.52836],[111.55132,-7.52881],[111.5522,-7.53002],[111.55201,-7.53084],[111.55132,-7.53078],[111.55148,-7.53186],[111.5529,-7.53294],[111.55315,-7.53391],[111.55199,-7.53471],[111.55111,-7.53387],[111.5503,-7.53212],[111.5499,-7.53188],[111.54862,-7.53201],[111.5492,-7.53427],[111.5476,-7.536],[111.54738,-7.53705],[111.54763,-7.53778],[111.54869,-7.53818],[111.55122,-7.5379],[111.55318,-7.53837],[111.55399,-7.53631],[111.55699,-7.53645],[111.55875,-7.5362],[111.55984,-7.53643],[111.55925,-7.53883],[111.56004,-7.53924],[111.55952,-7.54102],[111.56117,-7.54142],[111.56329,-7.5412],[111.56229,-7.54546],[111.56166,-7.54663],[111.56088,-7.54684],[111.56099,-7.54658],[111.55969,-7.5464],[111.55986,-7.54573],[111.55858,-7.54571],[111.55862,-7.54716],[111.55727,-7.54778],[111.55785,-7.54862],[111.55675,-7.54939],[111.5556,-7.54951],[111.55533,-7.5498],[111.55544,-7.55019],[111.55669,-7.5506],[111.55613,-7.55114],[111.55486,-7.55047],[111.55456,-7.5508],[111.55455,-7.55134],[111.55488,-7.55164],[111.55568,-7.55172],[111.55548,-7.55316],[111.55477,-7.554],[111.5546,-7.55477],[111.55405,-7.55491],[111.55425,-7.55564],[111.55404,-7.55659],[111.55179,-7.55723],[111.55173,-7.55782],[111.55283,-7.5586],[111.55287,-7.55923],[111.55201,-7.55987],[111.552,-7.56021],[111.55253,-7.56051],[111.55204,-7.56123],[111.55248,-7.56186],[111.55152,-7.5619],[111.55086,-7.56292],[111.55071,-7.56538],[111.55034,-7.56548],[111.55071,-7.56582],[111.55069,-7.56637],[111.55393,-7.56779],[111.55385,-7.56833],[111.55926,-7.57016],[111.55924,-7.56805],[111.55864,-7.56731],[111.5592,-7.56703],[111.55954,-7.56722],[111.55969,-7.56689],[111.56093,-7.56722],[111.5613,-7.56766],[111.56259,-7.56784],[111.56316,-7.56866],[111.56324,-7.56979],[111.56417,-7.57019],[111.56485,-7.56873],[111.5665,-7.56906],[111.5667,-7.57082],[111.56734,-7.57049],[111.56776,-7.57129],[111.56723,-7.57175],[111.56749,-7.57254],[111.5683,-7.57267],[111.56875,-7.57381],[111.5693,-7.57422],[111.56935,-7.57478],[111.56946,-7.57414],[111.56855,-7.57258],[111.5678,-7.5724],[111.56751,-7.57194],[111.5681,-7.57112],[111.56715,-7.56999],[111.56737,-7.5697],[111.56788,-7.56988],[111.56782,-7.56943],[111.56921,-7.56856],[111.56864,-7.56829],[111.56899,-7.56756],[111.56836,-7.56692],[111.56904,-7.56605],[111.56867,-7.56558],[111.56917,-7.56519],[111.56911,-7.56456],[111.56953,-7.56473],[111.57041,-7.56438],[111.57187,-7.56516],[111.57562,-7.56616],[111.5756,-7.56653],[111.57604,-7.56679],[111.57619,-7.56631],[111.57816,-7.5669],[111.57855,-7.56646],[111.57864,-7.56695],[111.57954,-7.56715],[111.57955,-7.56753],[111.58062,-7.56808],[111.5815,-7.5682],[111.58165,-7.56769],[111.58303,-7.56806],[111.58351,-7.56758],[111.58159,-7.57477],[111.58214,-7.57499],[111.58257,-7.5743],[111.58351,-7.57017],[111.58449,-7.57032],[111.58473,-7.56972],[111.58633,-7.56959],[111.58581,-7.57132],[111.58624,-7.57147],[111.58617,-7.57197],[111.5867,-7.57201],[111.5865,-7.57301],[111.58682,-7.57307],[111.58622,-7.57431],[111.58858,-7.57503],[111.58967,-7.57572],[111.58943,-7.57654],[111.59008,-7.57723],[111.59129,-7.57775],[111.59135,-7.57827],[111.59183,-7.57865],[111.59315,-7.57908],[111.59329,-7.57951],[111.59388,-7.57976],[111.59377,-7.58071],[111.59298,-7.58121],[111.59371,-7.58166],[111.59364,-7.58191],[111.59445,-7.58279],[111.59582,-7.58329],[111.59751,-7.58303],[111.59957,-7.58422],[111.59995,-7.58391],[111.60092,-7.58425],[111.60378,-7.57731],[111.60502,-7.57795],[111.60758,-7.57638],[111.60706,-7.57555],[111.60714,-7.57453],[111.60685,-7.57445],[111.60707,-7.57365],[111.60612,-7.57335],[111.60637,-7.57226],[111.60678,-7.57237],[111.60696,-7.57128],[111.60822,-7.57133],[111.60823,-7.57063],[111.60893,-7.57059],[111.60944,-7.56777],[111.61157,-7.56736],[111.60966,-7.56575],[111.60989,-7.56489],[111.60854,-7.56461],[111.60812,-7.56358],[111.60815,-7.56187],[111.6085,-7.56142],[111.60904,-7.56166],[111.60967,-7.55999],[111.61096,-7.55972],[111.61122,-7.55937],[111.61099,-7.55897],[111.6122,-7.55825],[111.61298,-7.55851],[111.61438,-7.55833],[111.61518,-7.55893],[111.61512,-7.55936],[111.61551,-7.55945],[111.61555,-7.55923],[111.61726,-7.55932],[111.61732,-7.5585],[111.61773,-7.55854],[111.61788,-7.55811],[111.6187,-7.55814],[111.61997,-7.55902],[111.6206,-7.55889],[111.62099,-7.55825],[111.62137,-7.55838],[111.62234,-7.55637],[111.62332,-7.55666],[111.62358,-7.55609],[111.62391,-7.55621],[111.6241,-7.55573],[111.62379,-7.55556],[111.62412,-7.55469],[111.62474,-7.55482],[111.62559,-7.55427],[111.62585,-7.55306],[111.6261,-7.55317],[111.62655,-7.55077],[111.6302,-7.5507],[111.63029,-7.55001],[111.63076,-7.54994],[111.63097,-7.55065],[111.63244,-7.55052],[111.63246,-7.54763],[111.63287,-7.54682],[111.63211,-7.54596],[111.63243,-7.54556],[111.6323,-7.54514],[111.63155,-7.54519],[111.63161,-7.54477],[111.63209,-7.54475],[111.63178,-7.54419],[111.63217,-7.54386],[111.63095,-7.54385],[111.63111,-7.54309],[111.63354,-7.54341],[111.63387,-7.54221],[111.63366,-7.54107],[111.63521,-7.54127],[111.63535,-7.53957],[111.63987,-7.54012],[111.6403,-7.53981],[111.64067,-7.53881],[111.64003,-7.53862],[111.64075,-7.53622],[111.64017,-7.53614],[111.63998,-7.53543],[111.63949,-7.53547],[111.6389,-7.53476],[111.63823,-7.5351],[111.63562,-7.53494],[111.63619,-7.53406],[111.63644,-7.53276],[111.63676,-7.53255],[111.63667,-7.53121],[111.63585,-7.53087],[111.63582,-7.52991],[111.63523,-7.5295],[111.63573,-7.52799],[111.63618,-7.5279],[111.6366,-7.52858],[111.63685,-7.52843],[111.63614,-7.52706],[111.63411,-7.52639],[111.63418,-7.52742],[111.63348,-7.52777],[111.63196,-7.52721],[111.63183,-7.5257],[111.63091,-7.52461],[111.62988,-7.52448],[111.62957,-7.52474],[111.62771,-7.52424],[111.62745,-7.52365],[111.62802,-7.52289],[111.62806,-7.52186],[111.62912,-7.51964],[111.6289,-7.51923],[111.62925,-7.51912],[111.6295,-7.51828],[111.62858,-7.51773],[111.62871,-7.5173],[111.6283,-7.51714],[111.62841,-7.51528],[111.63065,-7.51455],[111.62877,-7.51175],[111.62455,-7.50731],[111.62411,-7.50801],[111.62201,-7.5073],[111.62189,-7.50754],[111.621,-7.50736],[111.62047,-7.50781],[111.6192,-7.50753],[111.6192,-7.50529],[111.61902,-7.50571],[111.61876,-7.50539],[111.61862,-7.50599],[111.618,-7.50617],[111.61672,-7.50559],[111.61632,-7.50681],[111.61589,-7.50655],[111.61559,-7.50724],[111.61517,-7.50702],[111.61474,-7.50752],[111.61493,-7.50815],[111.61445,-7.50826],[111.61399,-7.50796],[111.61316,-7.50928],[111.61022,-7.50866],[111.61031,-7.50725],[111.60988,-7.50706],[111.60961,-7.50558],[111.61073,-7.50537],[111.61072,-7.50488],[111.61013,-7.5048],[111.61011,-7.50418],[111.60903,-7.50424],[111.60901,-7.5026],[111.60861,-7.50212],[111.60771,-7.50197],[111.60761,-7.50161],[111.60752,-7.49935],[111.60781,-7.49887],[111.60836,-7.49892],[111.6087,-7.49745],[111.60862,-7.4961],[111.6083,-7.49607],[111.60824,-7.49566],[111.60658,-7.49528],[111.60524,-7.49575],[111.60493,-7.49691],[111.60305,-7.49662],[111.60332,-7.4922],[111.60132,-7.4907],[111.59957,-7.4886],[111.59899,-7.48892]]]},"properties":{"KDPKAB":"35.19","KDCPUM":"35.19.10","WADMKK":"Madiun","WADMKC":"Balerejo"}},{"type":"Feature","geometry":{"type":"MultiPolygon","coordinates":[[[[111.64348,-7.52538],[111.64221,-7.52484],[111.64158,-7.52499],[111.64246,-7.52609],[111.64274,-7.52822],[111.64426,-7.52874],[111.64372,-7.53003],[111.64297,-7.53002],[111.64254,-7.53339],[111.64522,-7.53393],[111.64518,-7.53539],[111.64407,-7.53524],[111.64387,-7.5364],[111.6451,-7.53651],[111.64544,-7.53695],[111.64519,-7.53798],[111.64587,-7.53803],[111.64551,-7.5394],[111.6461,-7.54014],[111.6471,-7.54079],[111.65091,-7.54122],[111.65059,-7.54169],[111.65121,-7.54278],[111.65102,-7.54711],[111.65181,-7.54729],[111.65189,-7.54843],[111.65288,-7.54864],[111.65263,-7.55118],[111.65287,-7.55271],[111.65426,-7.55277],[111.65362,-7.55494],[111.65385,-7.55501],[111.65371,-7.55566],[111.65424,-7.55577],[111.65449,-7.5563],[111.65412,-7.5563],[111.6527,-7.56053],[111.65207,-7.56044],[111.65166,-7.56138],[111.65088,-7.56526],[111.65084,-7.56484],[111.64988,-7.56433],[111.6487,-7.56448],[111.64853,-7.56511],[111.64785,-7.56502],[111.64698,-7.56544],[111.6466,-7.56588],[111.64662,-7.56715],[111.6457,-7.56721],[111.64522,-7.56782],[111.64427,-7.5667],[111.64349,-7.56668],[111.6426,-7.56581],[111.64214,-7.56694],[111.64235,-7.56727],[111.64145,-7.56782],[111.64125,-7.56843],[111.64136,-7.56943],[111.64251,-7.57015],[111.64247,-7.5723],[111.64225,-7.57224],[111.64206,-7.57366],[111.64229,-7.57396],[111.64198,-7.57475],[111.64394,-7.57485],[111.64706,-7.58113],[111.64817,-7.58121],[111.64839,-7.57828],[111.64897,-7.57874],[111.64943,-7.57864],[111.64901,-7.5794],[111.6493,-7.57959],[111.64972,-7.57914],[111.64989,-7.57981],[111.64955,-7.58017],[111.64987,-7.58141],[111.64916,-7.58185],[111.64916,-7.58238],[111.64885,-7.58239],[111.6495,-7.58359],[111.64895,-7.58421],[111.64941,-7.58461],[111.64999,-7.58458],[111.6501,-7.58425],[111.65053,-7.58443],[111.65069,-7.5846],[111.65026,-7.58484],[111.65053,-7.58547],[111.65152,-7.58511],[111.65173,-7.58612],[111.65305,-7.58687],[111.65326,-7.58754],[111.653,-7.58812],[111.65337,-7.58885],[111.65245,-7.58962],[111.65284,-7.59029],[111.65203,-7.59116],[111.6524,-7.59193],[111.65305,-7.59237],[111.65306,-7.5936],[111.652,-7.59444],[111.65264,-7.59578],[111.65157,-7.59659],[111.65282,-7.59803],[111.65234,-7.59877],[111.65248,-7.59963],[111.65225,-7.60005],[111.65145,-7.59997],[111.65193,-7.60114],[111.6516,-7.6021],[111.65336,-7.6036],[111.65319,-7.605],[111.65262,-7.60579],[111.65289,-7.6078],[111.65348,-7.60827],[111.65429,-7.60819],[111.65456,-7.60873],[111.65608,-7.60923],[111.6559,-7.6101],[111.65689,-7.60998],[111.65748,-7.61077],[111.65794,-7.61276],[111.6577,-7.61342],[111.65869,-7.6135],[111.65881,-7.61588],[111.65927,-7.61602],[111.65935,-7.61689],[111.66004,-7.61748],[111.66005,-7.61851],[111.65938,-7.61936],[111.65964,-7.62113],[111.66057,-7.62202],[111.66007,-7.62385],[111.66034,-7.62449],[111.66034,-7.62647],[111.6609,-7.62663],[111.66118,-7.62716],[111.66143,-7.62861],[111.6624,-7.63028],[111.66237,-7.63142],[111.66392,-7.63308],[111.66421,-7.63468],[111.66516,-7.63642],[111.66721,-7.63764],[111.66797,-7.64058],[111.6691,-7.64137],[111.66887,-7.64223],[111.67016,-7.64277],[111.67097,-7.64265],[111.67301,-7.64173],[111.67377,-7.64065],[111.67459,-7.64014],[111.67783,-7.6391],[111.67878,-7.63928],[111.68052,-7.64058],[111.68252,-7.64071],[111.6832,-7.64038],[111.68333,-7.63989],[111.68438,-7.63976],[111.68481,-7.63888],[111.68601,-7.63817],[111.68533,-7.6376],[111.68447,-7.63831],[111.68286,-7.63798],[111.68242,-7.63752],[111.68238,-7.6367],[111.68352,-7.63653],[111.68355,-7.63552],[111.68452,-7.63522],[111.68503,-7.6341],[111.6837,-7.63223],[111.68399,-7.6312],[111.68199,-7.62811],[111.6819,-7.62616],[111.68245,-7.6246],[111.68226,-7.62403],[111.68343,-7.62212],[111.68419,-7.62187],[111.68499,-7.6209],[111.68547,-7.61987],[111.68543,-7.61897],[111.68613,-7.61849],[111.68689,-7.61636],[111.68756,-7.61553],[111.68748,-7.61498],[111.68801,-7.61439],[111.68844,-7.61459],[111.6885,-7.61373],[111.6896,-7.6124],[111.69048,-7.61206],[111.69049,-7.61113],[111.69069,-7.61162],[111.69096,-7.6116],[111.69086,-7.6107],[111.69156,-7.6104],[111.69777,-7.61131],[111.69997,-7.61202],[111.70037,-7.61242],[111.70128,-7.61398],[111.70139,-7.61488],[111.70295,-7.61636],[111.70297,-7.6169],[111.70357,-7.61771],[111.70304,-7.61969],[111.7036,-7.62242],[111.70527,-7.62791],[111.70652,-7.62957],[111.70671,-7.63329],[111.70787,-7.635],[111.71158,-7.63478],[111.71416,-7.63386],[111.71473,-7.63319],[111.71515,-7.63179],[111.71448,-7.63027],[111.71457,-7.62891],[111.71278,-7.62703],[111.71245,-7.62564],[111.71265,-7.62528],[111.71208,-7.62479],[111.71209,-7.62437],[111.71155,-7.6245],[111.71124,-7.62413],[111.71167,-7.62375],[111.71124,-7.62262],[111.71162,-7.62174],[111.71111,-7.62119],[111.71149,-7.61995],[111.71105,-7.61837],[111.71053,-7.61784],[111.71086,-7.61718],[111.71078,-7.6118],[111.71102,-7.61124],[111.71053,-7.6095],[111.71126,-7.60849],[111.71185,-7.60672],[111.7116,-7.60585],[111.71219,-7.6048],[111.71179,-7.60391],[111.7118,-7.60292],[111.71226,-7.60134],[111.71042,-7.59913],[111.7102,-7.59803],[111.71038,-7.59727],[111.70976,-7.59659],[111.71006,-7.59487],[111.70933,-7.59378],[111.70974,-7.59306],[111.7094,-7.59234],[111.71027,-7.5914],[111.71018,-7.59041],[111.71048,-7.59026],[111.71096,-7.59057],[111.71194,-7.58997],[111.71219,-7.5884],[111.71271,-7.58825],[111.71277,-7.58758],[111.71391,-7.5873],[111.71401,-7.58584],[111.71344,-7.5856],[111.71277,-7.58368],[111.71278,-7.58319],[111.71336,-7.58255],[111.7134,-7.58163],[111.71265,-7.58073],[111.71401,-7.57991],[111.71418,-7.57926],[111.71382,-7.57833],[111.71431,-7.57756],[111.71422,-7.57698],[111.71345,-7.57603],[111.71341,-7.57478],[111.71287,-7.57417],[111.71332,-7.57344],[111.71259,-7.57268],[111.71271,-7.5721],[111.71231,-7.57178],[111.71246,-7.57046],[111.71198,-7.56991],[111.71246,-7.56935],[111.71205,-7.56862],[111.71261,-7.56795],[111.71202,-7.56724],[111.7126,-7.56715],[111.71244,-7.56605],[111.7129,-7.56567],[111.71201,-7.56509],[111.71237,-7.56376],[111.71204,-7.56326],[111.71248,-7.56293],[111.71192,-7.56195],[111.71264,-7.56103],[111.71232,-7.55925],[111.71168,-7.55863],[111.7119,-7.55765],[111.71128,-7.55755],[111.71128,-7.55694],[111.71036,-7.55661],[111.70993,-7.55556],[111.71093,-7.55529],[111.7108,-7.55427],[111.71036,-7.55384],[111.71027,-7.55233],[111.70747,-7.55323],[111.70529,-7.55353],[111.70112,-7.55347],[111.69616,-7.55286],[111.69007,-7.55017],[111.67782,-7.54891],[111.67771,-7.5484],[111.67612,-7.54802],[111.67553,-7.54898],[111.67275,-7.54899],[111.67259,-7.5479],[111.67336,-7.5477],[111.67317,-7.54681],[111.67385,-7.54512],[111.6771,-7.54602],[111.67822,-7.54359],[111.67877,-7.54152],[111.67839,-7.54183],[111.67777,-7.54145],[111.67657,-7.54171],[111.67623,-7.54064],[111.67547,-7.54083],[111.67482,-7.54025],[111.67423,-7.54066],[111.67238,-7.54093],[111.6717,-7.54074],[111.67127,-7.53995],[111.66919,-7.53995],[111.66908,-7.54021],[111.66959,-7.54033],[111.66986,-7.54178],[111.66985,-7.54261],[111.66957,-7.5428],[111.66842,-7.5426],[111.66723,-7.54154],[111.66605,-7.54141],[111.66469,-7.54205],[111.66342,-7.54122],[111.66308,-7.54035],[111.66256,-7.54001],[111.66285,-7.5391],[111.66265,-7.5385],[111.66117,-7.53867],[111.66026,-7.53768],[111.66134,-7.53734],[111.66101,-7.53636],[111.66121,-7.53558],[111.66188,-7.53535],[111.663,-7.5355],[111.66297,-7.53482],[111.66199,-7.53413],[111.66189,-7.53369],[111.66353,-7.53368],[111.66403,-7.53269],[111.66173,-7.53266],[111.66104,-7.53297],[111.65867,-7.53198],[111.65743,-7.53197],[111.65736,-7.53076],[111.6563,-7.53068],[111.65558,-7.52965],[111.65514,-7.53005],[111.65472,-7.52974],[111.6533,-7.52976],[111.65234,-7.52731],[111.64944,-7.52653],[111.64942,-7.52529],[111.64792,-7.52558],[111.64758,-7.52666],[111.6464,-7.52681],[111.64629,-7.52727],[111.64604,-7.52723],[111.64608,-7.52675],[111.64466,-7.52612],[111.64463,-7.52572],[111.64348,-7.52538]]],[[[111.66091,-7.52446],[111.66096,-7.52425],[111.65927,-7.52401],[111.65915,-7.52473],[111.66067,-7.52501],[111.66012,-7.52533],[111.65946,-7.5252],[111.65942,-7.5257],[111.65978,-7.52697],[111.66092,-7.52714],[111.66053,-7.52867],[111.66241,-7.52793],[111.66263,-7.52676],[111.66237,-7.52552],[111.66256,-7.52477],[111.66091,-7.52446]]]]},"properties":{"KDPKAB":"35.19","KDCPUM":"35.19.11","WADMKK":"Madiun","WADMKC":"Mejayan"}},{"type":"Feature","geometry":{"type":"Polygon","coordinates":[[[111.72314,-7.44619],[111.72032,-7.44656],[111.71743,-7.44834],[111.71835,-7.45064],[111.71809,-7.45105],[111.71689,-7.45158],[111.71659,-7.45202],[111.71678,-7.45269],[111.714,-7.45313],[111.7135,-7.45889],[111.71,-7.46158],[111.70812,-7.46226],[111.70797,-7.464],[111.70759,-7.46481],[111.70688,-7.46565],[111.70598,-7.4656],[111.70569,-7.46982],[111.70601,-7.47286],[111.70433,-7.47478],[111.70227,-7.47564],[111.69833,-7.47836],[111.69824,-7.4806],[111.69744,-7.4823],[111.69618,-7.48328],[111.69709,-7.48403],[111.69785,-7.48406],[111.69819,-7.48334],[111.69813,-7.48473],[111.69885,-7.48469],[111.69885,-7.48532],[111.6997,-7.48503],[111.69978,-7.48538],[111.69927,-7.48573],[111.69873,-7.48695],[111.69989,-7.48718],[111.69957,-7.48775],[111.69992,-7.48809],[111.70063,-7.48785],[111.70022,-7.48832],[111.69931,-7.48847],[111.70039,-7.48884],[111.6997,-7.49151],[111.69521,-7.49011],[111.69409,-7.48931],[111.69294,-7.48772],[111.69273,-7.48791],[111.692,-7.48902],[111.69247,-7.48922],[111.69334,-7.49151],[111.69295,-7.49202],[111.69255,-7.49187],[111.69239,-7.49212],[111.69162,-7.49175],[111.69128,-7.49206],[111.6913,-7.49307],[111.69081,-7.4931],[111.6897,-7.49431],[111.69021,-7.49473],[111.69075,-7.49459],[111.6904,-7.49528],[111.6907,-7.49573],[111.68856,-7.4985],[111.68804,-7.50117],[111.68712,-7.50354],[111.68725,-7.50407],[111.68676,-7.50449],[111.68632,-7.50567],[111.68657,-7.50651],[111.68332,-7.50767],[111.6826,-7.50867],[111.68067,-7.5088],[111.68035,-7.50934],[111.67948,-7.50891],[111.67911,-7.50965],[111.67704,-7.5088],[111.67688,-7.50785],[111.67711,-7.50729],[111.67618,-7.50736],[111.67623,-7.50874],[111.67583,-7.51003],[111.6762,-7.51005],[111.67623,-7.51048],[111.67504,-7.5109],[111.67484,-7.51164],[111.67506,-7.51233],[111.6759,-7.51254],[111.67663,-7.51634],[111.67712,-7.51739],[111.67745,-7.51736],[111.67736,-7.518],[111.67803,-7.51835],[111.67791,-7.51867],[111.67742,-7.51852],[111.6771,-7.51891],[111.67586,-7.51821],[111.67569,-7.51861],[111.67545,-7.51853],[111.67556,-7.51819],[111.67466,-7.51805],[111.67264,-7.5183],[111.67194,-7.51976],[111.67195,-7.52118],[111.67109,-7.52492],[111.67038,-7.52532],[111.66972,-7.52473],[111.66974,-7.52384],[111.66924,-7.52368],[111.66955,-7.52293],[111.66924,-7.52288],[111.66878,-7.52366],[111.66884,-7.52419],[111.668,-7.5241],[111.66764,-7.52457],[111.66739,-7.52595],[111.66691,-7.52621],[111.6662,-7.52609],[111.66619,-7.5251],[111.66484,-7.52511],[111.6639,-7.52658],[111.66316,-7.52635],[111.66262,-7.52669],[111.66241,-7.52793],[111.66053,-7.52867],[111.66001,-7.53074],[111.65948,-7.53082],[111.65917,-7.53224],[111.66104,-7.53297],[111.66351,-7.53254],[111.66408,-7.53287],[111.66353,-7.53368],[111.66189,-7.53369],[111.66199,-7.53413],[111.66297,-7.53482],[111.663,-7.5355],[111.66188,-7.53535],[111.66121,-7.53558],[111.66101,-7.53636],[111.66134,-7.53734],[111.66026,-7.53768],[111.66117,-7.53867],[111.66265,-7.5385],[111.66285,-7.5391],[111.66256,-7.54001],[111.66308,-7.54035],[111.66342,-7.54122],[111.66469,-7.54205],[111.66605,-7.54141],[111.66723,-7.54154],[111.66842,-7.5426],[111.66938,-7.54282],[111.66985,-7.54261],[111.6699,-7.54213],[111.66959,-7.54033],[111.66908,-7.54021],[111.66919,-7.53995],[111.67127,-7.53995],[111.6717,-7.54074],[111.67238,-7.54093],[111.67423,-7.54066],[111.67482,-7.54025],[111.67547,-7.54083],[111.67623,-7.54064],[111.67657,-7.54171],[111.67777,-7.54145],[111.67839,-7.54183],[111.67877,-7.54152],[111.67822,-7.54359],[111.6771,-7.54602],[111.67385,-7.54512],[111.67317,-7.54681],[111.67336,-7.5477],[111.67259,-7.5479],[111.67275,-7.54899],[111.67553,-7.54898],[111.67612,-7.54802],[111.67771,-7.5484],[111.67782,-7.54891],[111.69007,-7.55017],[111.69616,-7.55286],[111.70112,-7.55347],[111.70529,-7.55353],[111.70747,-7.55323],[111.71027,-7.55233],[111.71036,-7.55384],[111.7108,-7.55427],[111.71093,-7.55529],[111.70993,-7.55556],[111.71036,-7.55661],[111.71128,-7.55694],[111.71128,-7.55755],[111.7119,-7.55765],[111.71168,-7.55863],[111.71232,-7.55925],[111.71264,-7.56103],[111.71192,-7.56195],[111.71248,-7.56293],[111.71204,-7.56326],[111.71237,-7.56376],[111.71201,-7.56509],[111.7129,-7.56567],[111.71244,-7.56605],[111.7126,-7.56715],[111.71202,-7.56724],[111.71261,-7.56795],[111.71205,-7.56862],[111.71246,-7.56935],[111.71198,-7.56991],[111.71246,-7.57046],[111.71231,-7.57178],[111.71271,-7.5721],[111.71259,-7.57268],[111.71332,-7.57344],[111.71287,-7.57417],[111.71341,-7.57478],[111.71344,-7.57583],[111.72186,-7.57677],[111.7264,-7.57785],[111.73155,-7.57853],[111.73278,-7.5822],[111.73563,-7.58274],[111.74238,-7.5825],[111.74149,-7.58509],[111.74361,-7.58632],[111.7428,-7.58851],[111.74829,-7.59007],[111.74869,-7.58779],[111.74913,-7.58741],[111.74856,-7.58631],[111.74904,-7.58576],[111.74898,-7.58414],[111.75011,-7.58348],[111.7498,-7.5821],[111.75066,-7.58147],[111.75287,-7.58165],[111.75563,-7.58281],[111.75633,-7.58247],[111.75733,-7.58248],[111.75757,-7.5824],[111.75775,-7.57894],[111.75823,-7.57864],[111.75878,-7.5789],[111.75935,-7.57872],[111.75997,-7.57946],[111.76016,-7.57858],[111.76093,-7.5792],[111.76167,-7.57919],[111.76291,-7.57871],[111.7633,-7.57822],[111.77213,-7.57668],[111.77833,-7.57347],[111.77762,-7.57239],[111.7778,-7.57182],[111.77942,-7.57174],[111.77956,-7.57108],[111.78036,-7.57029],[111.78099,-7.56975],[111.78191,-7.56955],[111.78122,-7.56882],[111.78197,-7.56863],[111.78269,-7.56782],[111.77997,-7.56633],[111.77594,-7.56509],[111.77473,-7.56315],[111.77466,-7.56191],[111.77649,-7.56213],[111.77643,-7.56068],[111.78073,-7.56161],[111.78351,-7.56266],[111.78805,-7.56225],[111.79053,-7.56139],[111.79405,-7.56167],[111.80081,-7.5597],[111.80164,-7.55787],[111.80153,-7.5566],[111.80224,-7.55707],[111.80251,-7.55683],[111.80191,-7.556],[111.80202,-7.55557],[111.80261,-7.55517],[111.80418,-7.55487],[111.8036,-7.55402],[111.80336,-7.55171],[111.80299,-7.55133],[111.80306,-7.55006],[111.80281,-7.54944],[111.80204,-7.54897],[111.80229,-7.5486],[111.8029,-7.54879],[111.80312,-7.54859],[111.803,-7.54742],[111.80373,-7.54786],[111.80446,-7.54767],[111.80378,-7.5473],[111.80477,-7.54706],[111.80411,-7.54613],[111.80419,-7.54557],[111.80613,-7.54466],[111.80673,-7.54356],[111.80759,-7.54415],[111.8102,-7.54343],[111.81188,-7.54199],[111.81437,-7.54193],[111.81516,-7.54217],[111.81581,-7.54284],[111.81515,-7.54445],[111.81563,-7.54627],[111.81585,-7.54659],[111.81687,-7.54671],[111.81733,-7.54825],[111.81763,-7.54843],[111.81909,-7.54819],[111.82101,-7.54696],[111.82234,-7.54664],[111.82403,-7.54491],[111.82559,-7.54456],[111.82682,-7.54566],[111.82793,-7.54582],[111.82908,-7.54648],[111.83136,-7.5486],[111.83324,-7.54868],[111.83397,-7.54665],[111.83564,-7.54508],[111.83674,-7.54312],[111.83818,-7.54195],[111.83878,-7.54037],[111.83922,-7.53659],[111.83827,-7.53299],[111.8379,-7.5286],[111.8392,-7.52493],[111.84038,-7.51924],[111.84219,-7.51652],[111.84327,-7.5139],[111.84579,-7.51305],[111.84708,-7.51068],[111.84932,-7.50959],[111.8497,-7.50822],[111.84958,-7.50722],[111.84896,-7.50658],[111.84752,-7.50607],[111.84693,-7.5041],[111.84578,-7.50303],[111.84448,-7.50288],[111.84284,-7.50349],[111.84058,-7.50309],[111.83916,-7.50046],[111.83912,-7.49918],[111.8386,-7.49803],[111.83417,-7.49751],[111.8302,-7.49572],[111.82596,-7.49551],[111.82508,-7.49466],[111.82524,-7.49319],[111.82398,-7.49188],[111.82247,-7.4883],[111.82038,-7.48658],[111.81863,-7.48305],[111.81858,-7.47763],[111.81991,-7.47619],[111.82139,-7.47535],[111.82188,-7.47423],[111.82149,-7.47257],[111.82038,-7.47181],[111.82007,-7.47121],[111.81885,-7.47069],[111.81781,-7.46943],[111.81771,-7.4687],[111.81696,-7.46816],[111.81615,-7.46622],[111.81531,-7.4651],[111.81364,-7.46399],[111.81338,-7.46324],[111.80674,-7.46049],[111.80379,-7.45973],[111.80226,-7.45968],[111.8008,-7.46046],[111.80041,-7.4611],[111.79839,-7.46103],[111.79704,-7.46133],[111.7823,-7.46646],[111.77808,-7.46749],[111.77373,-7.46933],[111.77046,-7.46964],[111.76731,-7.46876],[111.76612,-7.46775],[111.76537,-7.46784],[111.76529,-7.46729],[111.76334,-7.46683],[111.76284,-7.46588],[111.7618,-7.46576],[111.75909,-7.46407],[111.75746,-7.46195],[111.75558,-7.4616],[111.75522,-7.4608],[111.75436,-7.4608],[111.75305,-7.45954],[111.75112,-7.45929],[111.75047,-7.45853],[111.75,-7.4585],[111.74902,-7.45702],[111.74586,-7.45477],[111.7422,-7.45392],[111.73731,-7.4509],[111.73361,-7.44984],[111.72835,-7.44924],[111.72718,-7.44885],[111.72314,-7.44619]]]},"properties":{"KDPKAB":"35.19","KDCPUM":"35.19.12","WADMKK":"Madiun","WADMKC":"Saradan"}},{"type":"Feature","geometry":{"type":"Polygon","coordinates":[[[111.69154,-7.42264],[111.68454,-7.41662],[111.67644,-7.41193],[111.67361,-7.41066],[111.67351,-7.41182],[111.67249,-7.41384],[111.67167,-7.41427],[111.67113,-7.41519],[111.6701,-7.41596],[111.66996,-7.4167],[111.67032,-7.41829],[111.67001,-7.41968],[111.66959,-7.42003],[111.66976,-7.42072],[111.66803,-7.42151],[111.66834,-7.42188],[111.66846,-7.42316],[111.66774,-7.42335],[111.66732,-7.42294],[111.66679,-7.42373],[111.66569,-7.42325],[111.66556,-7.42392],[111.66411,-7.42397],[111.66346,-7.42461],[111.66361,-7.42408],[111.66335,-7.42398],[111.6612,-7.42596],[111.66114,-7.42622],[111.66159,-7.42645],[111.66127,-7.42695],[111.66085,-7.42681],[111.65966,-7.42722],[111.65997,-7.42807],[111.65905,-7.43076],[111.65924,-7.43145],[111.65858,-7.43202],[111.65843,-7.43361],[111.65698,-7.4347],[111.65684,-7.43555],[111.65556,-7.43587],[111.65487,-7.4367],[111.65522,-7.43851],[111.65282,-7.43863],[111.65219,-7.43831],[111.65184,-7.43875],[111.65123,-7.43835],[111.65061,-7.43867],[111.65117,-7.43989],[111.65169,-7.44029],[111.65141,-7.44173],[111.65194,-7.44407],[111.65238,-7.44467],[111.65081,-7.44584],[111.65099,-7.44769],[111.65148,-7.448],[111.65167,-7.44951],[111.65224,-7.45031],[111.65169,-7.45063],[111.65168,-7.45101],[111.65067,-7.45055],[111.65067,-7.45119],[111.65002,-7.45132],[111.64919,-7.45039],[111.6487,-7.45108],[111.64708,-7.45096],[111.6454,-7.45136],[111.64427,-7.45107],[111.64382,-7.45188],[111.64178,-7.45098],[111.64155,-7.45173],[111.64178,-7.45187],[111.64141,-7.45259],[111.64188,-7.45322],[111.6424,-7.45336],[111.64217,-7.45481],[111.6403,-7.45794],[111.64009,-7.45982],[111.63907,-7.45955],[111.63772,-7.46046],[111.63755,-7.46134],[111.63679,-7.46178],[111.63732,-7.46243],[111.63714,-7.46278],[111.63659,-7.46289],[111.63635,-7.46247],[111.63565,-7.46259],[111.63545,-7.46169],[111.63488,-7.46193],[111.63443,-7.4615],[111.63365,-7.46215],[111.63251,-7.46221],[111.63153,-7.46295],[111.63143,-7.46388],[111.63013,-7.46299],[111.62905,-7.46334],[111.62748,-7.46528],[111.62751,-7.46584],[111.62681,-7.46713],[111.62592,-7.46737],[111.62355,-7.46722],[111.62274,-7.46881],[111.62189,-7.46837],[111.62163,-7.46748],[111.62184,-7.46695],[111.62057,-7.46675],[111.61945,-7.46557],[111.61825,-7.46526],[111.61729,-7.46538],[111.61644,-7.46477],[111.61529,-7.4652],[111.61493,-7.46593],[111.61295,-7.46626],[111.61256,-7.46704],[111.61489,-7.46752],[111.61481,-7.468],[111.61427,-7.46829],[111.61434,-7.46864],[111.61236,-7.46902],[111.61193,-7.47079],[111.61116,-7.47208],[111.61092,-7.47325],[111.61052,-7.47356],[111.61048,-7.47607],[111.61015,-7.47635],[111.60896,-7.47564],[111.60854,-7.47672],[111.60856,-7.4779],[111.60745,-7.47881],[111.60688,-7.47852],[111.60715,-7.47695],[111.60671,-7.47557],[111.60617,-7.47557],[111.60492,-7.47677],[111.60398,-7.47918],[111.60474,-7.48027],[111.60288,-7.48034],[111.60248,-7.48084],[111.60301,-7.48199],[111.60286,-7.48253],[111.60375,-7.48331],[111.60376,-7.48374],[111.60276,-7.48378],[111.60224,-7.48283],[111.60096,-7.48253],[111.60028,-7.48269],[111.60064,-7.48522],[111.60218,-7.48445],[111.60291,-7.48491],[111.6022,-7.48596],[111.60156,-7.48631],[111.59977,-7.48631],[111.5995,-7.48666],[111.60001,-7.48776],[111.59957,-7.4886],[111.60132,-7.4907],[111.60332,-7.4922],[111.60305,-7.49662],[111.60493,-7.49691],[111.60524,-7.49575],[111.60658,-7.49528],[111.60824,-7.49566],[111.6083,-7.49607],[111.60862,-7.4961],[111.6087,-7.49745],[111.60836,-7.49892],[111.60781,-7.49887],[111.60752,-7.49935],[111.60761,-7.50161],[111.60771,-7.50197],[111.60861,-7.50212],[111.60901,-7.5026],[111.60903,-7.50424],[111.61011,-7.50418],[111.61013,-7.5048],[111.61072,-7.50488],[111.61073,-7.50537],[111.60961,-7.50558],[111.60988,-7.50706],[111.61031,-7.50725],[111.61022,-7.50866],[111.61316,-7.50928],[111.61399,-7.50796],[111.61445,-7.50826],[111.61493,-7.50815],[111.61474,-7.50752],[111.61517,-7.50702],[111.61559,-7.50724],[111.61589,-7.50655],[111.61632,-7.50681],[111.61672,-7.50559],[111.618,-7.50617],[111.61862,-7.50599],[111.61876,-7.50539],[111.61902,-7.50571],[111.6192,-7.50529],[111.61922,-7.50754],[111.62047,-7.50781],[111.621,-7.50736],[111.62189,-7.50754],[111.62201,-7.5073],[111.62411,-7.50801],[111.62455,-7.50731],[111.62877,-7.51175],[111.63065,-7.51455],[111.62841,-7.51528],[111.6283,-7.51714],[111.62871,-7.5173],[111.62858,-7.51773],[111.6295,-7.51828],[111.62925,-7.51912],[111.6289,-7.51923],[111.62912,-7.51964],[111.62806,-7.52186],[111.62802,-7.52289],[111.62745,-7.52365],[111.62819,-7.52456],[111.63091,-7.52461],[111.63183,-7.5257],[111.63202,-7.52727],[111.63388,-7.52769],[111.63425,-7.5272],[111.63414,-7.52639],[111.63577,-7.52674],[111.63649,-7.5275],[111.63688,-7.52694],[111.63762,-7.52721],[111.63828,-7.52624],[111.63907,-7.52637],[111.63922,-7.52556],[111.63998,-7.52617],[111.64091,-7.52566],[111.64151,-7.52577],[111.64184,-7.5268],[111.64246,-7.52688],[111.64246,-7.52609],[111.64159,-7.5252],[111.64198,-7.5248],[111.64463,-7.52572],[111.64466,-7.52612],[111.64608,-7.52675],[111.64604,-7.52723],[111.64629,-7.52727],[111.6464,-7.52681],[111.64758,-7.52666],[111.64792,-7.52558],[111.64942,-7.52529],[111.64944,-7.52653],[111.65234,-7.52731],[111.6533,-7.52976],[111.65472,-7.52974],[111.65514,-7.53005],[111.65558,-7.52965],[111.6563,-7.53068],[111.65736,-7.53076],[111.65743,-7.53197],[111.65917,-7.53224],[111.65948,-7.53082],[111.66001,-7.53074],[111.66092,-7.52714],[111.65978,-7.52697],[111.65946,-7.5252],[111.66012,-7.52533],[111.66067,-7.52501],[111.65915,-7.52473],[111.65927,-7.52401],[111.66256,-7.52477],[111.66246,-7.52667],[111.66316,-7.52635],[111.66373,-7.52664],[111.66455,-7.52592],[111.66484,-7.52511],[111.66619,-7.5251],[111.6662,-7.52609],[111.66691,-7.52621],[111.66739,-7.52595],[111.66764,-7.52457],[111.668,-7.5241],[111.66884,-7.52419],[111.66878,-7.52366],[111.66924,-7.52288],[111.66955,-7.52293],[111.66924,-7.52368],[111.66974,-7.52384],[111.66972,-7.52473],[111.67046,-7.52532],[111.67111,-7.5249],[111.67195,-7.52118],[111.67194,-7.51976],[111.67253,-7.51839],[111.67466,-7.51805],[111.67556,-7.51819],[111.67545,-7.51853],[111.67569,-7.51861],[111.67586,-7.51821],[111.6771,-7.51891],[111.67742,-7.51852],[111.67791,-7.51867],[111.67803,-7.51835],[111.67736,-7.518],[111.67745,-7.51736],[111.67712,-7.51739],[111.67663,-7.51634],[111.6759,-7.51254],[111.67506,-7.51233],[111.67484,-7.51164],[111.67504,-7.5109],[111.67623,-7.51048],[111.6762,-7.51005],[111.67583,-7.51003],[111.67623,-7.50874],[111.67618,-7.50736],[111.67711,-7.50729],[111.67688,-7.50785],[111.67704,-7.5088],[111.67911,-7.50965],[111.67948,-7.50891],[111.68035,-7.50934],[111.68067,-7.5088],[111.6826,-7.50867],[111.68332,-7.50767],[111.68657,-7.50651],[111.68632,-7.50567],[111.68676,-7.50449],[111.68725,-7.50407],[111.68712,-7.50354],[111.68804,-7.50117],[111.68856,-7.4985],[111.6907,-7.49573],[111.6904,-7.49528],[111.69075,-7.49459],[111.69021,-7.49473],[111.6897,-7.49431],[111.69081,-7.4931],[111.6913,-7.49307],[111.69128,-7.49206],[111.69162,-7.49175],[111.69239,-7.49212],[111.69255,-7.49187],[111.69295,-7.49202],[111.69334,-7.49151],[111.69247,-7.48922],[111.692,-7.48902],[111.69252,-7.48812],[111.69294,-7.48772],[111.69409,-7.48931],[111.69521,-7.49011],[111.6997,-7.49151],[111.70039,-7.48884],[111.69931,-7.48847],[111.70022,-7.48832],[111.70063,-7.48785],[111.69992,-7.48809],[111.69957,-7.48775],[111.69989,-7.48718],[111.69873,-7.48695],[111.69927,-7.48573],[111.69978,-7.48538],[111.6997,-7.48503],[111.69885,-7.48532],[111.69885,-7.48469],[111.69813,-7.48473],[111.69819,-7.48334],[111.69785,-7.48406],[111.69709,-7.48403],[111.69618,-7.48328],[111.69744,-7.4823],[111.69824,-7.4806],[111.69833,-7.47836],[111.70227,-7.47564],[111.70433,-7.47478],[111.70601,-7.47286],[111.70569,-7.46982],[111.70598,-7.4656],[111.70688,-7.46565],[111.70759,-7.46481],[111.70797,-7.464],[111.70812,-7.46226],[111.71,-7.46158],[111.7135,-7.45889],[111.714,-7.45313],[111.71678,-7.45269],[111.71659,-7.45202],[111.71689,-7.45158],[111.71809,-7.45105],[111.71835,-7.45064],[111.71743,-7.44834],[111.72032,-7.44656],[111.72314,-7.44619],[111.71619,-7.44289],[111.71339,-7.43917],[111.71086,-7.43665],[111.70551,-7.43308],[111.69154,-7.42264]]]},"properties":{"KDPKAB":"35.19","KDCPUM":"35.19.13","WADMKK":"Madiun","WADMKC":"Pilangkenceng"}},{"type":"Feature","geometry":{"type":"Polygon","coordinates":[[[111.54399,-7.53789],[111.54327,-7.53765],[111.54357,-7.53715],[111.54109,-7.53585],[111.54033,-7.53678],[111.54049,-7.53753],[111.54025,-7.53793],[111.53895,-7.53788],[111.53831,-7.53843],[111.53605,-7.53819],[111.53554,-7.54076],[111.53575,-7.54309],[111.53548,-7.54537],[111.53471,-7.54563],[111.53355,-7.54529],[111.53333,-7.54559],[111.53278,-7.54555],[111.5321,-7.5469],[111.53021,-7.54671],[111.52614,-7.54474],[111.52473,-7.54444],[111.52398,-7.54323],[111.52444,-7.54105],[111.52408,-7.54058],[111.52241,-7.54027],[111.52292,-7.53859],[111.52274,-7.53836],[111.52195,-7.53855],[111.52145,-7.53834],[111.52119,-7.53961],[111.51966,-7.53959],[111.519,-7.54003],[111.51814,-7.54011],[111.51555,-7.53912],[111.51483,-7.53925],[111.51143,-7.53833],[111.50915,-7.54421],[111.50832,-7.54603],[111.50798,-7.54599],[111.50788,-7.54637],[111.50835,-7.54649],[111.50789,-7.5474],[111.51101,-7.54827],[111.51278,-7.54984],[111.51414,-7.55019],[111.51457,-7.55128],[111.51371,-7.55151],[111.51345,-7.55359],[111.51002,-7.55255],[111.50544,-7.55236],[111.50506,-7.55267],[111.50419,-7.55269],[111.50374,-7.55299],[111.50401,-7.55471],[111.50356,-7.55478],[111.50296,-7.55613],[111.50359,-7.55753],[111.5028,-7.55767],[111.50238,-7.55743],[111.50206,-7.55661],[111.50158,-7.55664],[111.50155,-7.55727],[111.50199,-7.55756],[111.50147,-7.55869],[111.50092,-7.55877],[111.50042,-7.5603],[111.50059,-7.56072],[111.50041,-7.56062],[111.49995,-7.56152],[111.49987,-7.56209],[111.50027,-7.5623],[111.49965,-7.56269],[111.49961,-7.56343],[111.5002,-7.56385],[111.49999,-7.56442],[111.49961,-7.56449],[111.49975,-7.56521],[111.49996,-7.56542],[111.50079,-7.56448],[111.50112,-7.56452],[111.50137,-7.56517],[111.5005,-7.56591],[111.50058,-7.56732],[111.49991,-7.5675],[111.49949,-7.56848],[111.50164,-7.56945],[111.50155,-7.57058],[111.50203,-7.57094],[111.50162,-7.57182],[111.502,-7.57238],[111.50111,-7.57307],[111.50111,-7.57344],[111.50257,-7.57361],[111.50185,-7.57563],[111.5022,-7.57583],[111.50153,-7.57914],[111.50298,-7.57962],[111.50293,-7.58085],[111.50327,-7.58094],[111.50269,-7.58318],[111.50069,-7.58291],[111.49967,-7.58565],[111.49777,-7.58766],[111.49969,-7.58881],[111.50325,-7.58954],[111.50338,-7.58782],[111.50308,-7.58759],[111.50329,-7.58659],[111.50378,-7.58624],[111.50401,-7.58536],[111.50509,-7.58564],[111.50478,-7.58662],[111.50675,-7.58756],[111.50667,-7.58796],[111.50895,-7.58859],[111.50883,-7.58913],[111.51134,-7.58979],[111.51309,-7.58968],[111.51398,-7.58992],[111.51485,-7.59073],[111.51574,-7.59059],[111.51603,-7.59133],[111.51645,-7.59154],[111.51642,-7.59198],[111.51704,-7.59239],[111.51674,-7.59335],[111.5182,-7.59419],[111.51927,-7.59406],[111.52054,-7.59458],[111.52025,-7.59553],[111.52076,-7.59566],[111.5204,-7.59715],[111.52396,-7.59856],[111.52642,-7.59903],[111.52751,-7.59922],[111.52788,-7.59823],[111.53281,-7.59987],[111.53405,-7.59953],[111.53434,-7.59975],[111.5329,-7.59616],[111.53371,-7.59468],[111.53569,-7.59317],[111.53597,-7.59237],[111.53529,-7.59143],[111.53241,-7.58988],[111.53203,-7.58925],[111.53203,-7.58847],[111.53247,-7.588],[111.5335,-7.5888],[111.53578,-7.58973],[111.53641,-7.58968],[111.5367,-7.58927],[111.53695,-7.58848],[111.53665,-7.58774],[111.53454,-7.58769],[111.53288,-7.58694],[111.53326,-7.58521],[111.53418,-7.58522],[111.53461,-7.58278],[111.53518,-7.58143],[111.53734,-7.57887],[111.53664,-7.57609],[111.53697,-7.57589],[111.53708,-7.57516],[111.53829,-7.57419],[111.53831,-7.57481],[111.53895,-7.5747],[111.5386,-7.57353],[111.53723,-7.57268],[111.53635,-7.57084],[111.53634,-7.56999],[111.53733,-7.56897],[111.54063,-7.56713],[111.54099,-7.56589],[111.54021,-7.56456],[111.53709,-7.56278],[111.53642,-7.56179],[111.5363,-7.56087],[111.53701,-7.55969],[111.54036,-7.55789],[111.54076,-7.5554],[111.54137,-7.55593],[111.5423,-7.55613],[111.54323,-7.55532],[111.54317,-7.55475],[111.54279,-7.55446],[111.5407,-7.55404],[111.54082,-7.55177],[111.54058,-7.55128],[111.53861,-7.55055],[111.53909,-7.54948],[111.54172,-7.54899],[111.54616,-7.5506],[111.54796,-7.54988],[111.54915,-7.54828],[111.54913,-7.54686],[111.54863,-7.54613],[111.54778,-7.54562],[111.54521,-7.545],[111.54453,-7.54394],[111.54494,-7.54315],[111.5481,-7.54233],[111.54821,-7.53892],[111.54566,-7.53935],[111.54522,-7.53924],[111.54524,-7.53849],[111.54399,-7.53789]]]},"properties":{"KDPKAB":"35.19","KDCPUM":"35.19.14","WADMKK":"Madiun","WADMKC":"Sawahan"}},{"type":"Feature","geometry":{"type":"Polygon","coordinates":[[[111.63988,-7.52615],[111.63917,-7.52557],[111.63907,-7.52637],[111.63828,-7.52624],[111.63762,-7.52721],[111.63688,-7.52694],[111.63643,-7.52749],[111.63677,-7.52857],[111.63618,-7.5279],[111.63573,-7.52799],[111.63523,-7.5295],[111.63582,-7.52991],[111.63585,-7.53087],[111.63667,-7.53121],[111.63676,-7.53255],[111.63644,-7.53276],[111.63619,-7.53406],[111.63562,-7.53494],[111.63823,-7.5351],[111.6389,-7.53476],[111.63949,-7.53547],[111.63998,-7.53543],[111.64017,-7.53614],[111.64075,-7.53622],[111.64003,-7.53862],[111.64067,-7.53881],[111.64054,-7.53933],[111.63962,-7.54017],[111.63535,-7.53957],[111.63521,-7.54127],[111.63366,-7.54107],[111.63387,-7.54221],[111.63354,-7.54341],[111.63111,-7.54309],[111.63095,-7.54385],[111.63217,-7.54386],[111.63178,-7.54419],[111.63209,-7.54475],[111.63161,-7.54477],[111.63155,-7.54519],[111.6323,-7.54514],[111.63243,-7.54556],[111.63211,-7.54596],[111.63287,-7.54682],[111.63246,-7.54763],[111.63244,-7.55052],[111.63097,-7.55065],[111.63076,-7.54994],[111.63029,-7.55001],[111.6302,-7.5507],[111.62655,-7.55077],[111.6261,-7.55317],[111.62585,-7.55306],[111.62559,-7.55427],[111.62474,-7.55482],[111.62412,-7.55469],[111.62379,-7.55556],[111.6241,-7.55573],[111.62391,-7.55621],[111.62358,-7.55609],[111.62332,-7.55666],[111.62234,-7.55637],[111.62137,-7.55838],[111.62099,-7.55825],[111.6206,-7.55889],[111.61997,-7.55902],[111.6187,-7.55814],[111.61788,-7.55811],[111.61773,-7.55854],[111.61732,-7.5585],[111.61726,-7.55932],[111.61555,-7.55923],[111.61551,-7.55945],[111.61512,-7.55936],[111.61518,-7.55893],[111.61438,-7.55833],[111.61298,-7.55851],[111.6122,-7.55825],[111.61099,-7.55897],[111.61122,-7.55937],[111.61096,-7.55972],[111.60967,-7.55999],[111.60904,-7.56166],[111.6085,-7.56142],[111.60815,-7.56187],[111.60812,-7.56358],[111.60854,-7.56461],[111.60989,-7.56489],[111.60966,-7.56575],[111.61157,-7.56736],[111.60944,-7.56777],[111.60893,-7.57059],[111.60823,-7.57063],[111.60822,-7.57133],[111.60696,-7.57128],[111.60678,-7.57237],[111.60637,-7.57226],[111.60612,-7.57335],[111.60707,-7.57365],[111.60685,-7.57445],[111.60714,-7.57453],[111.60706,-7.57555],[111.60758,-7.57638],[111.60502,-7.57795],[111.60378,-7.57731],[111.60288,-7.57898],[111.60091,-7.58429],[111.60211,-7.58499],[111.60175,-7.58559],[111.60238,-7.58654],[111.60187,-7.58693],[111.60175,-7.58769],[111.60054,-7.58766],[111.60075,-7.58777],[111.60034,-7.58848],[111.60026,-7.58961],[111.59978,-7.58952],[111.59959,-7.58984],[111.60017,-7.59065],[111.59987,-7.59153],[111.60029,-7.59167],[111.59968,-7.59187],[111.599,-7.59377],[111.59982,-7.59424],[111.59967,-7.59454],[111.60019,-7.59472],[111.60009,-7.59513],[111.60253,-7.59668],[111.60201,-7.59882],[111.60414,-7.60025],[111.60535,-7.60154],[111.60305,-7.60345],[111.60363,-7.60451],[111.60412,-7.60437],[111.60424,-7.60361],[111.60532,-7.60336],[111.60549,-7.6046],[111.60615,-7.60399],[111.61113,-7.6073],[111.61387,-7.61072],[111.62127,-7.61313],[111.62315,-7.61423],[111.62377,-7.61508],[111.626,-7.61683],[111.62804,-7.61999],[111.64064,-7.63621],[111.64093,-7.63774],[111.64206,-7.64055],[111.64359,-7.64354],[111.64645,-7.64628],[111.65043,-7.64269],[111.65222,-7.64241],[111.64792,-7.63937],[111.6463,-7.63339],[111.64725,-7.63383],[111.64849,-7.63508],[111.65225,-7.63654],[111.65385,-7.63773],[111.65636,-7.63847],[111.65673,-7.63837],[111.65551,-7.63449],[111.6578,-7.63593],[111.6588,-7.6375],[111.6599,-7.63746],[111.66101,-7.6405],[111.66196,-7.6419],[111.66272,-7.64098],[111.66424,-7.64038],[111.66529,-7.63923],[111.66548,-7.63789],[111.66636,-7.63718],[111.66516,-7.63642],[111.66421,-7.63468],[111.66392,-7.63308],[111.66237,-7.63142],[111.6624,-7.63028],[111.66143,-7.62861],[111.66118,-7.62716],[111.6609,-7.62663],[111.66034,-7.62647],[111.66034,-7.62449],[111.66007,-7.62385],[111.66057,-7.62202],[111.65964,-7.62113],[111.65938,-7.61936],[111.66005,-7.61851],[111.66004,-7.61748],[111.65935,-7.61689],[111.65927,-7.61602],[111.65881,-7.61588],[111.65869,-7.6135],[111.6577,-7.61342],[111.65794,-7.61276],[111.65748,-7.61077],[111.65689,-7.60998],[111.6559,-7.6101],[111.65608,-7.60923],[111.65456,-7.60873],[111.65429,-7.60819],[111.65348,-7.60827],[111.65289,-7.6078],[111.65262,-7.60579],[111.65319,-7.605],[111.65336,-7.6036],[111.6516,-7.6021],[111.65193,-7.60114],[111.65145,-7.59997],[111.65225,-7.60005],[111.65248,-7.59963],[111.65234,-7.59877],[111.65282,-7.59803],[111.65157,-7.59659],[111.65264,-7.59578],[111.652,-7.59444],[111.65306,-7.5936],[111.65305,-7.59237],[111.6524,-7.59193],[111.65203,-7.59116],[111.65284,-7.59029],[111.65245,-7.58962],[111.65337,-7.58885],[111.653,-7.58812],[111.65326,-7.58754],[111.65305,-7.58687],[111.65173,-7.58612],[111.65152,-7.58511],[111.65053,-7.58547],[111.65026,-7.58484],[111.65069,-7.5846],[111.65053,-7.58443],[111.6501,-7.58425],[111.64999,-7.58458],[111.64941,-7.58461],[111.64895,-7.58421],[111.6495,-7.58359],[111.64885,-7.58239],[111.64916,-7.58238],[111.64916,-7.58185],[111.64987,-7.58141],[111.64955,-7.58017],[111.64989,-7.57981],[111.64972,-7.57914],[111.6493,-7.57959],[111.64901,-7.5794],[111.64943,-7.57864],[111.64897,-7.57874],[111.64839,-7.57828],[111.64817,-7.58121],[111.64706,-7.58113],[111.64394,-7.57485],[111.64198,-7.57475],[111.64229,-7.57396],[111.64206,-7.57366],[111.64225,-7.57224],[111.64247,-7.5723],[111.64251,-7.57015],[111.64136,-7.56943],[111.64125,-7.56843],[111.64145,-7.56782],[111.64235,-7.56727],[111.64214,-7.56694],[111.6426,-7.56581],[111.64349,-7.56668],[111.64427,-7.5667],[111.64522,-7.56782],[111.6457,-7.56721],[111.64662,-7.56715],[111.6466,-7.56588],[111.64698,-7.56544],[111.64785,-7.56502],[111.64853,-7.56511],[111.6487,-7.56448],[111.64988,-7.56433],[111.65084,-7.56484],[111.65088,-7.56526],[111.65166,-7.56138],[111.65207,-7.56044],[111.6527,-7.56053],[111.65412,-7.5563],[111.65449,-7.5563],[111.65424,-7.55577],[111.65371,-7.55566],[111.65385,-7.55501],[111.65362,-7.55494],[111.65426,-7.55277],[111.65287,-7.55271],[111.65263,-7.55118],[111.65288,-7.54864],[111.65189,-7.54843],[111.65181,-7.54729],[111.65102,-7.54711],[111.65121,-7.54278],[111.65059,-7.54169],[111.65091,-7.54122],[111.6471,-7.54079],[111.64562,-7.53959],[111.64587,-7.53803],[111.64519,-7.53798],[111.64544,-7.53695],[111.6451,-7.53651],[111.64387,-7.5364],[111.64407,-7.53524],[111.64518,-7.53539],[111.64522,-7.53393],[111.64254,-7.53339],[111.64297,-7.53002],[111.64372,-7.53003],[111.64426,-7.52874],[111.64274,-7.52822],[111.64282,-7.52739],[111.64248,-7.52687],[111.64184,-7.5268],[111.64151,-7.52577],[111.64091,-7.52566],[111.63988,-7.52615]]]},"properties":{"KDPKAB":"35.19","KDCPUM":"35.19.15","WADMKK":"Madiun","WADMKC":"Wonoasri"}},{"type":"Feature","geometry":{"type":"Polygon","coordinates":[[[111.18991,-7.68599],[111.18768,-7.68501],[111.18655,-7.6868],[111.18514,-7.68817],[111.18251,-7.68934],[111.18235,-7.69093],[111.18292,-7.69265],[111.184,-7.69389],[111.18584,-7.69431],[111.18613,-7.69543],[111.18578,-7.69615],[111.1858,-7.69802],[111.1841,-7.70073],[111.18346,-7.70333],[111.18168,-7.70462],[111.18143,-7.70827],[111.18104,-7.70966],[111.18153,-7.71084],[111.18497,-7.71233],[111.18768,-7.71223],[111.18964,-7.71142],[111.19076,-7.71149],[111.19188,-7.71249],[111.19337,-7.7148],[111.1946,-7.71561],[111.19716,-7.71656],[111.19944,-7.7201],[111.20351,-7.72028],[111.20574,-7.71996],[111.20938,-7.7215],[111.21109,-7.72167],[111.212,-7.7222],[111.21358,-7.72415],[111.2133,-7.72508],[111.2139,-7.72723],[111.21344,-7.72954],[111.21431,-7.73007],[111.21712,-7.73077],[111.21814,-7.73154],[111.21907,-7.73492],[111.22091,-7.73553],[111.2216,-7.73658],[111.22314,-7.73765],[111.22314,-7.74042],[111.22529,-7.74419],[111.22855,-7.74584],[111.23051,-7.74563],[111.23169,-7.74629],[111.23649,-7.75032],[111.23776,-7.74789],[111.24022,-7.74627],[111.24109,-7.74525],[111.24042,-7.74428],[111.23957,-7.74416],[111.2408,-7.74184],[111.24279,-7.74072],[111.24449,-7.74046],[111.24523,-7.7421],[111.24656,-7.74313],[111.24821,-7.74371],[111.24958,-7.74525],[111.25237,-7.7447],[111.25652,-7.74606],[111.25712,-7.74544],[111.25712,-7.74369],[111.25746,-7.74295],[111.25951,-7.74321],[111.26141,-7.74279],[111.26299,-7.74306],[111.26395,-7.74288],[111.26504,-7.74223],[111.2649,-7.74098],[111.26519,-7.74058],[111.26701,-7.74031],[111.26799,-7.73876],[111.26861,-7.73868],[111.26978,-7.73913],[111.2708,-7.73994],[111.27115,-7.73981],[111.27126,-7.73779],[111.27236,-7.73744],[111.27386,-7.73773],[111.27455,-7.73748],[111.27978,-7.73951],[111.28092,-7.74032],[111.28246,-7.74052],[111.28516,-7.74213],[111.28628,-7.74227],[111.28746,-7.74164],[111.28892,-7.74153],[111.28804,-7.7431],[111.28739,-7.74703],[111.28442,-7.75126],[111.28314,-7.75419],[111.28326,-7.75448],[111.2846,-7.75452],[111.28795,-7.75409],[111.28889,-7.7543],[111.28908,-7.75484],[111.29071,-7.75493],[111.29165,-7.75662],[111.29354,-7.75716],[111.29373,-7.75892],[111.29595,-7.75812],[111.29643,-7.75693],[111.29747,-7.75598],[111.29837,-7.75264],[111.29914,-7.75116],[111.29958,-7.74776],[111.30108,-7.7452],[111.30267,-7.74074],[111.30489,-7.74103],[111.30609,-7.74063],[111.30567,-7.7402],[111.30769,-7.73942],[111.30776,-7.73893],[111.30719,-7.73814],[111.30634,-7.73782],[111.30633,-7.73751],[111.30487,-7.73631],[111.30311,-7.73569],[111.30214,-7.73584],[111.30067,-7.73554],[111.30019,-7.73473],[111.30103,-7.7348],[111.30102,-7.73459],[111.30033,-7.73416],[111.30013,-7.73341],[111.29872,-7.73176],[111.29953,-7.72877],[111.29919,-7.72847],[111.29978,-7.72622],[111.29947,-7.72538],[111.29975,-7.72484],[111.29943,-7.72425],[111.29955,-7.72327],[111.29918,-7.723],[111.29955,-7.72215],[111.2989,-7.72045],[111.29823,-7.7205],[111.29837,-7.71987],[111.29786,-7.71966],[111.29778,-7.71814],[111.29715,-7.71807],[111.29677,-7.71614],[111.29593,-7.71459],[111.30107,-7.71282],[111.30082,-7.71058],[111.30157,-7.70964],[111.30016,-7.70981],[111.299,-7.70952],[111.29812,-7.71022],[111.29722,-7.70879],[111.29746,-7.70834],[111.29862,-7.70834],[111.29977,-7.70682],[111.30205,-7.70528],[111.30225,-7.70486],[111.30103,-7.70297],[111.30141,-7.70068],[111.30127,-7.69977],[111.3004,-7.69892],[111.29996,-7.6975],[111.29884,-7.69641],[111.29849,-7.69453],[111.29608,-7.69459],[111.29302,-7.69513],[111.29091,-7.69475],[111.28784,-7.69482],[111.28538,-7.69605],[111.28397,-7.69754],[111.28115,-7.69872],[111.28115,-7.69911],[111.28001,-7.70053],[111.27812,-7.70117],[111.27684,-7.70112],[111.27536,-7.69988],[111.27455,-7.70092],[111.27159,-7.70114],[111.27161,-7.70144],[111.27119,-7.70126],[111.27019,-7.69966],[111.26822,-7.69992],[111.26546,-7.70127],[111.26292,-7.70171],[111.26092,-7.70302],[111.25802,-7.70382],[111.25527,-7.70522],[111.25372,-7.70559],[111.25312,-7.706],[111.25258,-7.7071],[111.25065,-7.70806],[111.25014,-7.70775],[111.24892,-7.70865],[111.24807,-7.70969],[111.24808,-7.71033],[111.24609,-7.71075],[111.24502,-7.71036],[111.24421,-7.71092],[111.24322,-7.71045],[111.24236,-7.70941],[111.24163,-7.7092],[111.24,-7.70971],[111.23983,-7.70936],[111.23952,-7.70978],[111.23301,-7.71008],[111.23083,-7.71082],[111.22637,-7.70747],[111.22487,-7.70756],[111.22304,-7.70627],[111.22249,-7.70665],[111.22136,-7.70513],[111.219,-7.70357],[111.21877,-7.70307],[111.21714,-7.70279],[111.21633,-7.70173],[111.21467,-7.70061],[111.20969,-7.70026],[111.20673,-7.699],[111.20527,-7.69748],[111.20424,-7.6947],[111.19983,-7.69204],[111.19642,-7.68737],[111.19531,-7.68703],[111.19461,-7.68645],[111.18991,-7.68599]]]},"properties":{"KDPKAB":"35.20","KDCPUM":"35.20.01","WADMKK":"Magetan","WADMKC":"Poncol"}},{"type":"Feature","geometry":{"type":"Polygon","coordinates":[[[111.34763,-7.69777],[111.34741,-7.69749],[111.34646,-7.69821],[111.34402,-7.69777],[111.34399,-7.69819],[111.34242,-7.69918],[111.33932,-7.70038],[111.3395,-7.70216],[111.3411,-7.70274],[111.34184,-7.70373],[111.34104,-7.70412],[111.34097,-7.70478],[111.34,-7.70537],[111.34041,-7.70615],[111.33977,-7.70729],[111.33638,-7.70861],[111.33523,-7.70985],[111.33509,-7.71088],[111.33383,-7.71128],[111.33383,-7.71216],[111.3328,-7.71311],[111.33233,-7.71324],[111.33212,-7.7128],[111.33134,-7.71274],[111.33012,-7.71303],[111.32913,-7.7139],[111.3279,-7.71369],[111.32704,-7.71421],[111.32602,-7.714],[111.32531,-7.71514],[111.32463,-7.71556],[111.32416,-7.71517],[111.32287,-7.71515],[111.32247,-7.71585],[111.32181,-7.71574],[111.32157,-7.7164],[111.32024,-7.71691],[111.31955,-7.71667],[111.3188,-7.71695],[111.31817,-7.7168],[111.31713,-7.71746],[111.31617,-7.71749],[111.31462,-7.71656],[111.31328,-7.71645],[111.31286,-7.71696],[111.3116,-7.71727],[111.31046,-7.71667],[111.30554,-7.71946],[111.30217,-7.72021],[111.30032,-7.72093],[111.29931,-7.72174],[111.29955,-7.72234],[111.29918,-7.723],[111.29955,-7.72327],[111.29943,-7.72425],[111.29975,-7.72484],[111.29947,-7.72538],[111.29978,-7.72622],[111.29919,-7.72847],[111.29953,-7.72877],[111.29872,-7.73176],[111.30013,-7.73341],[111.30033,-7.73416],[111.30102,-7.73459],[111.30103,-7.7348],[111.30019,-7.73473],[111.3003,-7.73509],[111.30089,-7.7356],[111.30311,-7.73569],[111.30487,-7.73631],[111.30633,-7.73751],[111.30634,-7.73782],[111.30719,-7.73814],[111.30777,-7.73913],[111.3076,-7.73953],[111.30567,-7.7402],[111.30609,-7.74063],[111.30489,-7.74103],[111.30267,-7.74074],[111.30108,-7.7452],[111.29958,-7.74776],[111.29914,-7.75116],[111.29837,-7.75264],[111.29747,-7.75598],[111.29643,-7.75693],[111.29595,-7.75812],[111.29373,-7.75892],[111.29354,-7.75716],[111.29165,-7.75662],[111.29096,-7.75506],[111.28908,-7.75484],[111.29026,-7.75808],[111.28894,-7.76097],[111.2881,-7.76188],[111.28674,-7.76232],[111.28395,-7.76396],[111.28351,-7.7645],[111.2833,-7.76584],[111.28256,-7.76644],[111.28237,-7.76707],[111.28262,-7.76819],[111.28217,-7.77126],[111.28267,-7.77626],[111.28213,-7.77895],[111.28223,-7.78201],[111.28191,-7.78458],[111.28534,-7.78779],[111.28648,-7.79028],[111.28798,-7.79178],[111.2887,-7.79348],[111.29021,-7.79413],[111.29072,-7.79392],[111.29076,-7.79316],[111.29108,-7.79295],[111.29253,-7.7937],[111.2934,-7.79311],[111.29417,-7.79346],[111.29383,-7.79404],[111.29402,-7.79424],[111.29467,-7.79432],[111.29579,-7.7931],[111.29683,-7.7932],[111.29716,-7.79362],[111.29782,-7.79314],[111.29768,-7.79404],[111.2979,-7.79422],[111.29857,-7.79349],[111.30012,-7.79331],[111.30008,-7.79418],[111.30062,-7.79421],[111.30093,-7.79471],[111.30047,-7.79569],[111.30222,-7.79561],[111.3016,-7.79668],[111.30321,-7.79629],[111.30477,-7.79712],[111.30705,-7.79731],[111.30768,-7.79771],[111.30931,-7.79604],[111.31065,-7.7954],[111.31472,-7.79217],[111.31953,-7.7957],[111.3211,-7.79755],[111.3222,-7.79808],[111.32454,-7.79836],[111.32642,-7.7996],[111.32709,-7.79971],[111.32763,-7.80041],[111.32986,-7.79999],[111.33023,-7.79604],[111.33074,-7.7955],[111.33164,-7.79504],[111.3347,-7.79506],[111.33533,-7.79544],[111.33701,-7.79475],[111.33811,-7.79003],[111.33971,-7.78622],[111.34196,-7.78368],[111.34366,-7.78332],[111.34834,-7.78368],[111.34977,-7.78314],[111.35191,-7.78358],[111.35245,-7.78327],[111.35448,-7.7838],[111.35689,-7.78337],[111.3579,-7.78441],[111.36029,-7.78491],[111.36047,-7.78338],[111.3624,-7.77826],[111.36277,-7.77563],[111.3646,-7.77188],[111.36585,-7.77035],[111.36732,-7.76645],[111.36532,-7.76564],[111.36377,-7.76589],[111.36365,-7.76718],[111.36273,-7.76749],[111.36297,-7.76528],[111.36337,-7.76517],[111.36349,-7.76412],[111.36431,-7.76259],[111.36405,-7.76203],[111.36471,-7.75929],[111.36471,-7.75842],[111.3641,-7.75781],[111.36386,-7.75658],[111.36485,-7.75757],[111.36618,-7.7579],[111.36638,-7.75535],[111.36702,-7.75533],[111.36719,-7.75438],[111.36825,-7.75448],[111.36986,-7.75129],[111.37006,-7.74901],[111.36979,-7.74861],[111.37244,-7.74767],[111.37405,-7.74751],[111.37542,-7.74444],[111.37491,-7.74383],[111.3748,-7.74277],[111.37441,-7.74283],[111.37434,-7.74243],[111.37495,-7.74205],[111.37522,-7.7413],[111.37345,-7.74105],[111.37178,-7.73973],[111.37125,-7.74008],[111.36974,-7.73995],[111.36858,-7.74041],[111.3673,-7.74036],[111.36652,-7.7396],[111.36471,-7.73946],[111.36307,-7.73834],[111.36252,-7.73717],[111.36197,-7.73432],[111.36207,-7.72968],[111.36151,-7.72777],[111.35945,-7.72606],[111.35947,-7.72515],[111.36094,-7.72323],[111.363,-7.72442],[111.36346,-7.72398],[111.36402,-7.72399],[111.3655,-7.72422],[111.36742,-7.72509],[111.36851,-7.72421],[111.37352,-7.72352],[111.37552,-7.7224],[111.37859,-7.71692],[111.38277,-7.71259],[111.38343,-7.71119],[111.38179,-7.70738],[111.37999,-7.70552],[111.37382,-7.70193],[111.37318,-7.70187],[111.37177,-7.70246],[111.36974,-7.70366],[111.36893,-7.70363],[111.36877,-7.70423],[111.3686,-7.70382],[111.36682,-7.70374],[111.36303,-7.70198],[111.36284,-7.70122],[111.36178,-7.70128],[111.36129,-7.70059],[111.36011,-7.70099],[111.3589,-7.70014],[111.35714,-7.7002],[111.35658,-7.69932],[111.35452,-7.69844],[111.35411,-7.69846],[111.35393,-7.69943],[111.35324,-7.69982],[111.35097,-7.69876],[111.35059,-7.6982],[111.34895,-7.69836],[111.34763,-7.69777]]]},"properties":{"KDPKAB":"35.20","KDCPUM":"35.20.02","WADMKK":"Magetan","WADMKC":"Parang"}},{"type":"Feature","geometry":{"type":"Polygon","coordinates":[[[111.3834,-7.71152],[111.38277,-7.71259],[111.37859,-7.71692],[111.37552,-7.7224],[111.37352,-7.72352],[111.36851,-7.72421],[111.36742,-7.72509],[111.3655,-7.72422],[111.36402,-7.72399],[111.36346,-7.72398],[111.363,-7.72442],[111.36094,-7.72323],[111.35947,-7.72515],[111.35945,-7.72606],[111.36151,-7.72777],[111.36207,-7.72968],[111.36197,-7.73432],[111.36252,-7.73717],[111.36307,-7.73834],[111.36471,-7.73946],[111.36652,-7.7396],[111.3673,-7.74036],[111.36858,-7.74041],[111.36974,-7.73995],[111.37125,-7.74008],[111.37178,-7.73973],[111.37345,-7.74105],[111.37522,-7.7413],[111.37495,-7.74205],[111.37434,-7.74243],[111.37441,-7.74283],[111.3748,-7.74277],[111.37491,-7.74383],[111.37542,-7.74444],[111.37405,-7.74751],[111.37244,-7.74767],[111.36979,-7.74861],[111.37006,-7.74901],[111.36986,-7.75129],[111.36825,-7.75448],[111.36719,-7.75438],[111.36702,-7.75533],[111.36638,-7.75535],[111.36618,-7.7579],[111.36485,-7.75757],[111.36386,-7.75658],[111.3641,-7.75781],[111.36471,-7.75842],[111.36471,-7.75929],[111.36405,-7.76203],[111.36431,-7.76259],[111.36349,-7.76412],[111.36337,-7.76517],[111.36297,-7.76528],[111.36273,-7.76749],[111.36365,-7.76718],[111.36377,-7.76589],[111.36532,-7.76564],[111.36732,-7.76645],[111.36585,-7.77035],[111.3646,-7.77188],[111.36277,-7.77563],[111.3624,-7.77826],[111.36047,-7.78338],[111.36029,-7.78491],[111.36216,-7.78492],[111.36345,-7.78377],[111.36506,-7.78384],[111.36614,-7.78307],[111.3663,-7.78368],[111.36672,-7.78383],[111.3682,-7.78293],[111.37259,-7.78313],[111.37393,-7.78205],[111.37511,-7.78292],[111.37622,-7.78215],[111.37754,-7.78268],[111.37873,-7.78155],[111.37935,-7.78134],[111.38118,-7.78258],[111.38445,-7.78319],[111.38554,-7.78229],[111.38732,-7.78232],[111.38917,-7.78139],[111.3898,-7.7815],[111.39068,-7.78219],[111.39306,-7.78188],[111.39466,-7.78081],[111.39573,-7.7812],[111.39619,-7.78076],[111.39715,-7.78075],[111.39836,-7.78121],[111.40052,-7.77821],[111.401,-7.77806],[111.40152,-7.77824],[111.40253,-7.77796],[111.40336,-7.77855],[111.40441,-7.77796],[111.40632,-7.77841],[111.40759,-7.77751],[111.40773,-7.7788],[111.4093,-7.77958],[111.41115,-7.77749],[111.4118,-7.77721],[111.41187,-7.7766],[111.4127,-7.77681],[111.41322,-7.77585],[111.415,-7.77699],[111.41616,-7.77724],[111.41705,-7.77801],[111.41876,-7.77772],[111.41968,-7.77818],[111.42007,-7.77748],[111.42082,-7.77765],[111.42128,-7.77702],[111.42257,-7.77671],[111.42365,-7.77715],[111.42424,-7.77794],[111.42467,-7.77717],[111.42528,-7.77774],[111.42713,-7.77807],[111.42789,-7.77722],[111.42865,-7.77792],[111.43104,-7.77771],[111.43231,-7.77875],[111.43311,-7.77884],[111.43343,-7.77986],[111.43444,-7.77964],[111.43501,-7.7789],[111.43643,-7.77882],[111.43751,-7.77963],[111.43831,-7.77905],[111.43863,-7.77966],[111.43909,-7.77978],[111.44007,-7.77882],[111.44125,-7.77879],[111.44185,-7.77831],[111.4433,-7.77946],[111.44394,-7.78053],[111.44512,-7.77962],[111.44571,-7.77984],[111.44636,-7.78079],[111.44655,-7.77955],[111.44827,-7.77976],[111.44819,-7.77876],[111.44991,-7.77852],[111.45182,-7.77395],[111.45164,-7.77235],[111.45193,-7.77187],[111.45184,-7.77152],[111.45085,-7.77125],[111.45023,-7.76996],[111.45055,-7.76947],[111.45246,-7.76922],[111.45316,-7.76864],[111.45227,-7.76703],[111.45165,-7.76487],[111.45179,-7.76347],[111.45369,-7.76097],[111.45396,-7.76019],[111.4539,-7.75985],[111.45281,-7.75923],[111.45285,-7.75856],[111.45333,-7.75772],[111.45552,-7.75583],[111.45491,-7.75502],[111.45268,-7.7541],[111.45242,-7.75257],[111.45434,-7.74983],[111.45537,-7.74624],[111.45746,-7.74603],[111.45787,-7.7453],[111.45751,-7.7435],[111.45487,-7.74226],[111.45619,-7.7379],[111.45438,-7.73782],[111.454,-7.73901],[111.45238,-7.73977],[111.45154,-7.73965],[111.44969,-7.7386],[111.44787,-7.73894],[111.4467,-7.73803],[111.44657,-7.73672],[111.44512,-7.73448],[111.44507,-7.73304],[111.44454,-7.73267],[111.44302,-7.73261],[111.44196,-7.73362],[111.44111,-7.73238],[111.43828,-7.73153],[111.43778,-7.73165],[111.43716,-7.73255],[111.43668,-7.73245],[111.43607,-7.73166],[111.4359,-7.73234],[111.43555,-7.73248],[111.43513,-7.73173],[111.43318,-7.73003],[111.4323,-7.73045],[111.43189,-7.72987],[111.43071,-7.73028],[111.42959,-7.72979],[111.42827,-7.73061],[111.41924,-7.72868],[111.41596,-7.72828],[111.41573,-7.72883],[111.41339,-7.72854],[111.40452,-7.72523],[111.40055,-7.7252],[111.39584,-7.72365],[111.39545,-7.72333],[111.39336,-7.71864],[111.39131,-7.71586],[111.38813,-7.71402],[111.3867,-7.71169],[111.3834,-7.71152]]]},"properties":{"KDPKAB":"35.20","KDCPUM":"35.20.03","WADMKK":"Magetan","WADMKC":"Lembeyan"}},{"type":"Feature","geometry":{"type":"Polygon","coordinates":[[[111.51072,-7.64917],[111.50924,-7.64869],[111.50753,-7.64968],[111.5067,-7.64924],[111.50558,-7.64967],[111.50482,-7.64929],[111.50429,-7.64942],[111.50352,-7.65054],[111.50308,-7.65211],[111.50283,-7.65453],[111.50345,-7.65549],[111.50318,-7.65591],[111.5017,-7.65619],[111.50119,-7.65662],[111.50154,-7.65844],[111.50121,-7.65889],[111.49825,-7.65875],[111.49696,-7.65756],[111.49575,-7.65848],[111.49334,-7.65775],[111.49062,-7.65775],[111.48797,-7.65989],[111.48792,-7.66101],[111.48607,-7.6615],[111.48473,-7.66267],[111.48395,-7.66263],[111.48382,-7.66159],[111.48191,-7.66039],[111.4817,-7.66069],[111.48102,-7.66038],[111.47943,-7.66098],[111.47851,-7.65944],[111.47804,-7.65918],[111.47505,-7.65937],[111.47485,-7.65902],[111.47542,-7.65811],[111.47498,-7.65767],[111.47245,-7.65887],[111.47048,-7.65936],[111.46987,-7.65937],[111.46812,-7.6582],[111.46594,-7.65909],[111.46427,-7.65753],[111.46348,-7.65783],[111.46315,-7.65883],[111.46207,-7.65904],[111.46143,-7.65954],[111.46035,-7.65949],[111.45926,-7.65871],[111.45893,-7.65888],[111.45739,-7.66086],[111.45623,-7.66137],[111.45623,-7.66259],[111.45567,-7.66335],[111.45263,-7.66582],[111.44986,-7.6694],[111.44963,-7.67035],[111.44832,-7.67122],[111.44811,-7.67179],[111.44734,-7.67207],[111.44722,-7.67272],[111.44612,-7.67303],[111.44453,-7.67426],[111.44386,-7.67383],[111.44248,-7.67405],[111.44284,-7.67451],[111.44223,-7.67533],[111.44149,-7.67884],[111.44353,-7.67898],[111.44377,-7.67943],[111.44333,-7.68239],[111.44375,-7.68261],[111.44364,-7.68357],[111.44681,-7.68393],[111.44924,-7.68474],[111.44862,-7.68716],[111.44829,-7.6872],[111.44804,-7.69069],[111.45016,-7.69165],[111.45028,-7.69269],[111.451,-7.69326],[111.45067,-7.69594],[111.45416,-7.69655],[111.45432,-7.69682],[111.45781,-7.6972],[111.45837,-7.69501],[111.46476,-7.69447],[111.46535,-7.69398],[111.46676,-7.69358],[111.46763,-7.69392],[111.46883,-7.69345],[111.47011,-7.69339],[111.47052,-7.69297],[111.4711,-7.69407],[111.47117,-7.69497],[111.47029,-7.69788],[111.46943,-7.69848],[111.46893,-7.69963],[111.46894,-7.70284],[111.4674,-7.70382],[111.46717,-7.70454],[111.46777,-7.70537],[111.47137,-7.70658],[111.47318,-7.70875],[111.47452,-7.70934],[111.47741,-7.70805],[111.4779,-7.70747],[111.4786,-7.70537],[111.48083,-7.7044],[111.4811,-7.7037],[111.48077,-7.70103],[111.48099,-7.70044],[111.48194,-7.70025],[111.48364,-7.70235],[111.48513,-7.70292],[111.48612,-7.70241],[111.48726,-7.70022],[111.48878,-7.69905],[111.49028,-7.69895],[111.49281,-7.69991],[111.49477,-7.69975],[111.49593,-7.69927],[111.49767,-7.69927],[111.49816,-7.69871],[111.49841,-7.69769],[111.49708,-7.69541],[111.49733,-7.69452],[111.49807,-7.69364],[111.50035,-7.69237],[111.50121,-7.6912],[111.50112,-7.68911],[111.50027,-7.68499],[111.50034,-7.68184],[111.4988,-7.67803],[111.49865,-7.67407],[111.49889,-7.67344],[111.50121,-7.67199],[111.50167,-7.67139],[111.50273,-7.66862],[111.50583,-7.66736],[111.50676,-7.66547],[111.50713,-7.6639],[111.50819,-7.662],[111.5087,-7.6615],[111.51093,-7.66121],[111.51104,-7.65961],[111.50958,-7.65617],[111.50955,-7.65542],[111.51235,-7.65263],[111.51247,-7.65212],[111.51167,-7.64886],[111.51072,-7.64917]]]},"properties":{"KDPKAB":"35.20","KDCPUM":"35.20.04","WADMKK":"Magetan","WADMKC":"Takeran"}},{"type":"Feature","geometry":{"type":"Polygon","coordinates":[[[111.40999,-7.66261],[111.40802,-7.66081],[111.40554,-7.66203],[111.40547,-7.66269],[111.40315,-7.6618],[111.40211,-7.66223],[111.40069,-7.66119],[111.39954,-7.66185],[111.39916,-7.66256],[111.39836,-7.66273],[111.39674,-7.66206],[111.39393,-7.66213],[111.39296,-7.66153],[111.39063,-7.66272],[111.38945,-7.66155],[111.38737,-7.6623],[111.3857,-7.66208],[111.38437,-7.66246],[111.38262,-7.66242],[111.38177,-7.66184],[111.38018,-7.66262],[111.37809,-7.66225],[111.37674,-7.66288],[111.37494,-7.66197],[111.37411,-7.66247],[111.37256,-7.66238],[111.37299,-7.6642],[111.37233,-7.66531],[111.37286,-7.6656],[111.37234,-7.6662],[111.37224,-7.667],[111.3732,-7.66644],[111.37539,-7.66842],[111.37563,-7.6684],[111.37569,-7.66756],[111.37798,-7.66836],[111.37807,-7.66873],[111.37742,-7.66882],[111.37752,-7.66924],[111.3788,-7.6693],[111.38021,-7.66984],[111.38008,-7.67108],[111.38074,-7.6717],[111.38119,-7.67151],[111.38124,-7.67009],[111.38178,-7.66998],[111.38285,-7.67069],[111.3832,-7.67148],[111.38844,-7.67285],[111.38809,-7.67346],[111.38847,-7.67375],[111.38928,-7.67365],[111.38977,-7.67542],[111.38888,-7.67638],[111.38867,-7.67756],[111.3879,-7.67782],[111.38729,-7.67708],[111.38669,-7.67745],[111.38622,-7.67684],[111.38549,-7.67697],[111.38486,-7.67665],[111.3845,-7.68119],[111.3841,-7.68224],[111.38324,-7.6829],[111.38225,-7.6827],[111.38082,-7.68347],[111.37933,-7.68285],[111.37963,-7.68335],[111.3782,-7.6838],[111.37784,-7.68474],[111.37702,-7.6847],[111.37542,-7.68619],[111.37449,-7.68651],[111.37355,-7.68639],[111.37238,-7.68693],[111.37137,-7.68663],[111.37076,-7.68727],[111.37004,-7.68743],[111.36914,-7.6886],[111.36665,-7.69034],[111.36735,-7.69362],[111.36885,-7.69525],[111.36862,-7.69596],[111.36941,-7.69605],[111.37036,-7.6968],[111.3713,-7.69862],[111.37095,-7.69949],[111.37303,-7.70068],[111.37539,-7.70055],[111.3757,-7.70098],[111.37539,-7.70161],[111.3742,-7.70213],[111.37939,-7.70511],[111.3814,-7.70694],[111.38263,-7.70888],[111.3834,-7.71152],[111.3867,-7.71169],[111.38813,-7.71402],[111.3919,-7.71646],[111.39336,-7.71864],[111.39545,-7.72333],[111.39584,-7.72365],[111.40055,-7.7252],[111.40452,-7.72523],[111.41339,-7.72854],[111.41573,-7.72883],[111.41596,-7.72828],[111.41924,-7.72868],[111.42827,-7.73061],[111.42959,-7.72979],[111.43066,-7.73028],[111.43185,-7.72986],[111.43228,-7.73044],[111.43299,-7.73002],[111.43367,-7.73028],[111.43409,-7.72629],[111.43512,-7.72423],[111.43601,-7.7203],[111.43543,-7.71829],[111.43554,-7.71658],[111.43627,-7.7149],[111.43608,-7.71436],[111.43631,-7.71404],[111.43578,-7.71307],[111.43659,-7.71331],[111.43676,-7.71302],[111.4357,-7.71149],[111.43512,-7.70965],[111.43407,-7.70917],[111.43391,-7.70737],[111.43336,-7.70571],[111.43185,-7.70491],[111.42963,-7.70277],[111.42845,-7.70242],[111.42755,-7.70111],[111.427,-7.70085],[111.42736,-7.69913],[111.42713,-7.69794],[111.42799,-7.69609],[111.4291,-7.69529],[111.42918,-7.69362],[111.42956,-7.69277],[111.43083,-7.69144],[111.43423,-7.6918],[111.4355,-7.69234],[111.4379,-7.69133],[111.43814,-7.68897],[111.4367,-7.68863],[111.43643,-7.68783],[111.43576,-7.68769],[111.43612,-7.68537],[111.43959,-7.68593],[111.44037,-7.68283],[111.44372,-7.68296],[111.44375,-7.68261],[111.44333,-7.68239],[111.44377,-7.67943],[111.44353,-7.67898],[111.44149,-7.67884],[111.4422,-7.67544],[111.44283,-7.67432],[111.44065,-7.67333],[111.43999,-7.67404],[111.43956,-7.67405],[111.43679,-7.67298],[111.43536,-7.67168],[111.43461,-7.67365],[111.43445,-7.67507],[111.43383,-7.67517],[111.43324,-7.67446],[111.4329,-7.67385],[111.43307,-7.67246],[111.43238,-7.67203],[111.43164,-7.67242],[111.43214,-7.67485],[111.43188,-7.6751],[111.4313,-7.67497],[111.43084,-7.67451],[111.43107,-7.67304],[111.42984,-7.67187],[111.42919,-7.67074],[111.42715,-7.67098],[111.42304,-7.66841],[111.42261,-7.66795],[111.42327,-7.6667],[111.42309,-7.66634],[111.42162,-7.66645],[111.42012,-7.6658],[111.41839,-7.66586],[111.41713,-7.66534],[111.41549,-7.66517],[111.41525,-7.66468],[111.41538,-7.66356],[111.41295,-7.66244],[111.41208,-7.66245],[111.41203,-7.66365],[111.41141,-7.66368],[111.40999,-7.66261]]]},"properties":{"KDPKAB":"35.20","KDCPUM":"35.20.05","WADMKK":"Magetan","WADMKC":"Kawedanan"}},{"type":"Feature","geometry":{"type":"Polygon","coordinates":[[[111.55158,-7.59513],[111.55112,-7.59484],[111.55093,-7.59522],[111.5496,-7.59487],[111.54927,-7.59657],[111.54838,-7.5964],[111.54815,-7.59661],[111.54779,-7.59816],[111.54613,-7.59807],[111.54406,-7.59747],[111.54259,-7.59917],[111.54247,-7.60008],[111.54192,-7.60012],[111.54181,-7.59941],[111.54155,-7.59971],[111.54023,-7.59956],[111.53889,-7.60118],[111.53833,-7.60073],[111.53784,-7.60114],[111.53717,-7.60062],[111.53751,-7.59931],[111.53657,-7.59907],[111.53547,-7.60407],[111.5342,-7.60597],[111.53431,-7.609],[111.53316,-7.60992],[111.5307,-7.61111],[111.52835,-7.61164],[111.52707,-7.61261],[111.5268,-7.61746],[111.52724,-7.61817],[111.52757,-7.62121],[111.52724,-7.62336],[111.52666,-7.62474],[111.52585,-7.62558],[111.52539,-7.62543],[111.52522,-7.62449],[111.52436,-7.62359],[111.52028,-7.6237],[111.51942,-7.6304],[111.52327,-7.63114],[111.5234,-7.62935],[111.52582,-7.62982],[111.52585,-7.63157],[111.52676,-7.63172],[111.52654,-7.63307],[111.52799,-7.63321],[111.52828,-7.63198],[111.53286,-7.63284],[111.53413,-7.63081],[111.53427,-7.63009],[111.53634,-7.62978],[111.53823,-7.63076],[111.53903,-7.63166],[111.53914,-7.63239],[111.53864,-7.63425],[111.53781,-7.63597],[111.53813,-7.63765],[111.53861,-7.63788],[111.54071,-7.63791],[111.54346,-7.63842],[111.54462,-7.63484],[111.55094,-7.63614],[111.55055,-7.63566],[111.55083,-7.63487],[111.5521,-7.63505],[111.55233,-7.63418],[111.55353,-7.63431],[111.55294,-7.63331],[111.55328,-7.63215],[111.55292,-7.63162],[111.55316,-7.63051],[111.55268,-7.63034],[111.55278,-7.6299],[111.55195,-7.62883],[111.55268,-7.6279],[111.55245,-7.62628],[111.55176,-7.62571],[111.55134,-7.62806],[111.54848,-7.62729],[111.54863,-7.62597],[111.5489,-7.6252],[111.55052,-7.62371],[111.55167,-7.6219],[111.55148,-7.62117],[111.5523,-7.62007],[111.55169,-7.61949],[111.55209,-7.61918],[111.55208,-7.6186],[111.55263,-7.61922],[111.55306,-7.61686],[111.55342,-7.61679],[111.55345,-7.61625],[111.55393,-7.61623],[111.55405,-7.61588],[111.55476,-7.6161],[111.55521,-7.61566],[111.55537,-7.6147],[111.55506,-7.6142],[111.55547,-7.61247],[111.55444,-7.6119],[111.55642,-7.60703],[111.55792,-7.60761],[111.55901,-7.60507],[111.55746,-7.60412],[111.55849,-7.59936],[111.55773,-7.59887],[111.55831,-7.59759],[111.55792,-7.59744],[111.55803,-7.59632],[111.55762,-7.59621],[111.55727,-7.597],[111.55662,-7.5968],[111.55667,-7.59635],[111.55589,-7.59596],[111.55158,-7.59513]]]},"properties":{"KDPKAB":"35.77","KDCPUM":"35.77.01","WADMKK":"Kota Madiun","WADMKC":"Kartoharjo"}},{"type":"Feature","geometry":{"type":"MultiPolygon","coordinates":[[[[111.5204,-7.59715],[111.51989,-7.59862],[111.51819,-7.59987],[111.51777,-7.60167],[111.51808,-7.60181],[111.51761,-7.60305],[111.5164,-7.60288],[111.51613,-7.60381],[111.51372,-7.60326],[111.51336,-7.60432],[111.51373,-7.60453],[111.51393,-7.60635],[111.51314,-7.60747],[111.51226,-7.60748],[111.51198,-7.60821],[111.51083,-7.60788],[111.50949,-7.60815],[111.50863,-7.60784],[111.508,-7.60829],[111.50735,-7.60823],[111.50609,-7.60693],[111.50376,-7.60628],[111.50333,-7.60769],[111.50088,-7.6076],[111.50017,-7.60838],[111.50005,-7.60898],[111.50054,-7.60908],[111.50094,-7.60992],[111.50045,-7.61098],[111.50064,-7.61212],[111.50114,-7.61284],[111.50087,-7.61313],[111.50105,-7.61389],[111.50073,-7.61421],[111.50092,-7.61514],[111.50034,-7.61516],[111.50073,-7.61549],[111.50036,-7.61643],[111.50084,-7.61669],[111.50094,-7.61729],[111.50062,-7.6183],[111.50137,-7.61885],[111.5011,-7.61933],[111.50143,-7.61952],[111.50131,-7.61993],[111.50229,-7.6204],[111.50178,-7.62086],[111.50181,-7.62144],[111.50121,-7.62171],[111.50127,-7.62237],[111.5005,-7.6234],[111.50001,-7.62359],[111.49649,-7.62308],[111.4965,-7.62337],[111.49612,-7.62342],[111.49642,-7.62384],[111.49635,-7.62446],[111.49568,-7.62473],[111.49674,-7.62488],[111.49769,-7.62537],[111.49765,-7.6257],[111.50043,-7.62636],[111.4993,-7.62777],[111.49939,-7.62866],[111.49828,-7.63229],[111.49805,-7.63424],[111.49657,-7.63386],[111.49626,-7.63615],[111.49569,-7.63771],[111.49611,-7.63779],[111.49607,-7.63811],[111.49722,-7.63828],[111.49835,-7.63913],[111.49834,-7.64008],[111.49686,-7.6451],[111.49845,-7.64543],[111.49917,-7.64073],[111.50031,-7.64055],[111.50113,-7.64125],[111.50241,-7.64144],[111.50266,-7.63972],[111.50324,-7.63931],[111.50453,-7.6396],[111.50454,-7.64074],[111.50761,-7.64103],[111.5077,-7.63897],[111.5085,-7.63599],[111.50986,-7.63607],[111.50981,-7.63555],[111.5105,-7.63554],[111.51009,-7.63441],[111.51061,-7.63411],[111.51178,-7.63652],[111.51151,-7.64035],[111.51238,-7.64456],[111.51118,-7.64722],[111.51231,-7.65138],[111.51649,-7.65074],[111.51754,-7.64854],[111.51853,-7.64823],[111.51792,-7.64585],[111.51686,-7.63009],[111.51942,-7.6304],[111.52028,-7.6237],[111.52436,-7.62359],[111.52522,-7.62449],[111.52539,-7.62543],[111.52585,-7.62558],[111.52666,-7.62474],[111.52724,-7.62336],[111.52757,-7.62121],[111.52724,-7.61817],[111.5268,-7.61746],[111.52707,-7.61261],[111.52835,-7.61164],[111.5307,-7.61111],[111.53316,-7.60992],[111.53431,-7.609],[111.5342,-7.60597],[111.53547,-7.60407],[111.53628,-7.60036],[111.53514,-7.60136],[111.53453,-7.60136],[111.53419,-7.60194],[111.53375,-7.60188],[111.5333,-7.60262],[111.5324,-7.60262],[111.53215,-7.60188],[111.5324,-7.60103],[111.53365,-7.60134],[111.53426,-7.60091],[111.53405,-7.59953],[111.53281,-7.59987],[111.52788,-7.59823],[111.52751,-7.59922],[111.52657,-7.59905],[111.52396,-7.59856],[111.5204,-7.59715]]],[[[111.50166,-7.64649],[111.49971,-7.64605],[111.49873,-7.64747],[111.50215,-7.64807],[111.50207,-7.64959],[111.50384,-7.64997],[111.50429,-7.64942],[111.50496,-7.64934],[111.50529,-7.64716],[111.50493,-7.64617],[111.50308,-7.64669],[111.50166,-7.64649]]]]},"properties":{"KDPKAB":"35.77","KDCPUM":"35.77.02","WADMKK":"Kota Madiun","WADMKC":"Manguharjo"}},{"type":"Feature","geometry":{"type":"MultiPolygon","coordinates":[[[[111.525,-7.62966],[111.5234,-7.62935],[111.52327,-7.63114],[111.51686,-7.63009],[111.51792,-7.64585],[111.51853,-7.64823],[111.51754,-7.64854],[111.51649,-7.65074],[111.51231,-7.65138],[111.51235,-7.65263],[111.5098,-7.65489],[111.50958,-7.65617],[111.51025,-7.6574],[111.51069,-7.65925],[111.51204,-7.65969],[111.51272,-7.66132],[111.51567,-7.66204],[111.51709,-7.66141],[111.51837,-7.66196],[111.51913,-7.66183],[111.52221,-7.66244],[111.52278,-7.66323],[111.52465,-7.66393],[111.52908,-7.66427],[111.53,-7.66377],[111.5316,-7.66378],[111.5323,-7.66328],[111.53307,-7.66343],[111.53306,-7.66288],[111.53333,-7.66279],[111.53306,-7.66232],[111.53323,-7.66152],[111.53383,-7.66159],[111.53387,-7.6613],[111.53346,-7.66088],[111.53345,-7.66031],[111.53979,-7.65954],[111.53997,-7.66001],[111.5411,-7.66018],[111.54173,-7.6587],[111.54148,-7.65827],[111.54424,-7.65907],[111.54391,-7.65886],[111.54388,-7.65805],[111.5433,-7.65783],[111.54335,-7.65755],[111.54174,-7.65682],[111.54192,-7.6554],[111.54162,-7.65305],[111.54186,-7.65244],[111.54273,-7.65297],[111.54294,-7.65269],[111.54168,-7.65179],[111.54032,-7.65189],[111.53954,-7.65145],[111.53946,-7.65052],[111.53883,-7.65023],[111.53908,-7.64953],[111.53893,-7.64864],[111.53971,-7.64638],[111.54367,-7.64727],[111.54418,-7.6471],[111.54612,-7.64783],[111.5463,-7.64636],[111.54704,-7.64658],[111.54724,-7.64577],[111.54814,-7.64609],[111.54892,-7.64515],[111.54945,-7.64531],[111.5498,-7.64507],[111.5495,-7.64434],[111.54995,-7.64372],[111.55057,-7.64351],[111.5503,-7.64297],[111.55131,-7.64211],[111.55051,-7.64156],[111.55095,-7.64132],[111.55091,-7.64088],[111.55146,-7.64064],[111.55125,-7.64025],[111.55164,-7.63903],[111.55094,-7.63614],[111.54462,-7.63484],[111.54346,-7.63842],[111.54071,-7.63791],[111.53861,-7.63788],[111.53813,-7.63765],[111.53781,-7.63597],[111.53914,-7.63239],[111.53903,-7.63166],[111.53823,-7.63076],[111.53634,-7.62978],[111.53482,-7.62983],[111.53427,-7.63009],[111.53413,-7.63081],[111.53286,-7.63284],[111.52828,-7.63198],[111.52816,-7.63294],[111.52774,-7.63319],[111.52654,-7.63307],[111.52676,-7.63172],[111.52585,-7.63157],[111.52582,-7.62982],[111.525,-7.62966]]],[[[111.50708,-7.67764],[111.50789,-7.67518],[111.51122,-7.67627],[111.5118,-7.67517],[111.51365,-7.67592],[111.51484,-7.67135],[111.51538,-7.67128],[111.51611,-7.66783],[111.51513,-7.66681],[111.5155,-7.66382],[111.51508,-7.66457],[111.51372,-7.66431],[111.5129,-7.6629],[111.51309,-7.66238],[111.51179,-7.66157],[111.51077,-7.66314],[111.51,-7.66345],[111.50973,-7.66521],[111.5094,-7.66562],[111.50876,-7.66484],[111.50845,-7.66509],[111.50787,-7.66495],[111.50654,-7.66779],[111.50609,-7.6698],[111.50762,-7.67032],[111.50679,-7.67127],[111.50582,-7.67177],[111.50505,-7.67176],[111.50393,-7.67292],[111.50418,-7.6741],[111.50328,-7.67553],[111.50621,-7.67638],[111.50597,-7.67732],[111.50708,-7.67764]]],[[[111.50686,-7.67846],[111.5066,-7.67984],[111.50874,-7.68051],[111.50911,-7.67941],[111.50987,-7.67908],[111.51018,-7.67843],[111.50708,-7.67764],[111.50686,-7.67846]]]]},"properties":{"KDPKAB":"35.77","KDCPUM":"35.77.03","WADMKK":"Kota Madiun","WADMKC":"Taman"}},{"type":"Feature","geometry":{"type":"Polygon","coordinates":[[[111.36259,-7.62122],[111.36231,-7.62075],[111.36092,-7.62127],[111.36038,-7.62102],[111.35929,-7.62167],[111.35963,-7.62163],[111.36056,-7.62281],[111.36063,-7.62449],[111.36003,-7.62732],[111.35898,-7.62842],[111.35771,-7.62812],[111.35589,-7.62895],[111.35528,-7.6285],[111.35464,-7.62942],[111.35392,-7.62913],[111.35331,-7.62984],[111.35074,-7.62966],[111.35015,-7.62927],[111.34872,-7.62996],[111.348,-7.62982],[111.34681,-7.63027],[111.34641,-7.63171],[111.34718,-7.63354],[111.34708,-7.63515],[111.34474,-7.63484],[111.34191,-7.6337],[111.33835,-7.63458],[111.33581,-7.63358],[111.3336,-7.63337],[111.32736,-7.63144],[111.32594,-7.63048],[111.32603,-7.63017],[111.3274,-7.63013],[111.32826,-7.62941],[111.32874,-7.6294],[111.32909,-7.62979],[111.33084,-7.62965],[111.33117,-7.62898],[111.33306,-7.62875],[111.33224,-7.62849],[111.33219,-7.62769],[111.3298,-7.62775],[111.3278,-7.62693],[111.32772,-7.62775],[111.32516,-7.62753],[111.32046,-7.62851],[111.32013,-7.62923],[111.31924,-7.62977],[111.3201,-7.6312],[111.319,-7.63347],[111.31894,-7.63372],[111.31936,-7.63385],[111.31908,-7.63386],[111.31862,-7.63487],[111.31794,-7.63504],[111.31695,-7.63599],[111.31673,-7.6358],[111.31647,-7.63664],[111.31451,-7.63658],[111.31155,-7.63541],[111.31096,-7.63593],[111.31089,-7.63855],[111.31022,-7.63807],[111.30937,-7.63817],[111.30946,-7.63883],[111.30893,-7.63893],[111.30994,-7.64019],[111.31009,-7.64109],[111.30964,-7.64097],[111.30981,-7.64144],[111.3087,-7.64187],[111.30815,-7.64301],[111.30758,-7.64319],[111.30813,-7.64377],[111.30908,-7.64381],[111.30923,-7.64501],[111.30892,-7.64529],[111.30775,-7.64467],[111.30691,-7.64476],[111.30685,-7.64645],[111.30609,-7.64676],[111.30527,-7.64769],[111.30528,-7.64862],[111.30465,-7.64943],[111.30499,-7.65004],[111.30472,-7.65019],[111.30481,-7.65074],[111.30373,-7.65107],[111.30402,-7.65362],[111.3058,-7.65326],[111.30619,-7.65219],[111.30859,-7.65262],[111.30822,-7.65471],[111.30744,-7.6552],[111.30684,-7.6585],[111.3062,-7.65961],[111.30513,-7.66067],[111.3034,-7.66099],[111.30371,-7.66368],[111.30461,-7.66565],[111.30438,-7.66733],[111.30533,-7.66801],[111.30562,-7.66861],[111.3054,-7.66933],[111.30711,-7.66933],[111.30827,-7.66974],[111.30822,-7.67011],[111.30987,-7.67037],[111.31315,-7.66951],[111.31829,-7.66926],[111.31868,-7.66903],[111.31885,-7.6678],[111.32054,-7.66772],[111.3211,-7.66807],[111.32481,-7.66748],[111.32574,-7.66651],[111.32538,-7.66567],[111.32414,-7.66525],[111.3246,-7.66367],[111.32666,-7.66293],[111.32975,-7.66419],[111.33134,-7.66376],[111.33243,-7.66447],[111.33345,-7.66449],[111.33399,-7.66483],[111.33485,-7.6644],[111.33624,-7.66464],[111.33766,-7.66265],[111.33884,-7.66274],[111.34033,-7.66195],[111.34166,-7.66213],[111.34261,-7.66267],[111.34403,-7.66256],[111.34467,-7.66299],[111.34515,-7.66247],[111.34713,-7.66195],[111.34806,-7.66051],[111.34918,-7.66124],[111.3504,-7.661],[111.35044,-7.66144],[111.35088,-7.66166],[111.35296,-7.66121],[111.35402,-7.6626],[111.35483,-7.66283],[111.35564,-7.66073],[111.3563,-7.66093],[111.35664,-7.6605],[111.35662,-7.65886],[111.35751,-7.65884],[111.35752,-7.65694],[111.35922,-7.65692],[111.3588,-7.65567],[111.35923,-7.65347],[111.35975,-7.65345],[111.35978,-7.65294],[111.36067,-7.65265],[111.36069,-7.65154],[111.36164,-7.65149],[111.36261,-7.65042],[111.36212,-7.64722],[111.35825,-7.64738],[111.35828,-7.64403],[111.35804,-7.64404],[111.35754,-7.64133],[111.35767,-7.63973],[111.35656,-7.6404],[111.35594,-7.63945],[111.35564,-7.63776],[111.35632,-7.63703],[111.35746,-7.63715],[111.35818,-7.63753],[111.35835,-7.6381],[111.35947,-7.63836],[111.3602,-7.63786],[111.35931,-7.63659],[111.36092,-7.63555],[111.36217,-7.63646],[111.36247,-7.63626],[111.3631,-7.63687],[111.36428,-7.63726],[111.36648,-7.63702],[111.36629,-7.63571],[111.36499,-7.63471],[111.36283,-7.6362],[111.36188,-7.62998],[111.36237,-7.62967],[111.36353,-7.62748],[111.36444,-7.62738],[111.36472,-7.62605],[111.36399,-7.6228],[111.36328,-7.6224],[111.36331,-7.62171],[111.36259,-7.62122]]]},"properties":{"KDPKAB":"35.20","KDCPUM":"35.20.06","WADMKK":"Magetan","WADMKC":"Magetan"}},{"type":"Feature","geometry":{"type":"Polygon","coordinates":[[[111.21006,-7.64912],[111.20918,-7.64861],[111.20854,-7.6475],[111.20565,-7.64462],[111.20552,-7.64204],[111.20259,-7.63979],[111.20241,-7.63902],[111.20184,-7.63843],[111.20161,-7.63651],[111.1994,-7.6323],[111.19719,-7.6306],[111.19473,-7.62769],[111.19433,-7.62738],[111.19374,-7.62746],[111.18896,-7.62841],[111.18844,-7.63176],[111.18816,-7.638],[111.18746,-7.63993],[111.18777,-7.64922],[111.18758,-7.65005],[111.18612,-7.65221],[111.1859,-7.65343],[111.18583,-7.65771],[111.18635,-7.6617],[111.18692,-7.66274],[111.18623,-7.66465],[111.18721,-7.66573],[111.1876,-7.66775],[111.18886,-7.66847],[111.18926,-7.66931],[111.19066,-7.66939],[111.19215,-7.67014],[111.19393,-7.67051],[111.19523,-7.67218],[111.19557,-7.67319],[111.19504,-7.67357],[111.19332,-7.67338],[111.18987,-7.67496],[111.18768,-7.68501],[111.18991,-7.68599],[111.19461,-7.68645],[111.19531,-7.68703],[111.19642,-7.68737],[111.19983,-7.69204],[111.20424,-7.6947],[111.20527,-7.69748],[111.20673,-7.699],[111.20969,-7.70026],[111.21467,-7.70061],[111.21633,-7.70173],[111.21714,-7.70279],[111.21877,-7.70307],[111.219,-7.70357],[111.22136,-7.70513],[111.22249,-7.70665],[111.22304,-7.70627],[111.22487,-7.70756],[111.22637,-7.70747],[111.23063,-7.71079],[111.23301,-7.71008],[111.23952,-7.70978],[111.23983,-7.70936],[111.24,-7.70971],[111.24163,-7.7092],[111.24236,-7.70941],[111.24322,-7.71045],[111.24421,-7.71092],[111.24502,-7.71036],[111.24609,-7.71075],[111.24808,-7.71033],[111.24807,-7.70969],[111.24892,-7.70865],[111.25014,-7.70775],[111.25065,-7.70806],[111.25258,-7.7071],[111.25312,-7.706],[111.25372,-7.70559],[111.25527,-7.70522],[111.25802,-7.70382],[111.26092,-7.70302],[111.26292,-7.70171],[111.26546,-7.70127],[111.26822,-7.69992],[111.27019,-7.69966],[111.27119,-7.70126],[111.27161,-7.70144],[111.27159,-7.70114],[111.27455,-7.70092],[111.27536,-7.69988],[111.27684,-7.70112],[111.27812,-7.70117],[111.28001,-7.70053],[111.28115,-7.69911],[111.28115,-7.69872],[111.28397,-7.69754],[111.28538,-7.69605],[111.28765,-7.69489],[111.29091,-7.69475],[111.29302,-7.69513],[111.29608,-7.69459],[111.29886,-7.69451],[111.30226,-7.69244],[111.30363,-7.69104],[111.30368,-7.69076],[111.30249,-7.69065],[111.30268,-7.68927],[111.30313,-7.68891],[111.30352,-7.68772],[111.30312,-7.68728],[111.30361,-7.68652],[111.30328,-7.68581],[111.30445,-7.68468],[111.30515,-7.68328],[111.30425,-7.68192],[111.30294,-7.68185],[111.30247,-7.6815],[111.30207,-7.67912],[111.30137,-7.67857],[111.30132,-7.67754],[111.30019,-7.67631],[111.29863,-7.67552],[111.29624,-7.67604],[111.29664,-7.67557],[111.29608,-7.6748],[111.29658,-7.67447],[111.29639,-7.67367],[111.2974,-7.67271],[111.2994,-7.67295],[111.29946,-7.67231],[111.30076,-7.67224],[111.30127,-7.6719],[111.3014,-7.6713],[111.302,-7.67105],[111.30143,-7.67056],[111.30155,-7.66991],[111.30065,-7.67053],[111.30081,-7.66987],[111.30006,-7.6699],[111.30005,-7.6679],[111.29877,-7.66704],[111.29814,-7.6674],[111.29758,-7.66879],[111.29678,-7.66976],[111.29581,-7.6701],[111.29595,-7.6708],[111.29525,-7.67133],[111.29506,-7.67202],[111.29404,-7.67163],[111.29389,-7.67249],[111.29271,-7.67293],[111.29205,-7.67242],[111.29176,-7.67325],[111.29069,-7.67297],[111.29019,-7.67354],[111.28711,-7.67381],[111.28241,-7.67534],[111.27934,-7.67593],[111.27754,-7.67406],[111.27818,-7.6721],[111.27708,-7.67015],[111.27615,-7.67012],[111.27471,-7.66709],[111.2743,-7.66801],[111.27335,-7.66879],[111.27319,-7.66813],[111.27349,-7.66733],[111.27244,-7.66585],[111.27297,-7.66467],[111.27162,-7.66512],[111.27371,-7.66298],[111.27411,-7.66214],[111.27533,-7.66146],[111.27525,-7.66023],[111.27247,-7.6621],[111.27183,-7.66324],[111.27136,-7.6633],[111.27083,-7.66412],[111.27017,-7.66446],[111.26962,-7.66553],[111.26677,-7.66581],[111.26665,-7.66325],[111.26719,-7.66332],[111.26786,-7.66271],[111.26769,-7.66197],[111.26671,-7.66093],[111.26613,-7.6613],[111.264,-7.66123],[111.26287,-7.66013],[111.26127,-7.66178],[111.26225,-7.66264],[111.2622,-7.66347],[111.26124,-7.66424],[111.25981,-7.66439],[111.25853,-7.66516],[111.25836,-7.66387],[111.25694,-7.66346],[111.25627,-7.66283],[111.25635,-7.66167],[111.25727,-7.6602],[111.2567,-7.65989],[111.25468,-7.65705],[111.2515,-7.65747],[111.24934,-7.65831],[111.2495,-7.65849],[111.2468,-7.65742],[111.24445,-7.65758],[111.24325,-7.65712],[111.23973,-7.65686],[111.23757,-7.65732],[111.23538,-7.65683],[111.23444,-7.65602],[111.23027,-7.65674],[111.22832,-7.65667],[111.22538,-7.65571],[111.2244,-7.65504],[111.22406,-7.65413],[111.22215,-7.65326],[111.22148,-7.65351],[111.22003,-7.65305],[111.21811,-7.65306],[111.21326,-7.65198],[111.21259,-7.65067],[111.21078,-7.64928],[111.21006,-7.64912]]]},"properties":{"KDPKAB":"35.20","KDCPUM":"35.20.07","WADMKK":"Magetan","WADMKC":"Plaosan"}},{"type":"Feature","geometry":{"type":"Polygon","coordinates":[[[111.31501,-7.58319],[111.31495,-7.58296],[111.31302,-7.58339],[111.31189,-7.58406],[111.31178,-7.58458],[111.311,-7.58514],[111.30924,-7.58565],[111.30853,-7.58495],[111.30746,-7.58535],[111.30635,-7.58523],[111.30522,-7.58596],[111.30286,-7.58672],[111.30261,-7.58708],[111.30151,-7.58682],[111.3009,-7.58762],[111.30106,-7.58882],[111.29972,-7.5894],[111.29989,-7.58968],[111.29959,-7.59009],[111.29911,-7.59016],[111.29911,-7.59242],[111.29843,-7.59252],[111.29816,-7.59359],[111.29697,-7.59331],[111.29646,-7.59366],[111.29546,-7.59342],[111.29609,-7.59469],[111.29681,-7.59529],[111.29672,-7.59716],[111.29618,-7.59926],[111.29488,-7.6005],[111.29428,-7.60216],[111.29248,-7.60205],[111.29221,-7.60315],[111.29111,-7.60369],[111.2884,-7.60245],[111.28767,-7.60337],[111.28441,-7.60327],[111.28359,-7.60367],[111.2812,-7.60328],[111.27947,-7.60369],[111.27502,-7.60343],[111.27568,-7.60246],[111.27561,-7.60171],[111.27413,-7.60056],[111.27197,-7.60081],[111.27097,-7.60042],[111.27047,-7.59983],[111.26955,-7.59992],[111.26727,-7.59906],[111.26498,-7.59865],[111.26113,-7.59977],[111.2608,-7.59951],[111.26063,-7.59833],[111.2585,-7.59848],[111.25629,-7.59921],[111.25575,-7.59954],[111.25556,-7.60057],[111.25506,-7.60119],[111.25259,-7.60326],[111.25217,-7.60194],[111.24899,-7.60026],[111.24545,-7.60181],[111.24504,-7.60298],[111.24204,-7.60454],[111.2401,-7.60634],[111.23785,-7.60682],[111.23703,-7.60775],[111.23422,-7.60874],[111.23364,-7.6093],[111.23199,-7.60992],[111.22999,-7.61007],[111.2269,-7.60948],[111.22562,-7.61104],[111.22116,-7.61141],[111.22015,-7.6121],[111.21962,-7.61292],[111.21835,-7.61314],[111.21696,-7.61444],[111.21082,-7.61486],[111.20845,-7.61586],[111.20412,-7.61506],[111.19979,-7.61601],[111.1991,-7.61637],[111.19765,-7.6184],[111.19509,-7.62009],[111.19402,-7.61836],[111.19289,-7.61955],[111.19276,-7.62024],[111.19329,-7.62301],[111.19289,-7.62549],[111.19154,-7.62628],[111.18914,-7.62652],[111.18896,-7.62841],[111.19477,-7.62737],[111.19947,-7.62815],[111.2013,-7.62871],[111.20225,-7.6295],[111.20356,-7.62949],[111.2055,-7.63048],[111.20661,-7.62989],[111.20961,-7.63218],[111.21135,-7.6328],[111.21216,-7.63276],[111.2144,-7.63399],[111.21585,-7.63427],[111.2201,-7.6365],[111.22073,-7.63717],[111.2285,-7.63721],[111.23014,-7.63769],[111.23242,-7.63776],[111.23326,-7.63828],[111.23562,-7.63795],[111.23738,-7.63825],[111.24036,-7.6373],[111.24166,-7.63719],[111.24416,-7.63822],[111.24487,-7.6378],[111.24829,-7.63839],[111.25106,-7.63755],[111.25174,-7.63768],[111.25405,-7.63619],[111.25592,-7.63555],[111.25642,-7.63492],[111.25827,-7.63451],[111.2584,-7.63594],[111.25968,-7.63631],[111.26153,-7.63752],[111.26303,-7.63731],[111.26411,-7.63766],[111.26608,-7.63714],[111.26667,-7.63766],[111.26712,-7.63682],[111.26834,-7.63708],[111.2699,-7.63641],[111.27278,-7.63739],[111.27437,-7.63691],[111.27767,-7.63884],[111.27825,-7.63736],[111.2801,-7.63797],[111.281,-7.63765],[111.28056,-7.6372],[111.28147,-7.63496],[111.28132,-7.63365],[111.28183,-7.63318],[111.28083,-7.63275],[111.28059,-7.6321],[111.28079,-7.63186],[111.28141,-7.63175],[111.28228,-7.63221],[111.28299,-7.6322],[111.28403,-7.63306],[111.28472,-7.63415],[111.2854,-7.63381],[111.2873,-7.63403],[111.28952,-7.63258],[111.29092,-7.6324],[111.29122,-7.63314],[111.2922,-7.63375],[111.29463,-7.63338],[111.29634,-7.63411],[111.2971,-7.63501],[111.29739,-7.63585],[111.29671,-7.6363],[111.2968,-7.63693],[111.29397,-7.63767],[111.2932,-7.63947],[111.29224,-7.64006],[111.29302,-7.6408],[111.29293,-7.64109],[111.29626,-7.64268],[111.29652,-7.64321],[111.29638,-7.64426],[111.29768,-7.64486],[111.29788,-7.64322],[111.29808,-7.64325],[111.30031,-7.64451],[111.30465,-7.64497],[111.30524,-7.64544],[111.30535,-7.64512],[111.30597,-7.64507],[111.30661,-7.6457],[111.30693,-7.64561],[111.30691,-7.64476],[111.30725,-7.64457],[111.30892,-7.64529],[111.30923,-7.64501],[111.30908,-7.64381],[111.30813,-7.64377],[111.30758,-7.64319],[111.30815,-7.64301],[111.3087,-7.64187],[111.30981,-7.64144],[111.30964,-7.64097],[111.31009,-7.64109],[111.30994,-7.64019],[111.30893,-7.63893],[111.30946,-7.63883],[111.30937,-7.63817],[111.31022,-7.63807],[111.31089,-7.63855],[111.31096,-7.63593],[111.31155,-7.63541],[111.31203,-7.63544],[111.31451,-7.63658],[111.31647,-7.63664],[111.31673,-7.6358],[111.31695,-7.63599],[111.31794,-7.63504],[111.31862,-7.63487],[111.31908,-7.63386],[111.31936,-7.63385],[111.31894,-7.63372],[111.319,-7.63347],[111.3201,-7.6312],[111.31924,-7.62977],[111.32013,-7.62923],[111.32059,-7.62844],[111.32516,-7.62753],[111.32772,-7.62775],[111.3278,-7.62693],[111.3298,-7.62775],[111.33219,-7.62769],[111.33224,-7.62849],[111.33306,-7.62875],[111.33117,-7.62898],[111.33111,-7.62952],[111.33045,-7.62973],[111.32795,-7.62948],[111.32743,-7.63011],[111.32606,-7.63016],[111.32594,-7.63048],[111.32736,-7.63144],[111.33075,-7.63261],[111.3336,-7.63337],[111.33581,-7.63358],[111.33835,-7.63458],[111.34191,-7.6337],[111.34474,-7.63484],[111.34708,-7.63515],[111.34718,-7.63354],[111.34641,-7.63171],[111.34681,-7.63027],[111.348,-7.62982],[111.34872,-7.62996],[111.35015,-7.62927],[111.35074,-7.62966],[111.35331,-7.62984],[111.35392,-7.62913],[111.35464,-7.62942],[111.35528,-7.6285],[111.35614,-7.62894],[111.35771,-7.62812],[111.35878,-7.62849],[111.35965,-7.62796],[111.36011,-7.62701],[111.36063,-7.62406],[111.36056,-7.62281],[111.35963,-7.62163],[111.35785,-7.62186],[111.3572,-7.6223],[111.35664,-7.62206],[111.35562,-7.62261],[111.35468,-7.62241],[111.35442,-7.62186],[111.35266,-7.62136],[111.35153,-7.62132],[111.35061,-7.62167],[111.34988,-7.62143],[111.3495,-7.6223],[111.34792,-7.62202],[111.34709,-7.62279],[111.3458,-7.62287],[111.34482,-7.62338],[111.34449,-7.62288],[111.34325,-7.62298],[111.34205,-7.62234],[111.34062,-7.62235],[111.34028,-7.62138],[111.33927,-7.62145],[111.33891,-7.621],[111.33754,-7.62188],[111.33719,-7.62082],[111.33651,-7.62085],[111.33599,-7.62027],[111.33407,-7.62001],[111.33347,-7.62026],[111.33406,-7.61942],[111.33494,-7.61949],[111.33688,-7.61839],[111.33771,-7.61821],[111.33844,-7.61862],[111.33901,-7.61777],[111.33962,-7.61797],[111.34032,-7.61735],[111.34144,-7.61767],[111.34331,-7.61674],[111.34405,-7.61679],[111.34536,-7.60731],[111.34516,-7.60608],[111.34553,-7.60479],[111.34473,-7.60471],[111.34434,-7.60361],[111.34519,-7.60345],[111.34547,-7.60253],[111.34624,-7.6018],[111.34655,-7.59982],[111.34462,-7.59646],[111.34498,-7.59613],[111.34423,-7.59402],[111.3436,-7.59365],[111.34317,-7.59388],[111.34343,-7.58661],[111.34305,-7.58755],[111.34207,-7.58807],[111.34123,-7.58763],[111.34009,-7.58766],[111.33975,-7.58849],[111.33812,-7.5887],[111.33687,-7.58765],[111.33605,-7.58846],[111.33496,-7.58819],[111.33516,-7.58881],[111.33472,-7.5894],[111.33412,-7.58922],[111.33332,-7.59045],[111.33243,-7.59045],[111.33198,-7.59002],[111.33149,-7.59023],[111.33155,-7.58959],[111.33261,-7.58827],[111.33308,-7.587],[111.33293,-7.58587],[111.33217,-7.58522],[111.32917,-7.58426],[111.3261,-7.58473],[111.32516,-7.58401],[111.32368,-7.58383],[111.3222,-7.58418],[111.3187,-7.58621],[111.31782,-7.58784],[111.31556,-7.58907],[111.31507,-7.58886],[111.31543,-7.58851],[111.31521,-7.58651],[111.31609,-7.58585],[111.31528,-7.58544],[111.31557,-7.58477],[111.31501,-7.58319]]]},"properties":{"KDPKAB":"35.20","KDCPUM":"35.20.08","WADMKK":"Magetan","WADMKC":"Panekan"}},{"type":"Feature","geometry":{"type":"Polygon","coordinates":[[[111.40523,-7.59136],[111.40245,-7.58901],[111.40156,-7.58994],[111.40184,-7.59082],[111.40079,-7.59169],[111.39987,-7.59155],[111.40073,-7.59047],[111.39923,-7.5902],[111.39854,-7.59151],[111.39714,-7.59117],[111.39644,-7.59131],[111.39601,-7.59246],[111.39644,-7.59357],[111.39621,-7.59401],[111.39567,-7.59432],[111.39414,-7.59396],[111.39228,-7.59448],[111.39145,-7.59512],[111.39111,-7.59723],[111.38958,-7.59835],[111.38814,-7.5986],[111.38726,-7.60018],[111.38474,-7.60262],[111.38362,-7.60447],[111.38218,-7.60603],[111.3814,-7.60672],[111.37963,-7.60749],[111.37866,-7.60289],[111.3775,-7.60395],[111.37347,-7.60514],[111.37351,-7.60603],[111.37277,-7.60691],[111.37282,-7.60816],[111.37103,-7.60782],[111.36961,-7.60813],[111.36856,-7.60711],[111.36674,-7.60761],[111.36564,-7.60741],[111.36419,-7.60597],[111.36342,-7.60602],[111.36201,-7.60706],[111.36086,-7.60329],[111.36051,-7.60044],[111.36149,-7.59905],[111.36219,-7.59893],[111.36223,-7.59851],[111.36309,-7.59786],[111.36304,-7.59749],[111.36402,-7.59676],[111.36437,-7.59604],[111.36408,-7.59535],[111.36204,-7.59442],[111.36155,-7.59367],[111.36132,-7.59422],[111.36047,-7.59401],[111.36001,-7.59459],[111.35856,-7.59478],[111.3558,-7.59667],[111.35373,-7.59702],[111.35309,-7.59808],[111.35192,-7.59741],[111.35144,-7.59828],[111.34918,-7.59786],[111.34791,-7.59851],[111.34617,-7.59871],[111.34655,-7.59982],[111.34627,-7.60174],[111.34547,-7.60253],[111.34519,-7.60345],[111.34434,-7.60361],[111.34473,-7.60471],[111.34553,-7.60479],[111.34516,-7.60608],[111.34536,-7.60731],[111.34405,-7.61679],[111.34331,-7.61674],[111.34144,-7.61767],[111.34032,-7.61735],[111.33962,-7.61797],[111.33901,-7.61777],[111.33844,-7.61862],[111.33771,-7.61821],[111.33688,-7.61839],[111.33494,-7.61949],[111.33406,-7.61942],[111.33347,-7.62026],[111.33407,-7.62001],[111.33599,-7.62027],[111.33651,-7.62085],[111.33719,-7.62082],[111.33754,-7.62188],[111.33891,-7.621],[111.33927,-7.62145],[111.34028,-7.62138],[111.34062,-7.62235],[111.34205,-7.62234],[111.34325,-7.62298],[111.34449,-7.62288],[111.34482,-7.62338],[111.3458,-7.62287],[111.34709,-7.62279],[111.34792,-7.62202],[111.3495,-7.6223],[111.34988,-7.62143],[111.35061,-7.62167],[111.35153,-7.62132],[111.35266,-7.62136],[111.35442,-7.62186],[111.35468,-7.62241],[111.35562,-7.62261],[111.35664,-7.62206],[111.3572,-7.6223],[111.36038,-7.62102],[111.36092,-7.62127],[111.36231,-7.62075],[111.36247,-7.62119],[111.36331,-7.62171],[111.36328,-7.6224],[111.36399,-7.6228],[111.3647,-7.62624],[111.36444,-7.62738],[111.36353,-7.62748],[111.36237,-7.62967],[111.36188,-7.62998],[111.36201,-7.63177],[111.36283,-7.6362],[111.36499,-7.63471],[111.36629,-7.63571],[111.36648,-7.63702],[111.36428,-7.63726],[111.3631,-7.63687],[111.36247,-7.63626],[111.36217,-7.63646],[111.36092,-7.63555],[111.35931,-7.63659],[111.3602,-7.63786],[111.35947,-7.63836],[111.35835,-7.6381],[111.35818,-7.63753],[111.35746,-7.63715],[111.35632,-7.63703],[111.35564,-7.63776],[111.35594,-7.63945],[111.35656,-7.6404],[111.35767,-7.63973],[111.35754,-7.64133],[111.35804,-7.64404],[111.35828,-7.64403],[111.35825,-7.64738],[111.36212,-7.64722],[111.36261,-7.65042],[111.36164,-7.65149],[111.36069,-7.65154],[111.36067,-7.65265],[111.35978,-7.65294],[111.35975,-7.65345],[111.35923,-7.65347],[111.3588,-7.65567],[111.35922,-7.65692],[111.35752,-7.65694],[111.35751,-7.65884],[111.35662,-7.65886],[111.35664,-7.6605],[111.3563,-7.66093],[111.35564,-7.66073],[111.35483,-7.66283],[111.35654,-7.66364],[111.35684,-7.66353],[111.357,-7.66265],[111.35751,-7.66235],[111.35857,-7.66319],[111.36224,-7.66222],[111.36478,-7.6629],[111.36592,-7.66441],[111.36627,-7.66432],[111.36667,-7.66271],[111.36824,-7.66356],[111.36937,-7.66366],[111.37131,-7.66215],[111.37394,-7.6625],[111.37494,-7.66197],[111.37674,-7.66288],[111.37809,-7.66225],[111.38018,-7.66262],[111.38177,-7.66184],[111.38262,-7.66242],[111.38437,-7.66246],[111.3857,-7.66208],[111.38764,-7.66226],[111.38945,-7.66155],[111.39063,-7.66272],[111.39249,-7.66158],[111.39324,-7.66158],[111.39393,-7.66213],[111.39542,-7.662],[111.39455,-7.6596],[111.39375,-7.65948],[111.39397,-7.65821],[111.39341,-7.65809],[111.39373,-7.65774],[111.39379,-7.65569],[111.39445,-7.65391],[111.39492,-7.65351],[111.39465,-7.65295],[111.39328,-7.65288],[111.39287,-7.65332],[111.39111,-7.65226],[111.39064,-7.65249],[111.3902,-7.65217],[111.38881,-7.65275],[111.38734,-7.65225],[111.38516,-7.65288],[111.38475,-7.65235],[111.38485,-7.65087],[111.38411,-7.65006],[111.38517,-7.64455],[111.386,-7.64394],[111.3879,-7.64347],[111.38875,-7.64346],[111.38909,-7.644],[111.39001,-7.64342],[111.39086,-7.64124],[111.39122,-7.63696],[111.39177,-7.63641],[111.39271,-7.63636],[111.39424,-7.63542],[111.3953,-7.6352],[111.39595,-7.63457],[111.39802,-7.63393],[111.39852,-7.63335],[111.39972,-7.63329],[111.40066,-7.63284],[111.40142,-7.62963],[111.40211,-7.62955],[111.40272,-7.63041],[111.40424,-7.62923],[111.40579,-7.62924],[111.40618,-7.61812],[111.40576,-7.61806],[111.40619,-7.6143],[111.40555,-7.61363],[111.40581,-7.61314],[111.40589,-7.60778],[111.40561,-7.60554],[111.4026,-7.60561],[111.40396,-7.59778],[111.40485,-7.59784],[111.40543,-7.59356],[111.40535,-7.59261],[111.40507,-7.59246],[111.40523,-7.59136]]]},"properties":{"KDPKAB":"35.20","KDCPUM":"35.20.09","WADMKK":"Magetan","WADMKC":"Sukomoro"}},{"type":"Feature","geometry":{"type":"Polygon","coordinates":[[[111.42946,-7.59787],[111.42943,-7.59742],[111.42849,-7.59713],[111.42815,-7.5979],[111.42699,-7.59772],[111.42736,-7.59841],[111.42694,-7.59883],[111.42691,-7.59953],[111.42643,-7.59899],[111.42594,-7.59905],[111.42574,-7.60087],[111.42448,-7.60168],[111.42434,-7.60221],[111.42315,-7.60227],[111.4233,-7.60329],[111.42253,-7.60316],[111.42244,-7.60402],[111.4214,-7.60416],[111.4214,-7.60459],[111.4223,-7.60498],[111.42102,-7.60549],[111.42102,-7.60625],[111.42059,-7.60673],[111.42109,-7.60718],[111.42022,-7.60747],[111.42049,-7.60804],[111.41988,-7.6086],[111.41901,-7.60871],[111.41973,-7.60941],[111.41943,-7.60993],[111.41841,-7.60982],[111.41802,-7.61075],[111.41708,-7.61115],[111.41671,-7.61065],[111.41624,-7.61116],[111.41572,-7.61114],[111.41548,-7.61206],[111.41497,-7.61251],[111.41406,-7.61219],[111.41391,-7.61295],[111.4131,-7.61333],[111.41275,-7.61271],[111.41237,-7.61365],[111.41168,-7.6125],[111.41104,-7.61314],[111.41038,-7.6125],[111.40879,-7.61242],[111.40852,-7.61315],[111.40817,-7.61287],[111.40839,-7.61213],[111.4079,-7.61211],[111.40732,-7.61291],[111.40779,-7.6134],[111.40688,-7.61364],[111.40619,-7.6143],[111.40576,-7.61806],[111.40618,-7.61812],[111.40579,-7.62924],[111.40424,-7.62923],[111.40272,-7.63041],[111.40211,-7.62955],[111.40142,-7.62963],[111.40066,-7.63284],[111.39972,-7.63329],[111.39852,-7.63335],[111.39802,-7.63393],[111.39595,-7.63457],[111.3953,-7.6352],[111.39424,-7.63542],[111.39271,-7.63636],[111.39177,-7.63641],[111.39122,-7.63696],[111.39086,-7.64124],[111.39001,-7.64342],[111.38909,-7.644],[111.38875,-7.64346],[111.3879,-7.64347],[111.386,-7.64394],[111.38517,-7.64455],[111.38411,-7.65006],[111.38487,-7.65093],[111.38483,-7.65262],[111.38569,-7.65292],[111.38626,-7.65245],[111.38734,-7.65225],[111.38881,-7.65275],[111.3902,-7.65217],[111.39064,-7.65249],[111.39111,-7.65226],[111.39287,-7.65332],[111.39328,-7.65288],[111.39465,-7.65295],[111.39492,-7.65351],[111.39445,-7.65391],[111.39379,-7.65569],[111.39373,-7.65774],[111.39341,-7.65809],[111.39397,-7.65821],[111.39375,-7.65948],[111.39455,-7.6596],[111.39542,-7.662],[111.39721,-7.66213],[111.39826,-7.66273],[111.3988,-7.66267],[111.40069,-7.66119],[111.40211,-7.66223],[111.40315,-7.6618],[111.40547,-7.66269],[111.40554,-7.66203],[111.40802,-7.66081],[111.40863,-7.6611],[111.4102,-7.66301],[111.41084,-7.6631],[111.41141,-7.66368],[111.41212,-7.6636],[111.41208,-7.66245],[111.41295,-7.66244],[111.41538,-7.66356],[111.41525,-7.66468],[111.41549,-7.66517],[111.41713,-7.66534],[111.41839,-7.66586],[111.42012,-7.6658],[111.42162,-7.66645],[111.42309,-7.66634],[111.42327,-7.6667],[111.42261,-7.66795],[111.42304,-7.66841],[111.42715,-7.67098],[111.42919,-7.67074],[111.42984,-7.67187],[111.43107,-7.67304],[111.43087,-7.67465],[111.43188,-7.6751],[111.43215,-7.67453],[111.43164,-7.67242],[111.4322,-7.67203],[111.43299,-7.67231],[111.4329,-7.67385],[111.43407,-7.67522],[111.43445,-7.67507],[111.43461,-7.67365],[111.43536,-7.67168],[111.43679,-7.67298],[111.43982,-7.67408],[111.44065,-7.67333],[111.44211,-7.67407],[111.44386,-7.67383],[111.44453,-7.67426],[111.44612,-7.67303],[111.44712,-7.67281],[111.44734,-7.67207],[111.44811,-7.67179],[111.44832,-7.67122],[111.44963,-7.67035],[111.44986,-7.6694],[111.45263,-7.66582],[111.45567,-7.66335],[111.45623,-7.66259],[111.45623,-7.66137],[111.45739,-7.66086],[111.45926,-7.65871],[111.46035,-7.65949],[111.46143,-7.65954],[111.46207,-7.65904],[111.46315,-7.65883],[111.46348,-7.65783],[111.46427,-7.65753],[111.46594,-7.65909],[111.46812,-7.6582],[111.46987,-7.65937],[111.47048,-7.65936],[111.47245,-7.65887],[111.47498,-7.65767],[111.47542,-7.65811],[111.47485,-7.65902],[111.47505,-7.65937],[111.47804,-7.65918],[111.47851,-7.65944],[111.47943,-7.66098],[111.48102,-7.66038],[111.4817,-7.66069],[111.48211,-7.6586],[111.48408,-7.65449],[111.48385,-7.65412],[111.48402,-7.65252],[111.48455,-7.6502],[111.48488,-7.65015],[111.48507,-7.6494],[111.48512,-7.64799],[111.48482,-7.64766],[111.48524,-7.64647],[111.48496,-7.64638],[111.48563,-7.6449],[111.48647,-7.64517],[111.48702,-7.64422],[111.48654,-7.6441],[111.48694,-7.64147],[111.483,-7.64165],[111.48136,-7.64099],[111.48512,-7.63596],[111.4852,-7.63403],[111.48694,-7.63235],[111.48529,-7.63141],[111.48369,-7.63386],[111.48322,-7.63374],[111.48304,-7.63301],[111.48132,-7.63233],[111.4807,-7.63242],[111.48035,-7.63297],[111.47992,-7.63293],[111.47938,-7.63343],[111.47895,-7.63393],[111.47911,-7.63644],[111.48125,-7.63633],[111.48027,-7.64],[111.47701,-7.63898],[111.47629,-7.64009],[111.47462,-7.63976],[111.47452,-7.64036],[111.47124,-7.63991],[111.47118,-7.6402],[111.47069,-7.64013],[111.47045,-7.64118],[111.4697,-7.64104],[111.46957,-7.64151],[111.46914,-7.64139],[111.46869,-7.64114],[111.46883,-7.64053],[111.4683,-7.64047],[111.46808,-7.63997],[111.46836,-7.63921],[111.46635,-7.63873],[111.4664,-7.63969],[111.46309,-7.63899],[111.4637,-7.63748],[111.46632,-7.63767],[111.46612,-7.63539],[111.46542,-7.63523],[111.46488,-7.63457],[111.46339,-7.63429],[111.46323,-7.63327],[111.46207,-7.63276],[111.46241,-7.62839],[111.46,-7.62812],[111.46026,-7.62707],[111.46,-7.62699],[111.46007,-7.6263],[111.45854,-7.62557],[111.45415,-7.62479],[111.45305,-7.62855],[111.45072,-7.62792],[111.45157,-7.6228],[111.45166,-7.62022],[111.4497,-7.62058],[111.44837,-7.62181],[111.44738,-7.62215],[111.44573,-7.63016],[111.44438,-7.62978],[111.44296,-7.63496],[111.44116,-7.63377],[111.43647,-7.63258],[111.43285,-7.63266],[111.43276,-7.63172],[111.43086,-7.63128],[111.43149,-7.6288],[111.43193,-7.62857],[111.43243,-7.62748],[111.43202,-7.62653],[111.43144,-7.62634],[111.42946,-7.59787]]]},"properties":{"KDPKAB":"35.20","KDCPUM":"35.20.10","WADMKK":"Magetan","WADMKC":"Bendo"}},{"type":"Feature","geometry":{"type":"Polygon","coordinates":[[[111.47486,-7.57111],[111.47399,-7.57077],[111.47459,-7.56878],[111.47274,-7.56819],[111.47305,-7.56676],[111.47109,-7.56602],[111.47125,-7.56558],[111.46983,-7.566],[111.46471,-7.56934],[111.4588,-7.57236],[111.45883,-7.57307],[111.45935,-7.57303],[111.45936,-7.57406],[111.45894,-7.57407],[111.45887,-7.5745],[111.45826,-7.57444],[111.45818,-7.57708],[111.45733,-7.57681],[111.4565,-7.57952],[111.45287,-7.57875],[111.45255,-7.57984],[111.44863,-7.57931],[111.44777,-7.5791],[111.44787,-7.57841],[111.44671,-7.57832],[111.44685,-7.5774],[111.44175,-7.57647],[111.437,-7.57522],[111.4363,-7.57474],[111.43494,-7.57741],[111.43514,-7.57888],[111.43475,-7.57925],[111.4347,-7.58166],[111.43389,-7.58267],[111.43415,-7.58356],[111.4308,-7.58281],[111.43071,-7.58327],[111.43024,-7.5834],[111.42846,-7.5831],[111.42792,-7.58405],[111.42644,-7.58402],[111.42641,-7.58434],[111.42527,-7.58468],[111.42264,-7.5843],[111.41606,-7.58246],[111.41664,-7.57994],[111.41595,-7.57958],[111.41599,-7.57882],[111.41524,-7.57864],[111.41446,-7.57905],[111.41293,-7.57855],[111.41283,-7.57912],[111.41361,-7.57981],[111.41268,-7.58148],[111.41045,-7.5807],[111.41015,-7.58123],[111.40907,-7.58186],[111.40888,-7.58395],[111.40779,-7.58538],[111.40686,-7.58564],[111.40673,-7.58527],[111.40711,-7.58469],[111.40623,-7.5839],[111.40575,-7.58577],[111.40503,-7.58599],[111.40404,-7.5858],[111.40387,-7.58614],[111.40418,-7.58731],[111.40404,-7.58799],[111.40515,-7.58864],[111.40514,-7.58898],[111.40473,-7.58917],[111.40457,-7.59074],[111.40472,-7.59112],[111.40525,-7.59114],[111.40507,-7.59246],[111.40535,-7.59261],[111.40543,-7.59356],[111.40485,-7.59784],[111.40396,-7.59778],[111.4026,-7.60561],[111.40561,-7.60554],[111.40589,-7.60778],[111.40581,-7.61314],[111.40555,-7.61363],[111.40619,-7.6143],[111.40688,-7.61364],[111.40776,-7.61343],[111.40732,-7.61289],[111.40816,-7.61199],[111.40843,-7.61313],[111.40873,-7.61303],[111.40852,-7.61268],[111.40879,-7.61242],[111.41038,-7.6125],[111.41104,-7.61314],[111.41159,-7.61247],[111.41239,-7.61364],[111.41275,-7.61271],[111.41303,-7.61332],[111.41364,-7.61316],[111.41405,-7.6122],[111.41486,-7.61255],[111.41543,-7.61212],[111.41572,-7.61114],[111.41624,-7.61116],[111.41671,-7.61065],[111.41708,-7.61115],[111.41802,-7.61075],[111.41841,-7.60982],[111.41955,-7.60985],[111.41973,-7.60941],[111.41901,-7.60871],[111.41988,-7.6086],[111.42049,-7.60804],[111.42022,-7.60747],[111.42109,-7.60718],[111.42059,-7.60673],[111.42102,-7.60625],[111.42102,-7.60549],[111.4223,-7.60498],[111.4214,-7.60459],[111.4214,-7.60416],[111.42244,-7.60402],[111.42253,-7.60316],[111.4233,-7.60329],[111.42315,-7.60227],[111.42434,-7.60221],[111.42448,-7.60168],[111.42574,-7.60087],[111.42594,-7.59905],[111.42643,-7.59899],[111.42691,-7.59953],[111.42694,-7.59883],[111.42736,-7.59841],[111.42699,-7.59772],[111.42815,-7.5979],[111.42849,-7.59713],[111.42943,-7.59742],[111.43144,-7.62634],[111.43202,-7.62653],[111.43243,-7.62748],[111.43193,-7.62857],[111.43149,-7.6288],[111.43086,-7.63128],[111.43276,-7.63172],[111.43285,-7.63266],[111.43647,-7.63258],[111.44116,-7.63377],[111.44296,-7.63496],[111.44438,-7.62978],[111.44573,-7.63016],[111.44738,-7.62215],[111.44837,-7.62181],[111.4497,-7.62058],[111.45121,-7.62047],[111.45452,-7.61895],[111.45714,-7.61967],[111.4584,-7.61954],[111.45898,-7.61857],[111.46073,-7.61848],[111.46159,-7.61799],[111.46301,-7.61623],[111.46418,-7.61561],[111.46884,-7.61475],[111.46914,-7.61366],[111.47004,-7.61307],[111.46967,-7.613],[111.46982,-7.61245],[111.47013,-7.6125],[111.47081,-7.61036],[111.47039,-7.61019],[111.47061,-7.609],[111.47211,-7.60906],[111.47229,-7.60883],[111.47409,-7.60917],[111.47453,-7.60864],[111.47439,-7.60829],[111.47529,-7.60633],[111.47321,-7.6056],[111.4736,-7.60376],[111.47277,-7.6034],[111.47369,-7.60137],[111.47352,-7.59976],[111.47459,-7.59847],[111.47506,-7.5964],[111.47602,-7.5962],[111.47668,-7.59488],[111.47623,-7.59481],[111.47637,-7.59397],[111.47604,-7.59382],[111.4768,-7.59164],[111.47568,-7.5914],[111.4762,-7.59059],[111.47514,-7.59036],[111.47505,-7.59008],[111.47512,-7.58892],[111.4756,-7.58869],[111.47586,-7.58786],[111.47506,-7.58752],[111.47537,-7.58622],[111.47651,-7.58648],[111.47738,-7.58516],[111.47705,-7.5835],[111.47783,-7.58122],[111.4782,-7.58075],[111.47885,-7.58077],[111.47909,-7.5801],[111.47909,-7.57856],[111.4786,-7.57825],[111.47854,-7.57773],[111.47917,-7.57541],[111.4807,-7.57498],[111.48119,-7.57433],[111.4837,-7.57495],[111.48427,-7.57481],[111.48517,-7.57335],[111.48465,-7.57215],[111.48501,-7.57199],[111.48523,-7.57087],[111.48281,-7.57016],[111.48231,-7.57143],[111.48201,-7.57104],[111.48022,-7.57115],[111.47964,-7.57074],[111.47724,-7.57055],[111.47648,-7.57062],[111.47572,-7.5713],[111.47486,-7.57111]]]},"properties":{"KDPKAB":"35.20","KDCPUM":"35.20.11","WADMKK":"Magetan","WADMKC":"Maospati"}},{"type":"Feature","geometry":{"type":"Polygon","coordinates":[[[111.46849,-7.52909],[111.46866,-7.52882],[111.46383,-7.52917],[111.46034,-7.52892],[111.46007,-7.52986],[111.45864,-7.52989],[111.45865,-7.5296],[111.45805,-7.52962],[111.45769,-7.53056],[111.45699,-7.53069],[111.45693,-7.53017],[111.4572,-7.52994],[111.45666,-7.5298],[111.45576,-7.53076],[111.45579,-7.53178],[111.45449,-7.53429],[111.45471,-7.5352],[111.45405,-7.53624],[111.45384,-7.53805],[111.45312,-7.53861],[111.45154,-7.53778],[111.45072,-7.53844],[111.4505,-7.53808],[111.44995,-7.53815],[111.44825,-7.53886],[111.44559,-7.5386],[111.44578,-7.53519],[111.44268,-7.53608],[111.44211,-7.53604],[111.44261,-7.53427],[111.44221,-7.53434],[111.44171,-7.53548],[111.44134,-7.53554],[111.44061,-7.53484],[111.44039,-7.53297],[111.44086,-7.53049],[111.43899,-7.53232],[111.43551,-7.53215],[111.43534,-7.53505],[111.43472,-7.53603],[111.43505,-7.53934],[111.4341,-7.54026],[111.43448,-7.54283],[111.43338,-7.54466],[111.4328,-7.54467],[111.4363,-7.54472],[111.4353,-7.55013],[111.43793,-7.55059],[111.43772,-7.55252],[111.43381,-7.552],[111.43446,-7.55301],[111.43752,-7.55417],[111.43617,-7.56497],[111.43799,-7.56468],[111.43859,-7.56552],[111.43969,-7.56589],[111.43976,-7.56645],[111.43833,-7.56676],[111.43754,-7.57248],[111.43492,-7.5736],[111.43559,-7.57538],[111.4351,-7.57689],[111.43567,-7.57636],[111.4363,-7.57474],[111.437,-7.57522],[111.44175,-7.57647],[111.44685,-7.5774],[111.44671,-7.57832],[111.44787,-7.57841],[111.44777,-7.5791],[111.44863,-7.57931],[111.45255,-7.57984],[111.45287,-7.57875],[111.4565,-7.57952],[111.45733,-7.57681],[111.45818,-7.57708],[111.45826,-7.57444],[111.45887,-7.5745],[111.45894,-7.57407],[111.45936,-7.57406],[111.45935,-7.57303],[111.45883,-7.57307],[111.4588,-7.57236],[111.46471,-7.56934],[111.46819,-7.56684],[111.47089,-7.56563],[111.47125,-7.56558],[111.47109,-7.56602],[111.47305,-7.56676],[111.47274,-7.56819],[111.47459,-7.56878],[111.47399,-7.57077],[111.47534,-7.5713],[111.47581,-7.57127],[111.47648,-7.57062],[111.47724,-7.57055],[111.47964,-7.57074],[111.48022,-7.57115],[111.48201,-7.57104],[111.48231,-7.57143],[111.48281,-7.57016],[111.48572,-7.57093],[111.48652,-7.56947],[111.48628,-7.56885],[111.48663,-7.56819],[111.48578,-7.56778],[111.48586,-7.56753],[111.48641,-7.56762],[111.48625,-7.56613],[111.48809,-7.5652],[111.48974,-7.56545],[111.48984,-7.56518],[111.4919,-7.56629],[111.49297,-7.56631],[111.49285,-7.56721],[111.49316,-7.56736],[111.49414,-7.5667],[111.49501,-7.56664],[111.50003,-7.56753],[111.50058,-7.56732],[111.5005,-7.56591],[111.50136,-7.56499],[111.50079,-7.56448],[111.49996,-7.56542],[111.49975,-7.56521],[111.49961,-7.56449],[111.49999,-7.56442],[111.5002,-7.56385],[111.49961,-7.56343],[111.49965,-7.56269],[111.50024,-7.5624],[111.49987,-7.56209],[111.49995,-7.56152],[111.50041,-7.56062],[111.50059,-7.56072],[111.50042,-7.5603],[111.50092,-7.55877],[111.50147,-7.55869],[111.50199,-7.55756],[111.50155,-7.55727],[111.50162,-7.55659],[111.50206,-7.55661],[111.50238,-7.55743],[111.5028,-7.55767],[111.50359,-7.55753],[111.50297,-7.55622],[111.49696,-7.55376],[111.49191,-7.55262],[111.49127,-7.55081],[111.49068,-7.5509],[111.49047,-7.55026],[111.4896,-7.55067],[111.48852,-7.54966],[111.48796,-7.54993],[111.48734,-7.54955],[111.48684,-7.54968],[111.4868,-7.54908],[111.48603,-7.54902],[111.4861,-7.54873],[111.48542,-7.54855],[111.48503,-7.54883],[111.48498,-7.54845],[111.48452,-7.54851],[111.48402,-7.54813],[111.48331,-7.54839],[111.48343,-7.54995],[111.48269,-7.55001],[111.48268,-7.55063],[111.4815,-7.55052],[111.4803,-7.55183],[111.47641,-7.55092],[111.47556,-7.54953],[111.47145,-7.54753],[111.4717,-7.5473],[111.47144,-7.54714],[111.47215,-7.54654],[111.47232,-7.5457],[111.47303,-7.54522],[111.47458,-7.54174],[111.47351,-7.54118],[111.47423,-7.53924],[111.46783,-7.53931],[111.46477,-7.53868],[111.46516,-7.53536],[111.46736,-7.53544],[111.46864,-7.5295],[111.46825,-7.52949],[111.46849,-7.52909]]]},"properties":{"KDPKAB":"35.20","KDCPUM":"35.20.12","WADMKK":"Magetan","WADMKC":"Barat"}},{"type":"Feature","geometry":{"type":"Polygon","coordinates":[[[111.41837,-7.5363],[111.41909,-7.53363],[111.4159,-7.53319],[111.41566,-7.53412],[111.41615,-7.53419],[111.41609,-7.53478],[111.41574,-7.53492],[111.41578,-7.53647],[111.41514,-7.53658],[111.41437,-7.53731],[111.40825,-7.53828],[111.40206,-7.53862],[111.40169,-7.53894],[111.40196,-7.53975],[111.40023,-7.54095],[111.40037,-7.54151],[111.40157,-7.54228],[111.40306,-7.5429],[111.40498,-7.5429],[111.40691,-7.54383],[111.40608,-7.54589],[111.40486,-7.54681],[111.40521,-7.54692],[111.40502,-7.54732],[111.40417,-7.54818],[111.40471,-7.54843],[111.40464,-7.549],[111.40291,-7.5489],[111.40289,-7.54954],[111.40409,-7.54953],[111.40401,-7.55023],[111.40387,-7.55061],[111.40287,-7.5506],[111.40287,-7.55564],[111.40092,-7.55869],[111.4008,-7.56052],[111.40039,-7.56119],[111.40263,-7.56141],[111.40269,-7.56185],[111.4041,-7.5626],[111.40495,-7.56371],[111.40934,-7.56463],[111.40865,-7.56784],[111.40589,-7.56744],[111.4057,-7.56847],[111.40439,-7.56868],[111.40432,-7.56939],[111.40552,-7.56914],[111.40509,-7.5714],[111.40435,-7.57135],[111.40393,-7.57451],[111.4107,-7.57251],[111.41095,-7.57327],[111.41302,-7.57273],[111.41491,-7.57436],[111.41613,-7.57411],[111.41782,-7.57489],[111.41773,-7.57524],[111.41656,-7.57566],[111.41609,-7.57628],[111.41594,-7.57718],[111.41625,-7.5781],[111.4154,-7.57764],[111.41511,-7.57785],[111.41555,-7.57823],[111.41524,-7.57864],[111.41599,-7.57882],[111.41595,-7.57958],[111.41664,-7.57994],[111.41606,-7.58246],[111.42496,-7.5847],[111.42641,-7.58434],[111.42644,-7.58402],[111.42792,-7.58405],[111.42846,-7.5831],[111.43024,-7.5834],[111.43071,-7.58327],[111.4308,-7.58281],[111.43415,-7.58356],[111.43389,-7.58267],[111.4348,-7.58125],[111.43475,-7.57925],[111.43514,-7.57888],[111.43487,-7.57785],[111.43559,-7.57538],[111.43492,-7.5736],[111.43754,-7.57248],[111.43833,-7.56676],[111.43976,-7.56645],[111.43969,-7.56589],[111.43859,-7.56552],[111.43799,-7.56468],[111.43617,-7.56497],[111.43752,-7.55417],[111.43446,-7.55301],[111.43381,-7.552],[111.43772,-7.55252],[111.43793,-7.55059],[111.4353,-7.55013],[111.4363,-7.54472],[111.4328,-7.54467],[111.43338,-7.54466],[111.43448,-7.54283],[111.4341,-7.54026],[111.43505,-7.53934],[111.43472,-7.53603],[111.43135,-7.53597],[111.43115,-7.53637],[111.43276,-7.53751],[111.43127,-7.53792],[111.42957,-7.53751],[111.42745,-7.53826],[111.42377,-7.53809],[111.42408,-7.53686],[111.42363,-7.53689],[111.42353,-7.53445],[111.42424,-7.53455],[111.42439,-7.53428],[111.42402,-7.53397],[111.42319,-7.53404],[111.42258,-7.53357],[111.4221,-7.53379],[111.42146,-7.53515],[111.42073,-7.53552],[111.42038,-7.53651],[111.41855,-7.53671],[111.41837,-7.5363]],[[111.41495,-7.54091],[111.41717,-7.54119],[111.41715,-7.54197],[111.41743,-7.54207],[111.41724,-7.54249],[111.41789,-7.54316],[111.41707,-7.54465],[111.41625,-7.54474],[111.41547,-7.54601],[111.41466,-7.54599],[111.41404,-7.54641],[111.41372,-7.54614],[111.41381,-7.54569],[111.41297,-7.54547],[111.41314,-7.54365],[111.41384,-7.54197],[111.41361,-7.54108],[111.41495,-7.54091]]]},"properties":{"KDPKAB":"35.20","KDCPUM":"35.20.13","WADMKK":"Magetan","WADMKC":"Karangrejo"}},{"type":"Feature","geometry":{"type":"Polygon","coordinates":[[[111.38465,-7.53736],[111.38356,-7.53713],[111.38323,-7.53825],[111.3819,-7.53878],[111.38111,-7.54003],[111.37937,-7.54145],[111.37807,-7.54188],[111.37763,-7.54256],[111.37784,-7.54354],[111.3783,-7.54397],[111.37802,-7.54447],[111.37667,-7.54535],[111.3757,-7.54557],[111.37534,-7.54698],[111.37474,-7.54696],[111.37432,-7.54734],[111.37356,-7.54678],[111.37377,-7.54792],[111.37271,-7.54812],[111.3727,-7.54873],[111.37192,-7.55003],[111.3725,-7.55105],[111.37157,-7.55185],[111.37168,-7.55241],[111.37055,-7.55295],[111.36986,-7.55384],[111.36909,-7.55409],[111.36916,-7.55467],[111.36801,-7.55514],[111.3681,-7.55546],[111.36853,-7.55549],[111.36769,-7.55641],[111.36923,-7.55807],[111.37095,-7.55891],[111.37102,-7.55984],[111.37148,-7.55963],[111.37239,-7.56022],[111.37281,-7.5597],[111.37257,-7.55873],[111.37326,-7.5586],[111.37425,-7.56072],[111.37382,-7.56185],[111.37203,-7.56256],[111.37172,-7.56296],[111.37214,-7.56523],[111.37203,-7.56751],[111.37058,-7.57001],[111.37082,-7.5717],[111.37019,-7.57336],[111.36951,-7.57385],[111.36795,-7.57368],[111.36761,-7.57414],[111.36648,-7.57345],[111.36649,-7.5731],[111.36579,-7.57313],[111.366,-7.57025],[111.36263,-7.56997],[111.36217,-7.57053],[111.36172,-7.5703],[111.36049,-7.57101],[111.35973,-7.57065],[111.35726,-7.57106],[111.35661,-7.57043],[111.35535,-7.57063],[111.35439,-7.57041],[111.3532,-7.57276],[111.35063,-7.57335],[111.35015,-7.57394],[111.34626,-7.57557],[111.34451,-7.57665],[111.34243,-7.5771],[111.34103,-7.57678],[111.34039,-7.57748],[111.3393,-7.57722],[111.33627,-7.5792],[111.33493,-7.5795],[111.33015,-7.58175],[111.32917,-7.58426],[111.33182,-7.585],[111.33305,-7.58611],[111.33308,-7.587],[111.33261,-7.58827],[111.33155,-7.58959],[111.33149,-7.59023],[111.33198,-7.59002],[111.33243,-7.59045],[111.33332,-7.59045],[111.33412,-7.58922],[111.33458,-7.58946],[111.33511,-7.58899],[111.33486,-7.58825],[111.33605,-7.58846],[111.33674,-7.58766],[111.33798,-7.58869],[111.33975,-7.58849],[111.34009,-7.58766],[111.34123,-7.58763],[111.34207,-7.58807],[111.34305,-7.58755],[111.34343,-7.58661],[111.34317,-7.59388],[111.3436,-7.59365],[111.34423,-7.59402],[111.34498,-7.59613],[111.34462,-7.59646],[111.3461,-7.59895],[111.34627,-7.59865],[111.34791,-7.59851],[111.34918,-7.59786],[111.35144,-7.59828],[111.35192,-7.59741],[111.35309,-7.59808],[111.35373,-7.59702],[111.3558,-7.59667],[111.35856,-7.59478],[111.36001,-7.59459],[111.36047,-7.59401],[111.36132,-7.59422],[111.36155,-7.59367],[111.36204,-7.59442],[111.36408,-7.59535],[111.36437,-7.59604],[111.36402,-7.59676],[111.36304,-7.59749],[111.36309,-7.59786],[111.36223,-7.59851],[111.36219,-7.59893],[111.36149,-7.59905],[111.36051,-7.60044],[111.36086,-7.60329],[111.36201,-7.60706],[111.36342,-7.60602],[111.36419,-7.60597],[111.36564,-7.60741],[111.36674,-7.60761],[111.36856,-7.60711],[111.36972,-7.60814],[111.37103,-7.60782],[111.37282,-7.60816],[111.37277,-7.60691],[111.37351,-7.60603],[111.37347,-7.60514],[111.3775,-7.60395],[111.37866,-7.60289],[111.37963,-7.60749],[111.3814,-7.60672],[111.38362,-7.60447],[111.38474,-7.60262],[111.38647,-7.60115],[111.38814,-7.5986],[111.38958,-7.59835],[111.39128,-7.59703],[111.39145,-7.59512],[111.39228,-7.59448],[111.39414,-7.59396],[111.39567,-7.59432],[111.39621,-7.59401],[111.39644,-7.59357],[111.39601,-7.59246],[111.39644,-7.59131],[111.39714,-7.59117],[111.39854,-7.59151],[111.39923,-7.5902],[111.40073,-7.59047],[111.39987,-7.59155],[111.40079,-7.59169],[111.40184,-7.59082],[111.40156,-7.58994],[111.40245,-7.58901],[111.40462,-7.59084],[111.40473,-7.58917],[111.40519,-7.58882],[111.40404,-7.58799],[111.40404,-7.5858],[111.40503,-7.58599],[111.40575,-7.58577],[111.40623,-7.5839],[111.40711,-7.58469],[111.40673,-7.58527],[111.40686,-7.58564],[111.40779,-7.58538],[111.40888,-7.58395],[111.40918,-7.58172],[111.41015,-7.58123],[111.4106,-7.58063],[111.41268,-7.58148],[111.41361,-7.57981],[111.41283,-7.57912],[111.41282,-7.57863],[111.41325,-7.57848],[111.41477,-7.57901],[111.41555,-7.57835],[111.41512,-7.57789],[111.41527,-7.57762],[111.41625,-7.5781],[111.41594,-7.57718],[111.41609,-7.57628],[111.41649,-7.57572],[111.41764,-7.57531],[111.41783,-7.57495],[111.41613,-7.57411],[111.41491,-7.57436],[111.41302,-7.57273],[111.41095,-7.57327],[111.4107,-7.57251],[111.40393,-7.57451],[111.40435,-7.57135],[111.40509,-7.5714],[111.40552,-7.56914],[111.40432,-7.56939],[111.40439,-7.56868],[111.4057,-7.56847],[111.40589,-7.56744],[111.40865,-7.56784],[111.40934,-7.56463],[111.40495,-7.56371],[111.4041,-7.5626],[111.40269,-7.56185],[111.40263,-7.56141],[111.40142,-7.56147],[111.40039,-7.56113],[111.4008,-7.56052],[111.40092,-7.55869],[111.40287,-7.55564],[111.40287,-7.5506],[111.40387,-7.55061],[111.40401,-7.55023],[111.40409,-7.54953],[111.40289,-7.54954],[111.40291,-7.5489],[111.40464,-7.549],[111.40471,-7.54843],[111.40417,-7.54818],[111.40502,-7.54732],[111.40521,-7.54692],[111.40486,-7.54681],[111.40608,-7.54589],[111.40691,-7.54383],[111.40498,-7.5429],[111.40306,-7.5429],[111.40157,-7.54228],[111.40037,-7.54151],[111.39992,-7.54058],[111.39875,-7.54058],[111.39864,-7.54088],[111.39733,-7.54121],[111.39494,-7.54075],[111.39344,-7.54088],[111.39044,-7.53958],[111.38855,-7.53807],[111.38465,-7.53736]]]},"properties":{"KDPKAB":"35.20","KDCPUM":"35.20.14","WADMKK":"Magetan","WADMKC":"Karas"}},{"type":"Feature","geometry":{"type":"Polygon","coordinates":[[[111.46619,-7.50928],[111.46511,-7.50882],[111.46458,-7.50928],[111.46177,-7.50926],[111.46099,-7.50984],[111.4607,-7.51106],[111.46186,-7.51338],[111.4603,-7.51411],[111.46031,-7.51495],[111.46148,-7.51538],[111.46118,-7.51597],[111.46132,-7.5167],[111.46021,-7.51762],[111.45934,-7.51656],[111.45523,-7.51644],[111.45442,-7.51562],[111.45365,-7.51605],[111.45287,-7.5153],[111.45227,-7.51518],[111.44827,-7.51575],[111.44807,-7.51734],[111.44508,-7.51797],[111.44307,-7.51699],[111.44234,-7.51732],[111.44147,-7.51711],[111.43995,-7.51769],[111.43918,-7.51737],[111.43893,-7.51875],[111.43786,-7.51888],[111.43774,-7.51983],[111.43585,-7.52052],[111.43585,-7.52266],[111.43513,-7.52355],[111.43389,-7.52794],[111.43302,-7.52863],[111.43287,-7.52964],[111.43214,-7.53005],[111.43147,-7.53109],[111.42921,-7.53179],[111.42719,-7.53193],[111.4258,-7.53054],[111.42543,-7.53098],[111.42469,-7.53445],[111.42353,-7.53445],[111.42363,-7.53689],[111.42408,-7.53686],[111.42377,-7.53809],[111.42745,-7.53826],[111.42957,-7.53751],[111.43127,-7.53792],[111.43276,-7.53751],[111.43115,-7.53637],[111.43123,-7.5361],[111.4332,-7.53585],[111.43472,-7.53603],[111.43534,-7.53505],[111.43551,-7.53215],[111.43899,-7.53232],[111.44086,-7.53049],[111.44039,-7.53297],[111.44061,-7.53484],[111.44134,-7.53554],[111.44171,-7.53548],[111.44221,-7.53434],[111.44261,-7.53427],[111.44211,-7.53604],[111.44268,-7.53608],[111.44578,-7.53519],[111.44559,-7.5386],[111.44825,-7.53886],[111.44995,-7.53815],[111.4505,-7.53808],[111.45072,-7.53844],[111.45154,-7.53778],[111.45312,-7.53861],[111.45384,-7.53805],[111.45405,-7.53624],[111.45471,-7.5352],[111.45449,-7.53429],[111.45579,-7.53178],[111.45576,-7.53076],[111.45666,-7.5298],[111.4572,-7.52994],[111.45693,-7.53017],[111.45699,-7.53069],[111.45769,-7.53056],[111.45805,-7.52962],[111.45865,-7.5296],[111.45864,-7.52989],[111.46007,-7.52986],[111.46034,-7.52892],[111.46383,-7.52917],[111.46866,-7.52882],[111.46826,-7.52942],[111.46864,-7.5295],[111.46736,-7.53544],[111.46516,-7.53536],[111.46477,-7.53868],[111.46783,-7.53931],[111.47423,-7.53924],[111.47351,-7.54118],[111.47458,-7.54174],[111.47303,-7.54522],[111.47232,-7.5457],[111.47215,-7.54654],[111.47144,-7.54714],[111.4717,-7.5473],[111.47144,-7.54752],[111.47556,-7.54953],[111.47641,-7.55092],[111.4803,-7.55183],[111.4815,-7.55052],[111.48268,-7.55063],[111.48269,-7.55001],[111.48343,-7.54995],[111.48331,-7.54839],[111.48402,-7.54813],[111.48452,-7.54851],[111.48498,-7.54845],[111.48503,-7.54883],[111.48542,-7.54855],[111.4861,-7.54873],[111.48603,-7.54902],[111.4868,-7.54908],[111.48684,-7.54968],[111.48734,-7.54955],[111.48796,-7.54993],[111.48852,-7.54966],[111.4896,-7.55067],[111.49047,-7.55026],[111.49068,-7.5509],[111.49127,-7.55081],[111.49191,-7.55262],[111.49696,-7.55376],[111.50297,-7.55622],[111.50356,-7.55478],[111.50406,-7.5545],[111.50377,-7.55426],[111.50375,-7.55293],[111.50537,-7.55237],[111.51002,-7.55255],[111.51345,-7.55359],[111.51371,-7.55151],[111.51457,-7.55128],[111.51414,-7.55019],[111.51278,-7.54984],[111.51101,-7.54827],[111.50789,-7.5474],[111.50835,-7.54649],[111.50788,-7.54637],[111.50798,-7.54599],[111.50832,-7.54603],[111.50915,-7.54421],[111.51143,-7.53833],[111.50817,-7.53689],[111.508,-7.53633],[111.50872,-7.53256],[111.50991,-7.53082],[111.51187,-7.52533],[111.51181,-7.52361],[111.51086,-7.52353],[111.51094,-7.523],[111.50806,-7.52194],[111.50784,-7.52141],[111.50203,-7.51864],[111.50322,-7.51603],[111.50194,-7.51547],[111.50203,-7.51517],[111.50058,-7.51469],[111.50058,-7.51442],[111.49962,-7.51422],[111.49956,-7.51389],[111.49703,-7.51339],[111.49686,-7.51414],[111.49628,-7.51422],[111.49586,-7.51493],[111.49531,-7.51692],[111.49494,-7.51676],[111.49456,-7.51718],[111.49164,-7.51603],[111.49161,-7.51564],[111.49194,-7.51567],[111.49209,-7.51516],[111.49091,-7.51513],[111.49069,-7.51568],[111.49031,-7.51511],[111.48936,-7.51473],[111.48937,-7.51428],[111.48869,-7.51417],[111.48839,-7.51379],[111.48787,-7.51497],[111.487,-7.51467],[111.48722,-7.51572],[111.48681,-7.51564],[111.48658,-7.51606],[111.486,-7.51581],[111.48586,-7.51639],[111.48489,-7.51625],[111.48475,-7.51681],[111.48281,-7.51647],[111.48275,-7.51736],[111.48244,-7.51742],[111.47922,-7.51711],[111.47867,-7.517],[111.47918,-7.51543],[111.47708,-7.515],[111.47722,-7.51611],[111.47636,-7.51583],[111.47631,-7.51483],[111.47558,-7.51467],[111.4755,-7.51392],[111.475,-7.51375],[111.47506,-7.513],[111.46889,-7.51126],[111.46619,-7.50928]]]},"properties":{"KDPKAB":"35.20","KDCPUM":"35.20.15","WADMKK":"Magetan","WADMKC":"Kartoharjo"}},{"type":"Feature","geometry":{"type":"Polygon","coordinates":[[[111.34925,-7.66125],[111.34792,-7.66054],[111.34713,-7.66195],[111.34515,-7.66247],[111.34464,-7.66299],[111.34403,-7.66256],[111.34299,-7.66273],[111.34166,-7.66213],[111.34013,-7.66197],[111.33884,-7.66274],[111.33766,-7.66265],[111.33638,-7.6646],[111.33485,-7.6644],[111.33399,-7.66483],[111.33345,-7.66449],[111.33243,-7.66447],[111.33134,-7.66376],[111.32975,-7.66419],[111.32823,-7.6634],[111.32651,-7.66296],[111.3246,-7.66367],[111.32414,-7.66525],[111.32538,-7.66567],[111.32574,-7.66651],[111.32501,-7.66737],[111.3211,-7.66807],[111.32054,-7.66772],[111.31885,-7.6678],[111.31868,-7.66903],[111.31813,-7.6693],[111.31315,-7.66951],[111.30987,-7.67037],[111.30822,-7.67011],[111.30827,-7.66974],[111.30711,-7.66933],[111.30548,-7.6694],[111.30562,-7.66861],[111.30533,-7.66801],[111.30438,-7.66747],[111.30414,-7.6668],[111.30202,-7.6671],[111.30054,-7.66808],[111.30008,-7.66865],[111.29995,-7.66975],[111.30081,-7.66987],[111.30065,-7.67053],[111.30155,-7.66991],[111.30143,-7.67056],[111.302,-7.67105],[111.3014,-7.6713],[111.30127,-7.6719],[111.30076,-7.67224],[111.29946,-7.67231],[111.2994,-7.67295],[111.2974,-7.67271],[111.29639,-7.67367],[111.29658,-7.67447],[111.29608,-7.6748],[111.29664,-7.67557],[111.29624,-7.67604],[111.29863,-7.67552],[111.30019,-7.67631],[111.30132,-7.67754],[111.30137,-7.67857],[111.30207,-7.67912],[111.30247,-7.6815],[111.30294,-7.68185],[111.30425,-7.68192],[111.30518,-7.68342],[111.30414,-7.68509],[111.30328,-7.68581],[111.30361,-7.68652],[111.30312,-7.68728],[111.30352,-7.68772],[111.30313,-7.68891],[111.30268,-7.68927],[111.30249,-7.69065],[111.30368,-7.69076],[111.30348,-7.69136],[111.29993,-7.69401],[111.29849,-7.69453],[111.29884,-7.69641],[111.29996,-7.6975],[111.3004,-7.69892],[111.30127,-7.69977],[111.30141,-7.70068],[111.30103,-7.70297],[111.30225,-7.70486],[111.30205,-7.70528],[111.29977,-7.70682],[111.29862,-7.70834],[111.29746,-7.70834],[111.29722,-7.70879],[111.29812,-7.71022],[111.299,-7.70952],[111.30016,-7.70981],[111.30157,-7.70964],[111.30082,-7.71058],[111.30107,-7.71282],[111.29593,-7.71459],[111.29677,-7.71614],[111.29715,-7.71807],[111.29778,-7.71814],[111.29786,-7.71966],[111.29837,-7.71987],[111.29823,-7.7205],[111.2989,-7.72045],[111.29931,-7.72174],[111.30032,-7.72093],[111.30217,-7.72021],[111.30554,-7.71946],[111.31046,-7.71667],[111.3116,-7.71727],[111.31286,-7.71696],[111.31328,-7.71645],[111.31462,-7.71656],[111.31617,-7.71749],[111.31713,-7.71746],[111.31817,-7.7168],[111.3188,-7.71695],[111.31955,-7.71667],[111.32024,-7.71691],[111.32157,-7.7164],[111.32181,-7.71574],[111.32247,-7.71585],[111.32287,-7.71515],[111.32416,-7.71517],[111.32463,-7.71556],[111.32531,-7.71514],[111.32602,-7.714],[111.32704,-7.71421],[111.3279,-7.71369],[111.32913,-7.7139],[111.33012,-7.71303],[111.33134,-7.71274],[111.33212,-7.7128],[111.33233,-7.71324],[111.3328,-7.71311],[111.33383,-7.71216],[111.33383,-7.71128],[111.33509,-7.71088],[111.33523,-7.70985],[111.33638,-7.70861],[111.33977,-7.70729],[111.34041,-7.70615],[111.34,-7.70537],[111.34097,-7.70478],[111.34104,-7.70412],[111.34184,-7.70373],[111.3411,-7.70274],[111.3395,-7.70216],[111.3392,-7.70052],[111.34005,-7.6999],[111.34247,-7.69915],[111.34399,-7.69819],[111.34402,-7.69777],[111.34646,-7.69821],[111.34741,-7.69749],[111.34895,-7.69836],[111.35047,-7.69816],[111.35097,-7.69876],[111.35324,-7.69982],[111.35393,-7.69943],[111.35407,-7.69852],[111.35445,-7.69842],[111.35658,-7.69932],[111.35714,-7.7002],[111.3589,-7.70014],[111.36011,-7.70099],[111.36129,-7.70059],[111.36178,-7.70128],[111.36284,-7.70122],[111.36303,-7.70198],[111.36682,-7.70374],[111.3686,-7.70382],[111.36877,-7.70423],[111.36893,-7.70363],[111.36974,-7.70366],[111.37318,-7.70187],[111.3742,-7.70213],[111.37539,-7.70161],[111.37569,-7.70083],[111.3753,-7.7005],[111.37303,-7.70068],[111.37095,-7.69949],[111.3713,-7.69862],[111.37036,-7.6968],[111.36941,-7.69605],[111.36862,-7.69596],[111.36885,-7.69525],[111.36735,-7.69362],[111.36671,-7.69021],[111.36797,-7.68954],[111.37004,-7.68743],[111.37076,-7.68727],[111.37137,-7.68663],[111.37238,-7.68693],[111.37355,-7.68639],[111.37449,-7.68651],[111.37542,-7.68619],[111.37702,-7.6847],[111.37784,-7.68474],[111.3782,-7.6838],[111.37963,-7.68335],[111.37933,-7.68285],[111.38082,-7.68347],[111.38225,-7.6827],[111.38324,-7.6829],[111.3841,-7.68224],[111.3845,-7.68119],[111.38482,-7.6767],[111.38549,-7.67697],[111.38622,-7.67684],[111.38669,-7.67745],[111.38729,-7.67708],[111.38767,-7.67782],[111.38867,-7.67756],[111.38888,-7.67638],[111.38977,-7.67542],[111.38928,-7.67365],[111.38821,-7.67363],[111.38844,-7.67285],[111.3832,-7.67148],[111.38285,-7.67069],[111.38178,-7.66998],[111.38124,-7.67009],[111.38119,-7.67151],[111.38074,-7.6717],[111.38008,-7.67108],[111.38021,-7.66984],[111.3788,-7.6693],[111.37752,-7.66924],[111.37742,-7.66882],[111.37807,-7.66873],[111.37798,-7.66836],[111.37569,-7.66756],[111.37563,-7.6684],[111.37539,-7.66842],[111.3732,-7.66644],[111.37224,-7.667],[111.37234,-7.6662],[111.37286,-7.6656],[111.37233,-7.66531],[111.37299,-7.6642],[111.37246,-7.6623],[111.37115,-7.6622],[111.36937,-7.66366],[111.36824,-7.66356],[111.36667,-7.66271],[111.36627,-7.66432],[111.36592,-7.66441],[111.36478,-7.6629],[111.36224,-7.66222],[111.35857,-7.66319],[111.35751,-7.66235],[111.357,-7.66265],[111.35684,-7.66353],[111.35654,-7.66364],[111.35402,-7.6626],[111.35296,-7.66121],[111.35095,-7.66166],[111.35047,-7.66148],[111.3503,-7.66097],[111.34925,-7.66125]]]},"properties":{"KDPKAB":"35.20","KDCPUM":"35.20.16","WADMKK":"Magetan","WADMKC":"Ngariboyo"}},{"type":"Feature","geometry":{"type":"Polygon","coordinates":[[[111.44902,-7.68588],[111.44925,-7.68522],[111.44907,-7.68455],[111.44642,-7.68385],[111.44364,-7.68357],[111.44352,-7.68295],[111.44037,-7.68283],[111.43959,-7.68593],[111.43612,-7.68537],[111.43576,-7.68769],[111.43643,-7.68783],[111.4367,-7.68863],[111.43814,-7.68897],[111.4379,-7.69133],[111.4355,-7.69234],[111.43423,-7.6918],[111.43083,-7.69144],[111.42956,-7.69277],[111.42918,-7.69362],[111.4291,-7.69529],[111.42799,-7.69609],[111.42713,-7.69794],[111.42736,-7.69913],[111.42697,-7.70073],[111.42845,-7.70242],[111.42963,-7.70277],[111.43185,-7.70491],[111.43336,-7.70571],[111.43391,-7.70737],[111.43407,-7.70917],[111.43512,-7.70965],[111.4357,-7.71149],[111.43676,-7.71302],[111.43659,-7.71331],[111.43578,-7.71308],[111.43631,-7.71404],[111.43608,-7.71436],[111.43627,-7.7149],[111.43554,-7.71658],[111.43543,-7.71829],[111.43601,-7.7203],[111.43512,-7.72423],[111.43409,-7.72629],[111.43367,-7.73028],[111.43409,-7.73093],[111.43559,-7.73249],[111.43607,-7.73166],[111.43668,-7.73245],[111.43716,-7.73255],[111.43778,-7.73165],[111.43828,-7.73153],[111.44111,-7.73238],[111.44192,-7.73361],[111.44307,-7.7326],[111.44471,-7.73273],[111.4451,-7.73311],[111.44512,-7.73448],[111.44654,-7.73666],[111.44695,-7.73831],[111.44791,-7.73895],[111.4498,-7.73863],[111.45227,-7.73978],[111.454,-7.73901],[111.45444,-7.73779],[111.45619,-7.7379],[111.45582,-7.73585],[111.45607,-7.73488],[111.45834,-7.73249],[111.45976,-7.73048],[111.46037,-7.72851],[111.46036,-7.72693],[111.45961,-7.7261],[111.45878,-7.72581],[111.45872,-7.72498],[111.46166,-7.72105],[111.4641,-7.71929],[111.46523,-7.71905],[111.46698,-7.71951],[111.46875,-7.71952],[111.47069,-7.71859],[111.47068,-7.71264],[111.47452,-7.70934],[111.47318,-7.70875],[111.47137,-7.70658],[111.46777,-7.70537],[111.46717,-7.70454],[111.4674,-7.70382],[111.46894,-7.70284],[111.46893,-7.69963],[111.46943,-7.69848],[111.47029,-7.69788],[111.47117,-7.69497],[111.4711,-7.69407],[111.47052,-7.69297],[111.47011,-7.69339],[111.46883,-7.69345],[111.46763,-7.69392],[111.46676,-7.69358],[111.46535,-7.69398],[111.46476,-7.69447],[111.45837,-7.69501],[111.45781,-7.6972],[111.45077,-7.69604],[111.451,-7.69326],[111.45028,-7.69269],[111.45033,-7.69193],[111.44804,-7.69069],[111.44829,-7.6872],[111.44862,-7.68716],[111.44902,-7.68588]]]},"properties":{"KDPKAB":"35.20","KDCPUM":"35.20.17","WADMKK":"Magetan","WADMKC":"Nguntoronadi"}},{"type":"Feature","geometry":{"type":"Polygon","coordinates":[[[111.19672,-7.62771],[111.19433,-7.62738],[111.19719,-7.6306],[111.1994,-7.6323],[111.20161,-7.63651],[111.20184,-7.63843],[111.20241,-7.63902],[111.20259,-7.63979],[111.20561,-7.64218],[111.20552,-7.64427],[111.20587,-7.64491],[111.20854,-7.6475],[111.20918,-7.64861],[111.21078,-7.64928],[111.21259,-7.65067],[111.21326,-7.65198],[111.21811,-7.65306],[111.22003,-7.65305],[111.22148,-7.65351],[111.22215,-7.65326],[111.22406,-7.65413],[111.2244,-7.65504],[111.22538,-7.65571],[111.22832,-7.65667],[111.23027,-7.65674],[111.23444,-7.65602],[111.23538,-7.65683],[111.23757,-7.65732],[111.23973,-7.65686],[111.24325,-7.65712],[111.24445,-7.65758],[111.2468,-7.65742],[111.2495,-7.65849],[111.24934,-7.65831],[111.2515,-7.65747],[111.25468,-7.65705],[111.2567,-7.65989],[111.25727,-7.6602],[111.25635,-7.66167],[111.25627,-7.66283],[111.25694,-7.66346],[111.25836,-7.66387],[111.25853,-7.66516],[111.25981,-7.66439],[111.26124,-7.66424],[111.2622,-7.66347],[111.26225,-7.66264],[111.26127,-7.66178],[111.26287,-7.66013],[111.264,-7.66123],[111.26613,-7.6613],[111.26671,-7.66093],[111.26769,-7.66197],[111.26786,-7.66271],[111.26719,-7.66332],[111.26665,-7.66325],[111.26677,-7.66581],[111.26962,-7.66553],[111.27017,-7.66446],[111.27083,-7.66412],[111.27136,-7.6633],[111.27183,-7.66324],[111.27247,-7.6621],[111.27525,-7.66023],[111.27533,-7.66146],[111.27411,-7.66214],[111.27371,-7.66298],[111.27162,-7.66512],[111.27297,-7.66467],[111.27244,-7.66585],[111.27349,-7.66733],[111.27319,-7.66813],[111.27335,-7.66879],[111.2743,-7.66801],[111.27471,-7.66709],[111.27615,-7.67012],[111.27708,-7.67015],[111.27818,-7.6721],[111.27754,-7.67406],[111.27934,-7.67593],[111.28241,-7.67534],[111.28711,-7.67381],[111.29019,-7.67354],[111.29069,-7.67297],[111.29176,-7.67325],[111.29205,-7.67242],[111.29271,-7.67293],[111.29389,-7.67249],[111.29404,-7.67163],[111.29506,-7.67202],[111.29525,-7.67133],[111.29595,-7.6708],[111.29581,-7.6701],[111.29693,-7.6696],[111.29856,-7.66705],[111.29983,-7.66761],[111.30008,-7.66865],[111.30202,-7.6671],[111.30414,-7.6668],[111.30448,-7.66752],[111.30461,-7.66565],[111.30371,-7.66368],[111.3034,-7.66099],[111.30513,-7.66067],[111.3062,-7.65961],[111.30684,-7.6585],[111.30744,-7.6552],[111.30822,-7.65471],[111.30859,-7.65262],[111.30619,-7.65219],[111.3058,-7.65326],[111.30402,-7.65362],[111.30373,-7.65107],[111.30481,-7.65074],[111.30472,-7.65019],[111.30499,-7.65004],[111.30465,-7.64943],[111.30528,-7.64862],[111.30527,-7.64769],[111.30609,-7.64676],[111.30685,-7.64645],[111.30693,-7.64581],[111.30597,-7.64507],[111.30535,-7.64512],[111.30524,-7.64544],[111.30465,-7.64497],[111.30031,-7.64451],[111.29788,-7.64322],[111.29768,-7.64486],[111.29638,-7.64426],[111.29652,-7.64321],[111.29626,-7.64268],[111.29293,-7.64109],[111.29302,-7.6408],[111.29224,-7.64006],[111.2932,-7.63947],[111.29381,-7.6378],[111.2968,-7.63693],[111.29671,-7.6363],[111.29739,-7.63585],[111.29634,-7.63411],[111.29463,-7.63338],[111.2922,-7.63375],[111.29122,-7.63314],[111.29092,-7.6324],[111.29007,-7.63238],[111.2873,-7.63403],[111.2854,-7.63381],[111.28472,-7.63415],[111.28403,-7.63306],[111.28299,-7.6322],[111.28228,-7.63221],[111.28141,-7.63175],[111.28079,-7.63186],[111.28059,-7.6321],[111.28083,-7.63275],[111.28183,-7.63318],[111.28132,-7.63365],[111.28147,-7.63496],[111.28056,-7.6372],[111.281,-7.63765],[111.2801,-7.63797],[111.27825,-7.63736],[111.27767,-7.63884],[111.27437,-7.63691],[111.27278,-7.63739],[111.2699,-7.63641],[111.26834,-7.63708],[111.26712,-7.63682],[111.26667,-7.63766],[111.26608,-7.63714],[111.26411,-7.63766],[111.26303,-7.63731],[111.26153,-7.63752],[111.25968,-7.63631],[111.2584,-7.63594],[111.25827,-7.63451],[111.25642,-7.63492],[111.25592,-7.63555],[111.25405,-7.63619],[111.25174,-7.63768],[111.25106,-7.63755],[111.24829,-7.63839],[111.24487,-7.6378],[111.24416,-7.63822],[111.24166,-7.63719],[111.24036,-7.6373],[111.23738,-7.63825],[111.23562,-7.63795],[111.23326,-7.63828],[111.23242,-7.63776],[111.23014,-7.63769],[111.2285,-7.63721],[111.22073,-7.63717],[111.2201,-7.6365],[111.21585,-7.63427],[111.2144,-7.63399],[111.21216,-7.63276],[111.21135,-7.6328],[111.20961,-7.63218],[111.20661,-7.62989],[111.2055,-7.63048],[111.20356,-7.62949],[111.20225,-7.6295],[111.20072,-7.62851],[111.19672,-7.62771]]]},"properties":{"KDPKAB":"35.20","KDCPUM":"35.20.18","WADMKK":"Magetan","WADMKC":"Sidorejo"}},{"type":"Feature","geometry":{"type":"Polygon","coordinates":[[[111.17575,-7.44242],[111.17248,-7.4398],[111.16846,-7.4386],[111.16354,-7.44233],[111.16103,-7.44216],[111.15794,-7.44374],[111.15282,-7.44559],[111.15002,-7.4434],[111.14098,-7.44254],[111.14206,-7.44444],[111.14342,-7.44452],[111.14391,-7.44597],[111.14401,-7.44804],[111.14553,-7.44879],[111.14571,-7.44962],[111.14549,-7.45048],[111.14515,-7.45005],[111.14388,-7.44987],[111.14147,-7.44883],[111.13958,-7.44855],[111.13833,-7.44951],[111.13509,-7.44969],[111.13022,-7.45254],[111.12961,-7.45304],[111.13009,-7.45354],[111.13102,-7.4574],[111.1301,-7.45761],[111.12985,-7.45796],[111.12861,-7.46107],[111.12935,-7.46114],[111.1305,-7.46055],[111.13209,-7.46098],[111.13223,-7.46197],[111.13141,-7.46378],[111.13163,-7.46423],[111.13212,-7.46431],[111.13302,-7.46355],[111.13331,-7.46201],[111.13463,-7.46197],[111.13551,-7.46268],[111.13574,-7.4646],[111.13717,-7.46549],[111.13715,-7.46645],[111.13516,-7.46826],[111.13442,-7.46837],[111.13455,-7.4698],[111.13551,-7.47069],[111.1355,-7.47102],[111.13393,-7.47203],[111.13512,-7.47345],[111.13321,-7.47457],[111.13337,-7.47558],[111.13542,-7.47725],[111.13518,-7.47906],[111.13624,-7.47921],[111.13676,-7.47989],[111.13682,-7.48037],[111.13603,-7.48142],[111.13699,-7.48203],[111.13572,-7.48255],[111.13515,-7.4831],[111.13515,-7.4836],[111.13772,-7.48523],[111.13883,-7.48544],[111.13937,-7.4868],[111.14014,-7.48694],[111.1409,-7.48618],[111.14149,-7.48631],[111.14174,-7.4871],[111.14257,-7.48733],[111.14322,-7.48825],[111.14365,-7.49037],[111.14483,-7.49337],[111.14825,-7.49412],[111.14935,-7.49602],[111.15174,-7.4976],[111.15268,-7.49953],[111.15221,-7.50113],[111.1533,-7.50309],[111.15305,-7.50409],[111.15343,-7.50569],[111.15251,-7.50617],[111.15215,-7.50731],[111.15238,-7.50788],[111.15364,-7.50819],[111.15368,-7.5096],[111.15328,-7.51046],[111.15129,-7.51044],[111.15045,-7.51115],[111.15003,-7.51171],[111.15008,-7.5127],[111.14947,-7.51362],[111.14901,-7.51555],[111.14824,-7.51653],[111.1492,-7.51755],[111.15073,-7.51785],[111.15087,-7.51829],[111.15029,-7.51938],[111.15043,-7.52049],[111.15177,-7.52073],[111.15212,-7.52136],[111.15208,-7.52231],[111.15156,-7.52277],[111.15045,-7.52262],[111.14932,-7.52387],[111.14847,-7.52427],[111.14779,-7.52574],[111.1475,-7.52597],[111.14666,-7.52582],[111.14635,-7.5273],[111.14648,-7.52795],[111.14748,-7.52872],[111.14775,-7.52993],[111.14989,-7.53142],[111.15074,-7.53407],[111.15113,-7.53713],[111.15155,-7.53785],[111.15095,-7.53875],[111.15189,-7.53901],[111.15205,-7.53931],[111.15115,-7.54031],[111.15117,-7.54065],[111.15136,-7.54107],[111.15247,-7.5416],[111.1522,-7.54311],[111.15124,-7.54319],[111.15069,-7.54382],[111.15134,-7.54591],[111.1522,-7.54656],[111.15226,-7.54777],[111.15383,-7.54922],[111.15355,-7.55048],[111.15213,-7.55122],[111.15293,-7.55229],[111.15278,-7.5541],[111.15222,-7.55487],[111.15154,-7.55709],[111.15213,-7.5583],[111.15249,-7.56175],[111.15469,-7.56505],[111.15522,-7.56539],[111.15555,-7.56692],[111.15945,-7.57166],[111.16068,-7.5736],[111.16179,-7.57835],[111.16281,-7.57964],[111.1641,-7.57995],[111.16435,-7.58039],[111.16833,-7.59022],[111.19222,-7.60316],[111.19393,-7.6055],[111.1952,-7.5955],[111.19771,-7.58757],[111.19642,-7.57699],[111.19705,-7.57023],[111.19698,-7.56727],[111.19526,-7.55719],[111.19484,-7.55668],[111.19497,-7.55608],[111.19389,-7.555],[111.19247,-7.55262],[111.19103,-7.55152],[111.19006,-7.54941],[111.1891,-7.54827],[111.18871,-7.54597],[111.18915,-7.54553],[111.18881,-7.54499],[111.189,-7.54345],[111.18843,-7.54139],[111.18887,-7.53893],[111.1887,-7.53697],[111.18823,-7.53496],[111.18777,-7.53462],[111.19042,-7.53308],[111.19207,-7.53102],[111.19231,-7.53055],[111.19204,-7.5298],[111.19271,-7.52959],[111.19247,-7.52839],[111.19324,-7.52761],[111.19296,-7.52683],[111.19356,-7.52618],[111.19387,-7.52437],[111.19297,-7.52309],[111.19131,-7.52263],[111.18575,-7.52265],[111.18507,-7.52241],[111.18421,-7.52271],[111.18503,-7.52108],[111.18391,-7.51909],[111.18437,-7.51634],[111.18536,-7.51457],[111.18487,-7.51375],[111.18333,-7.51304],[111.18329,-7.51268],[111.18411,-7.51181],[111.18511,-7.5091],[111.18403,-7.50752],[111.1836,-7.50588],[111.18384,-7.50489],[111.18305,-7.5043],[111.18303,-7.50392],[111.18359,-7.50234],[111.18357,-7.50077],[111.18463,-7.49952],[111.1844,-7.49869],[111.18458,-7.49796],[111.18405,-7.49735],[111.18414,-7.49567],[111.18543,-7.49475],[111.18579,-7.49368],[111.18657,-7.49294],[111.18658,-7.49186],[111.18838,-7.49098],[111.18833,-7.49048],[111.18908,-7.48915],[111.18875,-7.48804],[111.19023,-7.48722],[111.1894,-7.48705],[111.18937,-7.48647],[111.18982,-7.4864],[111.19042,-7.48687],[111.19069,-7.48656],[111.18985,-7.48489],[111.19099,-7.484],[111.1902,-7.48342],[111.19044,-7.48268],[111.18974,-7.48134],[111.19121,-7.48071],[111.1905,-7.47963],[111.19313,-7.47782],[111.19286,-7.47711],[111.1938,-7.47541],[111.1941,-7.47367],[111.19466,-7.47346],[111.19482,-7.47035],[111.19635,-7.46956],[111.19718,-7.46819],[111.19833,-7.46782],[111.19775,-7.46649],[111.19828,-7.46572],[111.19918,-7.46535],[111.19955,-7.46456],[111.19941,-7.4633],[111.1997,-7.46143],[111.19916,-7.46009],[111.19955,-7.45942],[111.19947,-7.45887],[111.20039,-7.45797],[111.20009,-7.45537],[111.20086,-7.454],[111.20024,-7.45352],[111.19992,-7.45206],[111.20078,-7.45208],[111.20108,-7.45146],[111.19554,-7.44909],[111.19467,-7.44962],[111.19394,-7.45099],[111.18921,-7.45036],[111.18551,-7.45079],[111.18331,-7.45042],[111.18058,-7.4482],[111.17575,-7.44242]]]},"properties":{"KDPKAB":"35.21","KDCPUM":"35.21.01","WADMKK":"Ngawi","WADMKC":"Sine"}},{"type":"Feature","geometry":{"type":"Polygon","coordinates":[[[111.22004,-7.44065],[111.22005,-7.43974],[111.21827,-7.43913],[111.21452,-7.43689],[111.21431,-7.43708],[111.21461,-7.43805],[111.21374,-7.43887],[111.21308,-7.44102],[111.21239,-7.44121],[111.21167,-7.44389],[111.21192,-7.44631],[111.21162,-7.44837],[111.2127,-7.44956],[111.21308,-7.45062],[111.21327,-7.45397],[111.21246,-7.45424],[111.21097,-7.45405],[111.21139,-7.45599],[111.21104,-7.45661],[111.21021,-7.45712],[111.20939,-7.45715],[111.20949,-7.4582],[111.2091,-7.45914],[111.20836,-7.45915],[111.20829,-7.45953],[111.20749,-7.45776],[111.20706,-7.45726],[111.20629,-7.4574],[111.20618,-7.45615],[111.2056,-7.4559],[111.20427,-7.45572],[111.20381,-7.4561],[111.20361,-7.45749],[111.20259,-7.45731],[111.2022,-7.4564],[111.2025,-7.45594],[111.20204,-7.45567],[111.20248,-7.45392],[111.20345,-7.45368],[111.20483,-7.45446],[111.20463,-7.45267],[111.20342,-7.45182],[111.20201,-7.45139],[111.20108,-7.45146],[111.20078,-7.45208],[111.19992,-7.45206],[111.20024,-7.45352],[111.20086,-7.454],[111.20009,-7.45537],[111.20039,-7.45797],[111.19947,-7.45887],[111.19955,-7.45942],[111.19916,-7.46009],[111.1997,-7.46143],[111.19941,-7.4633],[111.19955,-7.46456],[111.19918,-7.46535],[111.19828,-7.46572],[111.19775,-7.46649],[111.19833,-7.46782],[111.19718,-7.46819],[111.19635,-7.46956],[111.19482,-7.47035],[111.19466,-7.47346],[111.1941,-7.47367],[111.1938,-7.47541],[111.19286,-7.47711],[111.19313,-7.47782],[111.1905,-7.47963],[111.19121,-7.48071],[111.18974,-7.48134],[111.19044,-7.48268],[111.1902,-7.48342],[111.19099,-7.484],[111.18985,-7.48489],[111.19059,-7.48682],[111.18937,-7.48647],[111.1894,-7.48705],[111.19023,-7.48722],[111.18875,-7.48804],[111.18908,-7.48915],[111.18833,-7.49048],[111.18838,-7.49098],[111.18647,-7.49199],[111.18657,-7.49294],[111.18579,-7.49368],[111.18543,-7.49475],[111.18422,-7.49549],[111.18406,-7.49611],[111.18405,-7.49735],[111.18458,-7.49796],[111.1844,-7.49869],[111.18463,-7.49952],[111.18357,-7.50077],[111.18359,-7.50234],[111.18305,-7.5043],[111.18384,-7.50489],[111.1836,-7.50588],[111.18379,-7.50677],[111.18403,-7.50752],[111.18466,-7.5081],[111.18462,-7.50867],[111.18511,-7.5091],[111.18411,-7.51181],[111.18329,-7.51268],[111.18333,-7.51304],[111.18487,-7.51375],[111.18536,-7.51457],[111.18437,-7.51634],[111.18391,-7.51909],[111.18503,-7.52108],[111.18421,-7.52271],[111.18507,-7.52241],[111.18575,-7.52265],[111.19131,-7.52263],[111.19297,-7.52309],[111.19387,-7.52437],[111.19356,-7.52618],[111.19296,-7.52683],[111.19324,-7.52761],[111.19247,-7.52839],[111.19271,-7.52959],[111.19204,-7.5298],[111.19231,-7.53055],[111.19207,-7.53102],[111.19042,-7.53308],[111.18777,-7.53462],[111.18823,-7.53496],[111.1887,-7.53697],[111.18887,-7.53893],[111.18843,-7.54139],[111.189,-7.54345],[111.18881,-7.54499],[111.18915,-7.54553],[111.18871,-7.54597],[111.1891,-7.54827],[111.19006,-7.54941],[111.19103,-7.55152],[111.19247,-7.55262],[111.19389,-7.555],[111.19471,-7.55567],[111.19499,-7.55617],[111.19484,-7.55668],[111.19526,-7.55719],[111.19698,-7.56728],[111.19705,-7.57023],[111.19642,-7.57699],[111.19734,-7.58433],[111.20033,-7.58357],[111.20254,-7.58197],[111.2029,-7.57884],[111.20417,-7.57505],[111.20389,-7.57395],[111.20416,-7.57302],[111.20552,-7.57129],[111.20749,-7.57022],[111.20853,-7.56889],[111.20863,-7.5657],[111.20971,-7.56479],[111.2117,-7.56031],[111.21235,-7.55794],[111.21402,-7.55634],[111.21498,-7.55178],[111.21585,-7.55045],[111.21817,-7.54878],[111.21904,-7.54734],[111.21955,-7.54253],[111.22058,-7.54077],[111.22203,-7.53968],[111.22322,-7.5396],[111.22526,-7.53835],[111.22548,-7.53752],[111.22517,-7.53709],[111.2255,-7.53652],[111.22564,-7.53447],[111.22642,-7.53334],[111.22901,-7.53254],[111.23034,-7.5312],[111.23116,-7.53082],[111.23211,-7.53094],[111.23353,-7.53001],[111.23376,-7.52948],[111.23452,-7.5295],[111.23497,-7.52891],[111.23587,-7.52893],[111.23545,-7.52792],[111.23584,-7.52757],[111.23638,-7.52787],[111.23639,-7.52638],[111.23785,-7.52597],[111.23931,-7.52486],[111.24005,-7.52403],[111.24036,-7.52294],[111.24096,-7.52283],[111.24145,-7.52233],[111.24238,-7.52252],[111.2432,-7.52157],[111.2428,-7.52059],[111.24474,-7.52065],[111.24355,-7.51932],[111.24433,-7.51842],[111.24388,-7.51667],[111.24391,-7.51635],[111.24457,-7.51631],[111.24487,-7.51573],[111.24485,-7.51384],[111.24623,-7.51278],[111.24704,-7.51171],[111.24752,-7.51076],[111.24737,-7.50954],[111.24947,-7.50927],[111.2499,-7.50833],[111.2514,-7.5072],[111.25134,-7.50586],[111.25222,-7.50546],[111.25308,-7.50418],[111.25372,-7.50447],[111.25355,-7.50371],[111.25428,-7.50322],[111.25363,-7.50063],[111.25455,-7.49932],[111.25384,-7.49858],[111.25408,-7.4983],[111.2552,-7.49827],[111.25627,-7.49698],[111.25523,-7.49655],[111.25527,-7.49597],[111.25585,-7.4953],[111.2561,-7.49606],[111.25688,-7.49619],[111.25737,-7.49262],[111.25802,-7.49141],[111.25944,-7.49093],[111.25937,-7.48971],[111.25835,-7.4894],[111.25825,-7.48777],[111.25893,-7.48725],[111.26006,-7.48701],[111.26113,-7.48539],[111.26174,-7.48535],[111.26289,-7.48438],[111.26292,-7.48283],[111.26325,-7.48229],[111.26313,-7.482],[111.26227,-7.48208],[111.26235,-7.48087],[111.26315,-7.48098],[111.26476,-7.48039],[111.26572,-7.48062],[111.26665,-7.47874],[111.26624,-7.47782],[111.26567,-7.47735],[111.26559,-7.47679],[111.26694,-7.47615],[111.266,-7.47545],[111.25845,-7.47158],[111.25226,-7.46924],[111.24409,-7.46518],[111.24067,-7.46303],[111.23997,-7.46316],[111.23396,-7.46711],[111.23193,-7.46803],[111.23117,-7.46907],[111.22951,-7.47033],[111.22408,-7.46939],[111.22335,-7.46901],[111.22249,-7.46907],[111.22188,-7.46859],[111.22171,-7.46892],[111.22026,-7.46847],[111.2209,-7.46794],[111.21962,-7.46756],[111.21979,-7.46635],[111.22029,-7.46519],[111.22132,-7.46433],[111.22114,-7.4624],[111.2224,-7.46102],[111.22242,-7.46058],[111.22144,-7.4597],[111.22141,-7.45878],[111.22186,-7.45784],[111.22281,-7.45745],[111.22151,-7.45529],[111.22138,-7.45208],[111.22023,-7.44997],[111.2207,-7.44838],[111.22022,-7.44728],[111.22064,-7.44437],[111.21966,-7.44249],[111.22004,-7.44065]]]},"properties":{"KDPKAB":"35.21","KDCPUM":"35.21.02","WADMKK":"Ngawi","WADMKC":"Ngrambe"}},{"type":"Feature","geometry":{"type":"Polygon","coordinates":[[[111.28621,-7.46737],[111.28444,-7.46721],[111.27951,-7.46816],[111.27711,-7.46933],[111.27597,-7.46908],[111.27547,-7.46943],[111.27542,-7.47006],[111.27466,-7.46987],[111.27522,-7.471],[111.27439,-7.47182],[111.27445,-7.47295],[111.27214,-7.47403],[111.2711,-7.47402],[111.2687,-7.47495],[111.26801,-7.4749],[111.26739,-7.47589],[111.26566,-7.4766],[111.26567,-7.47735],[111.26624,-7.47782],[111.26665,-7.47874],[111.26587,-7.48048],[111.26555,-7.48069],[111.26454,-7.48041],[111.26315,-7.48098],[111.26235,-7.48087],[111.26227,-7.48208],[111.26313,-7.482],[111.26325,-7.48229],[111.26292,-7.48283],[111.26289,-7.48438],[111.26174,-7.48535],[111.26113,-7.48539],[111.26006,-7.48701],[111.25893,-7.48725],[111.25825,-7.48777],[111.25835,-7.4894],[111.25937,-7.48971],[111.25944,-7.49093],[111.25802,-7.49141],[111.25737,-7.49262],[111.25688,-7.49619],[111.2561,-7.49606],[111.25585,-7.4953],[111.25527,-7.49597],[111.25523,-7.49655],[111.25627,-7.49698],[111.2552,-7.49827],[111.25408,-7.4983],[111.25384,-7.49858],[111.25455,-7.49932],[111.25363,-7.50063],[111.25428,-7.50322],[111.25355,-7.50371],[111.25372,-7.50447],[111.25308,-7.50418],[111.25222,-7.50546],[111.25134,-7.50586],[111.2514,-7.5072],[111.2499,-7.50833],[111.24947,-7.50927],[111.24737,-7.50954],[111.24752,-7.51076],[111.24704,-7.51171],[111.24623,-7.51278],[111.24485,-7.51384],[111.24487,-7.51573],[111.24457,-7.51631],[111.24391,-7.51635],[111.24388,-7.51667],[111.24433,-7.51842],[111.24355,-7.51932],[111.24474,-7.52065],[111.2428,-7.52059],[111.2432,-7.52157],[111.24238,-7.52252],[111.24145,-7.52233],[111.24096,-7.52283],[111.24036,-7.52294],[111.24005,-7.52403],[111.23931,-7.52486],[111.23785,-7.52597],[111.23639,-7.52638],[111.23638,-7.52787],[111.23584,-7.52757],[111.23545,-7.52792],[111.23587,-7.52893],[111.23497,-7.52891],[111.23452,-7.5295],[111.23376,-7.52948],[111.23353,-7.53001],[111.23211,-7.53094],[111.23116,-7.53082],[111.23034,-7.5312],[111.22901,-7.53254],[111.22642,-7.53334],[111.22564,-7.53447],[111.2255,-7.53652],[111.22517,-7.53709],[111.22548,-7.53752],[111.22526,-7.53835],[111.22322,-7.5396],[111.22203,-7.53968],[111.22058,-7.54077],[111.21955,-7.54253],[111.21904,-7.54734],[111.21817,-7.54878],[111.21585,-7.55045],[111.21498,-7.55178],[111.21402,-7.55634],[111.21235,-7.55794],[111.2117,-7.56031],[111.20971,-7.56479],[111.20863,-7.5657],[111.20853,-7.56889],[111.20749,-7.57022],[111.20552,-7.57129],[111.20416,-7.57302],[111.20389,-7.57395],[111.20417,-7.57505],[111.2029,-7.57884],[111.20254,-7.58197],[111.20033,-7.58357],[111.19734,-7.58433],[111.19771,-7.58757],[111.1952,-7.5955],[111.19393,-7.6055],[111.19637,-7.60928],[111.19671,-7.61061],[111.19522,-7.61462],[111.19505,-7.61613],[111.19402,-7.61836],[111.19495,-7.61987],[111.20023,-7.61353],[111.20079,-7.61159],[111.20421,-7.60906],[111.20547,-7.60765],[111.21127,-7.60509],[111.21405,-7.605],[111.21513,-7.60371],[111.21633,-7.60343],[111.21672,-7.60294],[111.21825,-7.60292],[111.21923,-7.60208],[111.21961,-7.60043],[111.22172,-7.59722],[111.22295,-7.59665],[111.22742,-7.59561],[111.22834,-7.59405],[111.22981,-7.59393],[111.23163,-7.59091],[111.23239,-7.59049],[111.23302,-7.58931],[111.23538,-7.5883],[111.23636,-7.58812],[111.23722,-7.58835],[111.239,-7.58677],[111.24235,-7.58535],[111.24438,-7.58524],[111.24661,-7.58346],[111.25008,-7.58169],[111.25181,-7.58007],[111.25495,-7.57928],[111.25607,-7.57769],[111.25833,-7.57603],[111.2615,-7.57495],[111.26134,-7.57298],[111.262,-7.57154],[111.2617,-7.57132],[111.26187,-7.57082],[111.26322,-7.56873],[111.26384,-7.56833],[111.26407,-7.56688],[111.26505,-7.5646],[111.26573,-7.56402],[111.26544,-7.5637],[111.26581,-7.56315],[111.26351,-7.56212],[111.2619,-7.56343],[111.26079,-7.56357],[111.26034,-7.56332],[111.26107,-7.56272],[111.26134,-7.5617],[111.26,-7.56168],[111.26037,-7.56073],[111.25944,-7.56128],[111.25828,-7.56034],[111.2583,-7.55671],[111.26262,-7.55262],[111.26414,-7.55077],[111.26442,-7.54754],[111.26499,-7.54628],[111.2685,-7.54271],[111.26905,-7.54166],[111.27089,-7.54135],[111.27297,-7.53981],[111.27805,-7.53876],[111.27966,-7.53756],[111.27954,-7.53562],[111.28125,-7.5353],[111.28276,-7.53443],[111.28347,-7.53307],[111.28533,-7.53228],[111.28558,-7.53173],[111.28661,-7.53181],[111.28702,-7.5309],[111.28819,-7.53025],[111.28898,-7.52893],[111.2904,-7.52821],[111.29069,-7.52758],[111.29236,-7.52755],[111.29285,-7.52656],[111.29385,-7.526],[111.29681,-7.52626],[111.29727,-7.52573],[111.29998,-7.52555],[111.3012,-7.5261],[111.30209,-7.52576],[111.30286,-7.52607],[111.30315,-7.52597],[111.30312,-7.52486],[111.30348,-7.52456],[111.30486,-7.52477],[111.30626,-7.52448],[111.3064,-7.5242],[111.30593,-7.52329],[111.30695,-7.52286],[111.30686,-7.52122],[111.30807,-7.52161],[111.30865,-7.52096],[111.3094,-7.52136],[111.31026,-7.52131],[111.3104,-7.52088],[111.30964,-7.52028],[111.30975,-7.51992],[111.31069,-7.51892],[111.31177,-7.51856],[111.31248,-7.51742],[111.31422,-7.51752],[111.31378,-7.51611],[111.31603,-7.51567],[111.317,-7.51635],[111.31769,-7.51505],[111.31899,-7.51497],[111.31992,-7.51399],[111.32078,-7.51395],[111.32148,-7.51332],[111.32308,-7.51312],[111.32387,-7.51148],[111.32522,-7.51144],[111.32648,-7.51094],[111.32569,-7.50998],[111.32652,-7.50851],[111.32701,-7.50829],[111.32832,-7.50861],[111.3289,-7.50658],[111.32828,-7.50637],[111.32485,-7.50672],[111.32317,-7.50599],[111.32168,-7.50677],[111.32107,-7.50577],[111.32075,-7.50577],[111.32061,-7.50644],[111.32019,-7.50646],[111.31737,-7.50533],[111.31736,-7.50601],[111.31689,-7.50645],[111.31469,-7.50673],[111.31383,-7.50636],[111.31321,-7.50674],[111.31127,-7.5046],[111.31015,-7.504],[111.30884,-7.50437],[111.30791,-7.5037],[111.30754,-7.50395],[111.30699,-7.50308],[111.30583,-7.50281],[111.30501,-7.50315],[111.30459,-7.50241],[111.30263,-7.50088],[111.30214,-7.50114],[111.30117,-7.50067],[111.30152,-7.49954],[111.3002,-7.49836],[111.30022,-7.49717],[111.2996,-7.49675],[111.29853,-7.49442],[111.29805,-7.4943],[111.2974,-7.4948],[111.29665,-7.49416],[111.29523,-7.49382],[111.29426,-7.49487],[111.29448,-7.49614],[111.29415,-7.4966],[111.29319,-7.49673],[111.29198,-7.49812],[111.29138,-7.49787],[111.29117,-7.49836],[111.29011,-7.49847],[111.28942,-7.49898],[111.28873,-7.49883],[111.28825,-7.49898],[111.2883,-7.49928],[111.28764,-7.49909],[111.28671,-7.49944],[111.28598,-7.50018],[111.28515,-7.50241],[111.28408,-7.50331],[111.28187,-7.50363],[111.28047,-7.50324],[111.279,-7.50183],[111.27836,-7.5006],[111.27778,-7.50079],[111.27749,-7.50156],[111.27661,-7.50165],[111.27569,-7.50236],[111.27472,-7.50334],[111.27448,-7.50418],[111.27351,-7.50462],[111.26859,-7.50453],[111.26371,-7.50325],[111.26236,-7.50247],[111.26358,-7.50088],[111.26633,-7.49923],[111.26698,-7.49911],[111.26715,-7.49825],[111.26746,-7.49813],[111.26727,-7.49782],[111.26931,-7.49517],[111.26933,-7.49331],[111.27102,-7.49059],[111.27087,-7.49011],[111.2717,-7.48881],[111.27168,-7.48798],[111.27238,-7.48583],[111.2735,-7.48532],[111.27385,-7.48425],[111.2749,-7.48294],[111.27635,-7.48013],[111.27704,-7.47952],[111.27805,-7.47953],[111.2789,-7.47857],[111.2788,-7.47657],[111.2799,-7.47597],[111.28016,-7.47525],[111.2797,-7.47409],[111.28003,-7.47284],[111.28141,-7.47145],[111.28222,-7.47126],[111.28246,-7.47034],[111.28359,-7.47004],[111.2835,-7.46941],[111.28388,-7.46921],[111.28421,-7.46957],[111.28494,-7.469],[111.28532,-7.46767],[111.28621,-7.46737]]]},"properties":{"KDPKAB":"35.21","KDCPUM":"35.21.03","WADMKK":"Ngawi","WADMKC":"Jogorogo"}},{"type":"Feature","geometry":{"type":"Polygon","coordinates":[[[111.3594,-7.50272],[111.35909,-7.5019],[111.35844,-7.50218],[111.35837,-7.50327],[111.35805,-7.50358],[111.3566,-7.5028],[111.35538,-7.50324],[111.35451,-7.50419],[111.35272,-7.5036],[111.35044,-7.50359],[111.3493,-7.50382],[111.34856,-7.50439],[111.34773,-7.50423],[111.34539,-7.50457],[111.3442,-7.50507],[111.34328,-7.50617],[111.34265,-7.50588],[111.34241,-7.50437],[111.34103,-7.50572],[111.33997,-7.5058],[111.33755,-7.50687],[111.33629,-7.50685],[111.33532,-7.50643],[111.33407,-7.50699],[111.33174,-7.50656],[111.33035,-7.50709],[111.32915,-7.5063],[111.32832,-7.50861],[111.32701,-7.50829],[111.32639,-7.50863],[111.32569,-7.51021],[111.32648,-7.51094],[111.32522,-7.51144],[111.32387,-7.51148],[111.32308,-7.51312],[111.32148,-7.51332],[111.32078,-7.51395],[111.31992,-7.51399],[111.31899,-7.51497],[111.31769,-7.51505],[111.317,-7.51635],[111.31603,-7.51567],[111.31378,-7.51611],[111.31422,-7.51752],[111.31248,-7.51742],[111.31177,-7.51856],[111.31069,-7.51892],[111.30975,-7.51992],[111.30964,-7.52028],[111.3104,-7.52088],[111.31021,-7.52135],[111.3094,-7.52136],[111.30884,-7.52094],[111.30807,-7.52161],[111.30686,-7.52122],[111.30695,-7.52286],[111.30593,-7.52329],[111.3064,-7.5242],[111.30626,-7.52448],[111.30486,-7.52477],[111.30348,-7.52456],[111.30312,-7.52486],[111.30315,-7.52597],[111.30286,-7.52607],[111.30209,-7.52576],[111.3012,-7.5261],[111.29998,-7.52555],[111.29727,-7.52573],[111.29681,-7.52626],[111.29385,-7.526],[111.29285,-7.52656],[111.29236,-7.52755],[111.29069,-7.52758],[111.2904,-7.52821],[111.28898,-7.52893],[111.28819,-7.53025],[111.28702,-7.5309],[111.28661,-7.53181],[111.28558,-7.53173],[111.28533,-7.53228],[111.28347,-7.53307],[111.28276,-7.53443],[111.28125,-7.5353],[111.27954,-7.53562],[111.27966,-7.53756],[111.27805,-7.53876],[111.27297,-7.53981],[111.27089,-7.54135],[111.26905,-7.54166],[111.2685,-7.54271],[111.26499,-7.54628],[111.26442,-7.54754],[111.26414,-7.55077],[111.26262,-7.55262],[111.2583,-7.55671],[111.25828,-7.56034],[111.25944,-7.56128],[111.26037,-7.56073],[111.26,-7.56168],[111.26134,-7.5617],[111.26107,-7.56272],[111.26034,-7.56332],[111.26079,-7.56357],[111.2619,-7.56343],[111.26351,-7.56212],[111.26581,-7.56315],[111.26544,-7.5637],[111.26573,-7.56402],[111.26505,-7.5646],[111.26407,-7.56688],[111.26384,-7.56833],[111.26322,-7.56873],[111.26187,-7.57082],[111.2617,-7.57132],[111.262,-7.57154],[111.26134,-7.57298],[111.2615,-7.57495],[111.25833,-7.57603],[111.25607,-7.57769],[111.25495,-7.57928],[111.25181,-7.58007],[111.25008,-7.58169],[111.24661,-7.58346],[111.24438,-7.58524],[111.24235,-7.58535],[111.239,-7.58677],[111.23722,-7.58835],[111.23636,-7.58812],[111.23538,-7.5883],[111.23302,-7.58931],[111.23239,-7.59049],[111.23163,-7.59091],[111.22981,-7.59393],[111.22834,-7.59405],[111.22742,-7.59561],[111.22295,-7.59665],[111.22172,-7.59722],[111.21961,-7.60043],[111.21923,-7.60208],[111.21825,-7.60292],[111.21672,-7.60294],[111.21633,-7.60343],[111.21513,-7.60371],[111.21405,-7.605],[111.21127,-7.60509],[111.20547,-7.60765],[111.20421,-7.60906],[111.20079,-7.61159],[111.20023,-7.61353],[111.19527,-7.61944],[111.19509,-7.62009],[111.19765,-7.6184],[111.1991,-7.61637],[111.19979,-7.61601],[111.20412,-7.61506],[111.20845,-7.61586],[111.21082,-7.61486],[111.21696,-7.61444],[111.21835,-7.61314],[111.21962,-7.61292],[111.22015,-7.6121],[111.22116,-7.61141],[111.22562,-7.61104],[111.2269,-7.60948],[111.22999,-7.61007],[111.23199,-7.60992],[111.23364,-7.6093],[111.23422,-7.60874],[111.23703,-7.60775],[111.23785,-7.60682],[111.2401,-7.60634],[111.24204,-7.60454],[111.24504,-7.60298],[111.24545,-7.60181],[111.24899,-7.60026],[111.25203,-7.60182],[111.25259,-7.60326],[111.25294,-7.6032],[111.25556,-7.60057],[111.25583,-7.59944],[111.2585,-7.59848],[111.26063,-7.59833],[111.26106,-7.59977],[111.26498,-7.59865],[111.26727,-7.59906],[111.26955,-7.59992],[111.27047,-7.59983],[111.27097,-7.60042],[111.27197,-7.60081],[111.27392,-7.60049],[111.27561,-7.60171],[111.27568,-7.60246],[111.27502,-7.60343],[111.27947,-7.60369],[111.2812,-7.60328],[111.28359,-7.60367],[111.28441,-7.60327],[111.28767,-7.60337],[111.2884,-7.60245],[111.29111,-7.60369],[111.29221,-7.60315],[111.29248,-7.60205],[111.29428,-7.60216],[111.29488,-7.6005],[111.29618,-7.59926],[111.29672,-7.59716],[111.29681,-7.59529],[111.29609,-7.59469],[111.29546,-7.59342],[111.29646,-7.59366],[111.29697,-7.59331],[111.29816,-7.59359],[111.29843,-7.59252],[111.29911,-7.59242],[111.29911,-7.59016],[111.29959,-7.59009],[111.29989,-7.58968],[111.29972,-7.5894],[111.30106,-7.58882],[111.3009,-7.58762],[111.30151,-7.58682],[111.30261,-7.58708],[111.30286,-7.58672],[111.30522,-7.58596],[111.30635,-7.58523],[111.30746,-7.58535],[111.30853,-7.58495],[111.30924,-7.58565],[111.311,-7.58514],[111.31178,-7.58458],[111.31189,-7.58406],[111.31302,-7.58339],[111.31495,-7.58296],[111.31557,-7.58477],[111.31528,-7.58544],[111.31609,-7.58585],[111.31521,-7.58651],[111.31543,-7.58851],[111.31507,-7.58886],[111.31599,-7.58905],[111.31782,-7.58784],[111.3187,-7.58621],[111.3222,-7.58418],[111.32458,-7.5838],[111.3261,-7.58473],[111.32917,-7.58426],[111.33015,-7.58175],[111.33493,-7.5795],[111.33627,-7.5792],[111.3393,-7.57722],[111.33996,-7.57745],[111.34016,-7.57695],[111.33915,-7.57564],[111.33965,-7.57476],[111.33974,-7.57242],[111.34104,-7.5726],[111.34179,-7.57115],[111.34394,-7.57014],[111.3442,-7.56914],[111.3453,-7.56915],[111.34592,-7.56669],[111.34685,-7.56608],[111.34527,-7.56293],[111.34711,-7.5567],[111.34766,-7.55013],[111.35474,-7.55015],[111.35601,-7.54912],[111.35673,-7.54934],[111.35929,-7.54803],[111.35994,-7.548],[111.36093,-7.54726],[111.36029,-7.54621],[111.36033,-7.54577],[111.36149,-7.54534],[111.36102,-7.54482],[111.36179,-7.54379],[111.36167,-7.54325],[111.36044,-7.54278],[111.35999,-7.54194],[111.35855,-7.5415],[111.35868,-7.54069],[111.35779,-7.54102],[111.35597,-7.5394],[111.35483,-7.53792],[111.35482,-7.53705],[111.35439,-7.53644],[111.35303,-7.53659],[111.35261,-7.53583],[111.35044,-7.53638],[111.34919,-7.53634],[111.34941,-7.53412],[111.35098,-7.53446],[111.35255,-7.53351],[111.35151,-7.53288],[111.35212,-7.53164],[111.35162,-7.53046],[111.35197,-7.52985],[111.35289,-7.52984],[111.35336,-7.52951],[111.35345,-7.52872],[111.35306,-7.52766],[111.35458,-7.52639],[111.35479,-7.52587],[111.35381,-7.52553],[111.3536,-7.52502],[111.3552,-7.52371],[111.35734,-7.5185],[111.35909,-7.5075],[111.3594,-7.50272]]]},"properties":{"KDPKAB":"35.21","KDCPUM":"35.21.04","WADMKK":"Ngawi","WADMKC":"Kendal"}},{"type":"Feature","geometry":{"type":"Polygon","coordinates":[[[111.44126,-7.42334],[111.43769,-7.42433],[111.43773,-7.42503],[111.43623,-7.42496],[111.43591,-7.42608],[111.43513,-7.42593],[111.43491,-7.42646],[111.43474,-7.42913],[111.43401,-7.42903],[111.43388,-7.42828],[111.43347,-7.42947],[111.43314,-7.4294],[111.4322,-7.43106],[111.43302,-7.4322],[111.43433,-7.43235],[111.4345,-7.4312],[111.43524,-7.43117],[111.43528,-7.43196],[111.43599,-7.432],[111.43611,-7.43049],[111.43733,-7.43108],[111.43763,-7.43219],[111.43842,-7.4323],[111.43851,-7.43265],[111.43683,-7.43334],[111.4348,-7.43633],[111.43199,-7.43802],[111.43027,-7.44158],[111.42888,-7.44134],[111.42954,-7.44368],[111.42775,-7.44523],[111.42514,-7.44619],[111.4253,-7.44764],[111.42484,-7.44887],[111.42399,-7.44917],[111.42288,-7.44763],[111.42248,-7.44779],[111.42232,-7.44848],[111.42236,-7.45019],[111.42345,-7.45141],[111.42238,-7.45232],[111.42216,-7.45354],[111.42328,-7.45403],[111.42388,-7.45353],[111.42457,-7.45362],[111.42798,-7.45549],[111.42731,-7.45743],[111.43012,-7.45802],[111.43028,-7.45842],[111.43274,-7.45932],[111.43297,-7.45859],[111.439,-7.46016],[111.4385,-7.46099],[111.44053,-7.46204],[111.43698,-7.46512],[111.43576,-7.46749],[111.4355,-7.47036],[111.43413,-7.47393],[111.43297,-7.47894],[111.4329,-7.47864],[111.43209,-7.47848],[111.43203,-7.47884],[111.43036,-7.47839],[111.43111,-7.47147],[111.43056,-7.47152],[111.4307,-7.47112],[111.42929,-7.47006],[111.42771,-7.47106],[111.42794,-7.4711],[111.42776,-7.47139],[111.42675,-7.47166],[111.42433,-7.47057],[111.42359,-7.47361],[111.42059,-7.47297],[111.41685,-7.47169],[111.41526,-7.47152],[111.41534,-7.47089],[111.41503,-7.47082],[111.41446,-7.47145],[111.41357,-7.47162],[111.41415,-7.47084],[111.41435,-7.46968],[111.41383,-7.46898],[111.41271,-7.46845],[111.41225,-7.46902],[111.412,-7.46894],[111.41181,-7.46951],[111.40999,-7.4691],[111.40987,-7.46954],[111.41011,-7.46964],[111.40974,-7.47055],[111.40807,-7.47031],[111.40713,-7.46982],[111.40651,-7.46992],[111.40496,-7.47099],[111.40237,-7.47034],[111.39952,-7.47496],[111.39903,-7.47624],[111.39856,-7.47655],[111.39818,-7.47748],[111.39887,-7.47795],[111.39835,-7.47902],[111.39816,-7.47936],[111.39757,-7.47927],[111.39941,-7.48004],[111.39804,-7.4811],[111.39722,-7.48342],[111.3975,-7.48368],[111.39734,-7.48503],[111.3969,-7.48515],[111.39678,-7.48569],[111.39681,-7.4896],[111.39608,-7.48967],[111.39577,-7.49093],[111.39349,-7.49163],[111.39114,-7.49447],[111.38917,-7.49498],[111.38631,-7.49843],[111.38816,-7.49899],[111.38773,-7.50035],[111.38819,-7.50059],[111.38777,-7.50196],[111.3883,-7.50259],[111.38755,-7.50287],[111.38712,-7.50342],[111.38637,-7.50511],[111.40533,-7.50348],[111.40573,-7.50243],[111.40634,-7.5024],[111.40661,-7.50149],[111.40862,-7.50174],[111.41004,-7.50124],[111.41095,-7.5004],[111.41344,-7.50058],[111.41166,-7.49969],[111.41164,-7.49799],[111.41519,-7.49841],[111.41577,-7.49865],[111.41571,-7.49913],[111.41674,-7.49928],[111.41933,-7.49841],[111.41982,-7.49898],[111.4208,-7.49911],[111.42095,-7.49991],[111.42045,-7.50034],[111.42061,-7.50133],[111.42104,-7.50175],[111.4211,-7.50239],[111.42159,-7.50239],[111.42135,-7.50281],[111.42173,-7.5031],[111.42169,-7.50376],[111.42144,-7.50385],[111.42165,-7.50425],[111.42055,-7.50526],[111.4212,-7.50656],[111.4207,-7.50761],[111.42107,-7.50861],[111.42084,-7.50941],[111.42184,-7.51081],[111.42254,-7.51052],[111.42215,-7.51193],[111.42265,-7.51236],[111.42214,-7.51253],[111.42209,-7.51318],[111.42296,-7.51381],[111.42488,-7.51424],[111.42668,-7.51412],[111.42775,-7.51309],[111.42792,-7.51226],[111.42798,-7.5112],[111.42721,-7.51102],[111.42723,-7.51038],[111.42944,-7.5104],[111.42962,-7.51457],[111.42824,-7.51458],[111.42349,-7.52946],[111.42254,-7.53107],[111.42227,-7.53217],[111.42222,-7.53291],[111.42259,-7.53358],[111.42319,-7.53404],[111.42419,-7.534],[111.42453,-7.53455],[111.42533,-7.53224],[111.42532,-7.53119],[111.4258,-7.53054],[111.42719,-7.53193],[111.42921,-7.53179],[111.4313,-7.53122],[111.43214,-7.53005],[111.43276,-7.52978],[111.43294,-7.52875],[111.43389,-7.52794],[111.43513,-7.52355],[111.43585,-7.52266],[111.43585,-7.52052],[111.43774,-7.51983],[111.43786,-7.51888],[111.43893,-7.51875],[111.43918,-7.51737],[111.43995,-7.51769],[111.44147,-7.51711],[111.44234,-7.51732],[111.44307,-7.51699],[111.44508,-7.51797],[111.44807,-7.51734],[111.44827,-7.51575],[111.45227,-7.51518],[111.45287,-7.5153],[111.45365,-7.51605],[111.45442,-7.51562],[111.45523,-7.51644],[111.45934,-7.51656],[111.46021,-7.51762],[111.46132,-7.5167],[111.46118,-7.51597],[111.46148,-7.51538],[111.46031,-7.51495],[111.4603,-7.51411],[111.46186,-7.51338],[111.4607,-7.51106],[111.4613,-7.50951],[111.46177,-7.50926],[111.46458,-7.50928],[111.46511,-7.50882],[111.46608,-7.50914],[111.4691,-7.51127],[111.46806,-7.51038],[111.46861,-7.50943],[111.46909,-7.507],[111.46775,-7.5067],[111.46656,-7.50793],[111.46645,-7.50645],[111.46676,-7.50465],[111.46902,-7.50468],[111.47158,-7.4978],[111.47324,-7.4983],[111.47352,-7.49787],[111.4749,-7.49274],[111.4692,-7.4916],[111.46939,-7.48991],[111.46896,-7.48853],[111.46892,-7.48658],[111.46814,-7.48783],[111.46728,-7.48709],[111.46661,-7.4872],[111.46655,-7.4885],[111.46628,-7.48859],[111.46543,-7.48789],[111.46401,-7.48744],[111.46401,-7.48511],[111.4637,-7.48502],[111.46408,-7.48373],[111.46809,-7.48502],[111.46832,-7.48467],[111.46938,-7.48502],[111.46969,-7.48498],[111.4698,-7.48422],[111.47111,-7.48382],[111.47162,-7.48269],[111.47055,-7.48156],[111.47002,-7.48151],[111.47031,-7.4809],[111.47066,-7.47697],[111.47139,-7.47626],[111.47038,-7.47552],[111.46921,-7.47389],[111.46835,-7.47145],[111.46855,-7.46988],[111.46958,-7.468],[111.46949,-7.46758],[111.46469,-7.46354],[111.46368,-7.46157],[111.4634,-7.4597],[111.46145,-7.4589],[111.46127,-7.4583],[111.46157,-7.45756],[111.46379,-7.45644],[111.46462,-7.45506],[111.46431,-7.45398],[111.46314,-7.4534],[111.46288,-7.45295],[111.46225,-7.4513],[111.46227,-7.45034],[111.4629,-7.44965],[111.46502,-7.44909],[111.46553,-7.4486],[111.46544,-7.44817],[111.46237,-7.44819],[111.462,-7.44789],[111.46187,-7.44679],[111.46236,-7.44626],[111.46443,-7.44589],[111.46489,-7.44522],[111.46447,-7.44448],[111.46304,-7.44422],[111.46286,-7.44319],[111.46358,-7.44156],[111.46545,-7.4396],[111.46564,-7.43874],[111.46478,-7.43794],[111.46392,-7.43782],[111.46346,-7.43822],[111.46289,-7.44007],[111.46251,-7.4404],[111.462,-7.44012],[111.46102,-7.43924],[111.46034,-7.43531],[111.45959,-7.43368],[111.45863,-7.43338],[111.45744,-7.43406],[111.45597,-7.43426],[111.45522,-7.43424],[111.4545,-7.43367],[111.45558,-7.42958],[111.45503,-7.42862],[111.45015,-7.42674],[111.44922,-7.4258],[111.44835,-7.42556],[111.44723,-7.426],[111.44626,-7.42576],[111.44583,-7.42665],[111.44099,-7.4255],[111.44126,-7.42334]]]},"properties":{"KDPKAB":"35.21","KDCPUM":"35.21.05","WADMKK":"Ngawi","WADMKC":"Geneng"}},{"type":"Feature","geometry":{"type":"Polygon","coordinates":[[[111.47745,-7.47564],[111.47675,-7.47552],[111.47442,-7.47643],[111.47118,-7.47628],[111.47066,-7.47697],[111.47031,-7.4809],[111.47002,-7.48151],[111.47055,-7.48156],[111.47162,-7.48269],[111.47096,-7.48395],[111.4698,-7.48422],[111.46969,-7.48498],[111.46832,-7.48467],[111.46809,-7.48502],[111.46408,-7.48373],[111.4637,-7.48502],[111.46401,-7.48511],[111.46401,-7.48744],[111.46543,-7.48789],[111.46628,-7.48859],[111.46655,-7.4885],[111.46661,-7.4872],[111.46728,-7.48709],[111.46814,-7.48783],[111.46892,-7.48658],[111.46896,-7.48853],[111.46939,-7.48991],[111.4692,-7.4916],[111.4749,-7.49274],[111.47352,-7.49787],[111.47324,-7.4983],[111.47158,-7.4978],[111.46902,-7.50468],[111.46676,-7.50465],[111.46645,-7.50645],[111.46656,-7.50793],[111.46775,-7.5067],[111.46909,-7.507],[111.46861,-7.50943],[111.46806,-7.51038],[111.46847,-7.5109],[111.47181,-7.51219],[111.47506,-7.513],[111.475,-7.51375],[111.4755,-7.51392],[111.47558,-7.51467],[111.47631,-7.51483],[111.47636,-7.51583],[111.47722,-7.51611],[111.47708,-7.515],[111.47878,-7.5153],[111.47918,-7.51543],[111.47867,-7.517],[111.48092,-7.51733],[111.48275,-7.51736],[111.48281,-7.51647],[111.48475,-7.51681],[111.48489,-7.51625],[111.48586,-7.51639],[111.486,-7.51581],[111.48658,-7.51606],[111.48681,-7.51564],[111.48722,-7.51572],[111.487,-7.51467],[111.48787,-7.51497],[111.48839,-7.51379],[111.48869,-7.51417],[111.48937,-7.51428],[111.48936,-7.51473],[111.49031,-7.51511],[111.49069,-7.51568],[111.49091,-7.51513],[111.49209,-7.51516],[111.49194,-7.51567],[111.49161,-7.51564],[111.49164,-7.51603],[111.49408,-7.51719],[111.49464,-7.51717],[111.49494,-7.51676],[111.49531,-7.51692],[111.49586,-7.51493],[111.49628,-7.51422],[111.49686,-7.51414],[111.49696,-7.51344],[111.49729,-7.51329],[111.49775,-7.51372],[111.49956,-7.51389],[111.49962,-7.51422],[111.50203,-7.51517],[111.50194,-7.51547],[111.50322,-7.51603],[111.50203,-7.51864],[111.50784,-7.52141],[111.50806,-7.52194],[111.51094,-7.523],[111.51086,-7.52353],[111.51181,-7.52361],[111.51187,-7.52533],[111.50991,-7.53082],[111.50872,-7.53256],[111.508,-7.53633],[111.50817,-7.53689],[111.51143,-7.53833],[111.51483,-7.53925],[111.51555,-7.53912],[111.51814,-7.54011],[111.519,-7.54003],[111.51966,-7.53959],[111.52119,-7.53961],[111.52145,-7.53834],[111.52195,-7.53855],[111.52274,-7.53836],[111.52292,-7.53859],[111.52241,-7.54027],[111.52408,-7.54058],[111.52444,-7.54105],[111.52398,-7.54323],[111.52473,-7.54444],[111.52614,-7.54474],[111.53021,-7.54671],[111.5321,-7.5469],[111.53278,-7.54555],[111.53333,-7.54559],[111.53355,-7.54529],[111.53471,-7.54563],[111.53543,-7.54543],[111.53575,-7.54309],[111.53554,-7.54076],[111.53605,-7.53819],[111.53831,-7.53843],[111.53895,-7.53788],[111.54025,-7.53793],[111.54049,-7.53753],[111.54033,-7.53678],[111.54109,-7.53585],[111.54357,-7.53715],[111.54327,-7.53765],[111.54524,-7.53849],[111.54522,-7.53924],[111.54742,-7.53926],[111.54821,-7.53892],[111.54802,-7.54224],[111.54879,-7.54294],[111.54997,-7.54341],[111.54974,-7.54456],[111.55,-7.54503],[111.55194,-7.54544],[111.55334,-7.54495],[111.55599,-7.54692],[111.55926,-7.54563],[111.55986,-7.54573],[111.55971,-7.54642],[111.56099,-7.54658],[111.56088,-7.54684],[111.56171,-7.54657],[111.56229,-7.54546],[111.56329,-7.5412],[111.56117,-7.54142],[111.55952,-7.54102],[111.56004,-7.53924],[111.55925,-7.53883],[111.55984,-7.53643],[111.55875,-7.5362],[111.55699,-7.53645],[111.55399,-7.53631],[111.55318,-7.53837],[111.55122,-7.5379],[111.54869,-7.53818],[111.54763,-7.53778],[111.54739,-7.53719],[111.5476,-7.536],[111.5492,-7.53427],[111.54855,-7.53205],[111.5501,-7.53196],[111.55111,-7.53387],[111.55199,-7.53471],[111.55315,-7.53391],[111.5529,-7.53294],[111.55148,-7.53186],[111.55132,-7.53078],[111.55201,-7.53084],[111.5522,-7.53002],[111.55132,-7.52881],[111.55057,-7.52836],[111.55033,-7.52736],[111.55052,-7.52688],[111.55107,-7.5268],[111.55155,-7.52792],[111.55196,-7.52797],[111.55203,-7.52755],[111.55252,-7.52768],[111.55209,-7.52817],[111.55249,-7.52818],[111.55262,-7.52908],[111.55289,-7.52912],[111.55278,-7.52815],[111.55318,-7.52829],[111.55356,-7.52919],[111.55392,-7.52923],[111.55357,-7.53043],[111.55385,-7.53062],[111.55469,-7.52969],[111.55448,-7.52896],[111.5555,-7.52869],[111.55637,-7.52953],[111.55694,-7.52778],[111.55789,-7.52788],[111.55799,-7.52741],[111.55749,-7.52721],[111.55773,-7.52668],[111.55841,-7.52715],[111.55863,-7.52646],[111.55899,-7.52632],[111.55903,-7.52562],[111.55686,-7.5241],[111.55608,-7.52273],[111.55661,-7.52185],[111.55859,-7.52028],[111.55867,-7.51964],[111.55787,-7.51955],[111.55828,-7.51792],[111.55782,-7.51787],[111.55852,-7.51609],[111.55763,-7.5157],[111.55877,-7.51077],[111.55602,-7.50989],[111.55366,-7.50987],[111.5517,-7.51084],[111.54977,-7.51333],[111.54736,-7.51253],[111.54706,-7.51356],[111.54623,-7.51342],[111.54583,-7.5143],[111.54558,-7.51508],[111.54627,-7.5152],[111.54622,-7.5156],[111.54451,-7.51506],[111.54358,-7.51607],[111.54284,-7.51796],[111.54167,-7.51878],[111.54086,-7.51849],[111.5405,-7.51672],[111.53919,-7.51641],[111.53772,-7.5156],[111.53631,-7.51529],[111.53527,-7.51543],[111.53486,-7.51562],[111.53473,-7.51629],[111.53533,-7.51969],[111.53396,-7.5202],[111.53185,-7.51978],[111.53089,-7.51781],[111.52926,-7.51597],[111.52757,-7.51506],[111.52465,-7.51466],[111.52258,-7.51394],[111.51691,-7.50856],[111.51642,-7.50799],[111.51523,-7.5042],[111.51418,-7.50362],[111.51262,-7.50186],[111.51178,-7.50026],[111.51192,-7.5],[111.51139,-7.49953],[111.5108,-7.49905],[111.50453,-7.49649],[111.50395,-7.49513],[111.50421,-7.49447],[111.50703,-7.49184],[111.50569,-7.48906],[111.50402,-7.48902],[111.50331,-7.49034],[111.50255,-7.49014],[111.50236,-7.49063],[111.5017,-7.49045],[111.50119,-7.49186],[111.50003,-7.49212],[111.49984,-7.4927],[111.50014,-7.49314],[111.499,-7.4935],[111.49874,-7.49386],[111.49769,-7.49347],[111.49703,-7.49431],[111.49649,-7.49345],[111.49701,-7.49214],[111.4968,-7.49204],[111.49746,-7.49161],[111.49875,-7.49156],[111.49907,-7.4899],[111.49953,-7.48985],[111.49918,-7.48961],[111.49934,-7.48922],[111.49958,-7.48872],[111.49998,-7.48884],[111.50005,-7.48852],[111.49966,-7.48844],[111.50029,-7.48668],[111.50063,-7.48648],[111.50052,-7.48583],[111.50134,-7.48552],[111.50128,-7.48447],[111.50152,-7.48451],[111.50164,-7.48394],[111.50132,-7.48383],[111.50152,-7.48137],[111.4991,-7.48224],[111.4958,-7.48411],[111.49511,-7.48409],[111.49455,-7.48339],[111.4927,-7.4787],[111.49135,-7.47856],[111.49051,-7.47897],[111.48987,-7.47977],[111.48832,-7.48645],[111.48795,-7.48679],[111.48688,-7.48678],[111.48614,-7.48422],[111.48578,-7.47955],[111.48525,-7.47788],[111.48431,-7.47718],[111.48352,-7.47718],[111.48052,-7.48052],[111.47972,-7.48072],[111.47853,-7.47894],[111.47745,-7.47564]]]},"properties":{"KDPKAB":"35.21","KDCPUM":"35.21.06","WADMKK":"Ngawi","WADMKC":"Kwadungan"}},{"type":"Feature","geometry":{"type":"Polygon","coordinates":[[[111.63264,-7.39045],[111.63072,-7.38974],[111.62693,-7.38692],[111.62628,-7.38866],[111.62619,-7.3908],[111.62444,-7.39365],[111.62198,-7.4001],[111.62131,-7.40051],[111.62035,-7.40223],[111.61909,-7.40355],[111.6183,-7.40565],[111.61919,-7.40871],[111.62041,-7.4096],[111.62184,-7.41134],[111.62233,-7.41272],[111.62125,-7.41352],[111.62182,-7.41709],[111.62154,-7.41997],[111.62081,-7.4219],[111.62089,-7.42348],[111.62023,-7.4244],[111.61849,-7.42512],[111.61801,-7.42714],[111.61852,-7.42735],[111.61877,-7.4311],[111.61539,-7.43335],[111.61529,-7.4386],[111.61468,-7.43837],[111.61291,-7.43964],[111.61216,-7.43919],[111.61148,-7.43923],[111.61148,-7.43957],[111.61102,-7.43963],[111.61038,-7.44048],[111.60936,-7.44023],[111.60887,-7.44052],[111.60863,-7.44153],[111.60896,-7.44164],[111.60844,-7.44368],[111.60733,-7.44357],[111.60682,-7.44388],[111.60648,-7.44701],[111.6058,-7.44765],[111.60444,-7.44871],[111.60294,-7.44931],[111.60284,-7.44814],[111.60177,-7.44748],[111.60166,-7.44692],[111.60216,-7.44595],[111.60218,-7.44517],[111.60163,-7.44506],[111.60069,-7.44419],[111.60035,-7.44474],[111.59913,-7.4448],[111.59542,-7.44411],[111.59029,-7.44447],[111.58918,-7.44411],[111.58868,-7.44469],[111.58783,-7.4444],[111.5865,-7.44463],[111.58596,-7.44456],[111.58604,-7.44399],[111.58459,-7.4435],[111.58378,-7.44485],[111.58311,-7.44462],[111.5827,-7.44488],[111.58015,-7.44244],[111.58014,-7.44138],[111.57971,-7.44125],[111.57938,-7.43935],[111.57817,-7.43901],[111.57775,-7.43934],[111.57639,-7.43922],[111.57227,-7.43849],[111.57115,-7.43969],[111.57081,-7.43962],[111.57033,-7.4415],[111.56888,-7.44132],[111.5684,-7.44071],[111.56765,-7.44041],[111.56641,-7.44106],[111.56549,-7.44219],[111.56457,-7.45127],[111.56279,-7.45579],[111.56131,-7.45693],[111.56191,-7.45761],[111.56183,-7.45905],[111.56044,-7.45933],[111.56024,-7.46017],[111.55763,-7.45983],[111.55732,-7.46138],[111.55658,-7.46187],[111.55197,-7.4614],[111.55193,-7.46218],[111.55127,-7.46288],[111.55135,-7.46377],[111.55099,-7.46371],[111.5502,-7.46483],[111.55052,-7.46518],[111.55039,-7.46596],[111.54994,-7.46645],[111.54907,-7.46627],[111.54881,-7.46648],[111.54896,-7.46689],[111.55002,-7.46732],[111.54983,-7.4691],[111.54952,-7.46959],[111.54975,-7.46999],[111.54939,-7.4702],[111.54966,-7.47134],[111.54924,-7.47165],[111.54814,-7.47169],[111.54879,-7.47216],[111.54879,-7.47315],[111.54914,-7.47328],[111.5487,-7.47397],[111.549,-7.47431],[111.54885,-7.47531],[111.5479,-7.47597],[111.54751,-7.4777],[111.54624,-7.47968],[111.54626,-7.48011],[111.54685,-7.47991],[111.54633,-7.48039],[111.54612,-7.48153],[111.54537,-7.48282],[111.54539,-7.48345],[111.5458,-7.4839],[111.54463,-7.48539],[111.54514,-7.48661],[111.54705,-7.48684],[111.54761,-7.48731],[111.55056,-7.48836],[111.55284,-7.48871],[111.55315,-7.48953],[111.55397,-7.48878],[111.55624,-7.4891],[111.55672,-7.48944],[111.55674,-7.49027],[111.55718,-7.49039],[111.55713,-7.49122],[111.55748,-7.49135],[111.55736,-7.49168],[111.55795,-7.49184],[111.55793,-7.49247],[111.55836,-7.49282],[111.55834,-7.4938],[111.55782,-7.49413],[111.5573,-7.49636],[111.55845,-7.49661],[111.55888,-7.49652],[111.5595,-7.49559],[111.5606,-7.49543],[111.56064,-7.49503],[111.56,-7.49444],[111.5605,-7.49399],[111.56177,-7.4939],[111.56481,-7.4948],[111.56593,-7.49457],[111.56638,-7.49496],[111.56702,-7.49447],[111.56732,-7.49313],[111.56655,-7.49168],[111.56737,-7.49135],[111.56877,-7.49244],[111.56938,-7.49248],[111.56969,-7.4923],[111.56997,-7.49105],[111.57039,-7.49077],[111.57119,-7.49109],[111.57054,-7.49454],[111.56862,-7.49959],[111.56797,-7.50326],[111.57131,-7.50428],[111.57163,-7.50305],[111.57409,-7.50389],[111.57598,-7.50412],[111.57621,-7.50343],[111.57741,-7.50374],[111.57811,-7.50164],[111.57871,-7.50147],[111.57888,-7.50075],[111.57923,-7.50149],[111.57913,-7.5029],[111.57977,-7.50247],[111.58643,-7.5056],[111.58759,-7.50535],[111.58812,-7.50664],[111.58885,-7.50547],[111.59021,-7.50691],[111.59078,-7.50695],[111.58999,-7.5011],[111.59088,-7.5011],[111.59106,-7.50253],[111.59167,-7.50244],[111.59325,-7.50087],[111.5943,-7.49907],[111.59371,-7.49775],[111.59433,-7.49751],[111.59578,-7.49766],[111.59608,-7.49566],[111.59776,-7.49552],[111.59766,-7.49444],[111.59578,-7.49422],[111.59663,-7.49244],[111.5967,-7.49083],[111.59758,-7.49069],[111.59781,-7.48954],[111.59809,-7.48963],[111.59831,-7.4907],[111.59879,-7.49113],[111.59942,-7.49097],[111.60001,-7.4896],[111.59985,-7.48931],[111.59776,-7.48898],[111.59782,-7.48853],[111.59815,-7.48826],[111.59924,-7.4889],[111.6,-7.48791],[111.59951,-7.48679],[111.59966,-7.48638],[111.60139,-7.48639],[111.6022,-7.48596],[111.60291,-7.48491],[111.60218,-7.48445],[111.60064,-7.48522],[111.60028,-7.48269],[111.60096,-7.48253],[111.60224,-7.48283],[111.60276,-7.48378],[111.60376,-7.48374],[111.60375,-7.48331],[111.60286,-7.48253],[111.60301,-7.48199],[111.60248,-7.48084],[111.60288,-7.48034],[111.60474,-7.48027],[111.60398,-7.47918],[111.60492,-7.47677],[111.60617,-7.47557],[111.60671,-7.47557],[111.60715,-7.47695],[111.60688,-7.47852],[111.60745,-7.47881],[111.60856,-7.4779],[111.60854,-7.47672],[111.60896,-7.47564],[111.61015,-7.47635],[111.61048,-7.47607],[111.61052,-7.47356],[111.61092,-7.47325],[111.61116,-7.47208],[111.61193,-7.47079],[111.61236,-7.46902],[111.61434,-7.46864],[111.61427,-7.46829],[111.61481,-7.468],[111.61489,-7.46752],[111.61256,-7.46704],[111.61295,-7.46626],[111.61493,-7.46593],[111.61529,-7.4652],[111.61644,-7.46477],[111.61729,-7.46538],[111.61825,-7.46526],[111.61945,-7.46557],[111.62057,-7.46675],[111.62184,-7.46695],[111.62163,-7.46748],[111.62189,-7.46837],[111.62274,-7.46881],[111.62355,-7.46722],[111.62592,-7.46737],[111.62681,-7.46713],[111.62751,-7.46584],[111.62748,-7.46528],[111.62905,-7.46334],[111.63013,-7.46299],[111.63143,-7.46388],[111.63153,-7.46295],[111.63251,-7.46221],[111.63365,-7.46215],[111.63443,-7.4615],[111.63488,-7.46193],[111.63545,-7.46169],[111.63565,-7.46259],[111.63635,-7.46247],[111.63659,-7.46289],[111.63714,-7.46278],[111.63732,-7.46243],[111.63679,-7.46178],[111.63755,-7.46134],[111.63772,-7.46046],[111.63907,-7.45955],[111.64009,-7.45982],[111.6403,-7.45794],[111.64217,-7.45481],[111.6424,-7.45336],[111.64188,-7.45322],[111.64141,-7.45259],[111.64178,-7.45187],[111.64155,-7.45173],[111.64178,-7.45098],[111.64382,-7.45188],[111.64427,-7.45107],[111.6454,-7.45136],[111.64708,-7.45096],[111.6487,-7.45108],[111.64919,-7.45039],[111.65002,-7.45132],[111.65067,-7.45119],[111.65067,-7.45055],[111.65157,-7.45103],[111.65169,-7.45063],[111.65223,-7.45043],[111.65167,-7.44951],[111.65148,-7.448],[111.65099,-7.44769],[111.65081,-7.44584],[111.65238,-7.44467],[111.65194,-7.44407],[111.65141,-7.44173],[111.65169,-7.44029],[111.65117,-7.43989],[111.65061,-7.43867],[111.65123,-7.43835],[111.65184,-7.43875],[111.65219,-7.43831],[111.65282,-7.43863],[111.65522,-7.43851],[111.65487,-7.4367],[111.65556,-7.43587],[111.65684,-7.43555],[111.65698,-7.4347],[111.65843,-7.43361],[111.65858,-7.43202],[111.65924,-7.43145],[111.65905,-7.43076],[111.65997,-7.42807],[111.65966,-7.42722],[111.66085,-7.42681],[111.66127,-7.42695],[111.66159,-7.42645],[111.66114,-7.42622],[111.6612,-7.42596],[111.66335,-7.42398],[111.66361,-7.42408],[111.66346,-7.42461],[111.66411,-7.42397],[111.66556,-7.42392],[111.66569,-7.42325],[111.66679,-7.42373],[111.66732,-7.42294],[111.66774,-7.42335],[111.66852,-7.42308],[111.66803,-7.42151],[111.66976,-7.42072],[111.66959,-7.42003],[111.67001,-7.41968],[111.67032,-7.41829],[111.66996,-7.4167],[111.6701,-7.41596],[111.67113,-7.41519],[111.67167,-7.41427],[111.67249,-7.41384],[111.67351,-7.41182],[111.67361,-7.41066],[111.66633,-7.40675],[111.6639,-7.40467],[111.66097,-7.4029],[111.65742,-7.40095],[111.6562,-7.4006],[111.65471,-7.39913],[111.65025,-7.39783],[111.64423,-7.39508],[111.64096,-7.39409],[111.63718,-7.39196],[111.63264,-7.39045]]]},"properties":{"KDPKAB":"35.21","KDCPUM":"35.21.07","WADMKK":"Ngawi","WADMKC":"Karangjati"}},{"type":"Feature","geometry":{"type":"Polygon","coordinates":[[[111.5416,-7.39935],[111.54099,-7.39903],[111.5405,-7.39966],[111.53946,-7.39955],[111.53747,-7.40306],[111.53492,-7.40322],[111.53576,-7.40476],[111.53549,-7.4054],[111.53507,-7.40555],[111.53464,-7.40748],[111.53373,-7.40725],[111.5335,-7.40788],[111.52799,-7.40646],[111.52604,-7.40626],[111.5254,-7.40769],[111.52498,-7.40794],[111.52471,-7.40974],[111.52473,-7.41068],[111.52587,-7.41189],[111.52508,-7.41472],[111.52481,-7.41667],[111.52512,-7.41669],[111.52475,-7.4173],[111.52458,-7.41992],[111.52203,-7.42001],[111.52137,-7.42024],[111.52072,-7.421],[111.51701,-7.42246],[111.5168,-7.4231],[111.51712,-7.42325],[111.51631,-7.42435],[111.51597,-7.42363],[111.51471,-7.42429],[111.51281,-7.42296],[111.51214,-7.42368],[111.51194,-7.42455],[111.50933,-7.4234],[111.50915,-7.42614],[111.50859,-7.42627],[111.50752,-7.4281],[111.50813,-7.42843],[111.50786,-7.42918],[111.50665,-7.42992],[111.50785,-7.43099],[111.50763,-7.4317],[111.50904,-7.43279],[111.51027,-7.43326],[111.5102,-7.4337],[111.50921,-7.4351],[111.50643,-7.43615],[111.50465,-7.43746],[111.50486,-7.43815],[111.50562,-7.43898],[111.50686,-7.4394],[111.50705,-7.44009],[111.50771,-7.44053],[111.50736,-7.44141],[111.50799,-7.44193],[111.50688,-7.44348],[111.50738,-7.44528],[111.50719,-7.44615],[111.50562,-7.44675],[111.50571,-7.4475],[111.50501,-7.44823],[111.50462,-7.44973],[111.50404,-7.44967],[111.50392,-7.44902],[111.50349,-7.4492],[111.50337,-7.45021],[111.5028,-7.45008],[111.50251,-7.45048],[111.50165,-7.45024],[111.50117,-7.45217],[111.50079,-7.45264],[111.50006,-7.45254],[111.50063,-7.45325],[111.50007,-7.45392],[111.50043,-7.45476],[111.4995,-7.45568],[111.49895,-7.45697],[111.49263,-7.45465],[111.49147,-7.45451],[111.48966,-7.45524],[111.48833,-7.45805],[111.48878,-7.45838],[111.48716,-7.46301],[111.4862,-7.46822],[111.48768,-7.46896],[111.48663,-7.47402],[111.48587,-7.47399],[111.48583,-7.47466],[111.48665,-7.47503],[111.48626,-7.47585],[111.48636,-7.47657],[111.48474,-7.47602],[111.48397,-7.4767],[111.4841,-7.4771],[111.48525,-7.47788],[111.48558,-7.47861],[111.48614,-7.48422],[111.48688,-7.48678],[111.48795,-7.48679],[111.48832,-7.48645],[111.48987,-7.47977],[111.49051,-7.47897],[111.49172,-7.47844],[111.4927,-7.4787],[111.49315,-7.47936],[111.49455,-7.48339],[111.49511,-7.48409],[111.4958,-7.48411],[111.50109,-7.48145],[111.50414,-7.48102],[111.50516,-7.47823],[111.50449,-7.47782],[111.50668,-7.47265],[111.5072,-7.47229],[111.50774,-7.4709],[111.50746,-7.47075],[111.50812,-7.46806],[111.50789,-7.468],[111.50808,-7.46662],[111.50898,-7.4641],[111.50914,-7.46107],[111.51244,-7.46218],[111.51249,-7.45886],[111.5142,-7.45925],[111.51451,-7.45956],[111.51437,-7.46009],[111.51648,-7.46073],[111.51642,-7.46222],[111.51732,-7.46223],[111.5177,-7.46268],[111.51721,-7.46376],[111.51639,-7.46359],[111.51613,-7.4641],[111.51591,-7.46534],[111.51662,-7.46554],[111.51637,-7.46762],[111.51591,-7.46842],[111.51556,-7.46836],[111.51546,-7.46921],[111.51474,-7.4693],[111.51496,-7.47015],[111.51481,-7.47288],[111.51593,-7.4729],[111.51594,-7.47319],[111.51486,-7.4749],[111.5151,-7.47606],[111.51491,-7.47732],[111.51545,-7.47722],[111.51526,-7.47656],[111.51595,-7.47559],[111.51616,-7.4742],[111.51648,-7.47439],[111.51668,-7.47574],[111.518,-7.47587],[111.51929,-7.47458],[111.51933,-7.47574],[111.5203,-7.47548],[111.51986,-7.48418],[111.52512,-7.48606],[111.52563,-7.48277],[111.52708,-7.48311],[111.52787,-7.48029],[111.52704,-7.47982],[111.52714,-7.47916],[111.52622,-7.47887],[111.52593,-7.47799],[111.52607,-7.47713],[111.52521,-7.47694],[111.52517,-7.47602],[111.52552,-7.47541],[111.52503,-7.47536],[111.52484,-7.47476],[111.52453,-7.47493],[111.52431,-7.47379],[111.52381,-7.47355],[111.52416,-7.47354],[111.5243,-7.47287],[111.5261,-7.47316],[111.52617,-7.47188],[111.52891,-7.47291],[111.52889,-7.47407],[111.53067,-7.47473],[111.53044,-7.47543],[111.53242,-7.47586],[111.53813,-7.47879],[111.54024,-7.47934],[111.54062,-7.4791],[111.54161,-7.47632],[111.54413,-7.47683],[111.5458,-7.47759],[111.54751,-7.4777],[111.5479,-7.47597],[111.54885,-7.47531],[111.549,-7.47431],[111.5487,-7.47397],[111.54913,-7.47348],[111.54876,-7.47303],[111.54879,-7.47216],[111.54814,-7.47169],[111.54924,-7.47165],[111.54966,-7.47134],[111.54939,-7.4702],[111.54975,-7.46999],[111.54952,-7.46959],[111.54983,-7.4691],[111.55002,-7.46732],[111.54896,-7.46689],[111.54881,-7.46648],[111.54907,-7.46627],[111.54994,-7.46645],[111.55039,-7.46596],[111.55052,-7.46518],[111.5502,-7.46483],[111.55099,-7.46371],[111.55135,-7.46377],[111.55127,-7.46288],[111.55193,-7.46218],[111.55197,-7.4614],[111.55658,-7.46187],[111.55732,-7.46138],[111.55763,-7.45983],[111.56024,-7.46017],[111.56044,-7.45933],[111.56183,-7.45905],[111.56191,-7.45761],[111.56131,-7.45693],[111.56279,-7.45579],[111.56457,-7.45127],[111.56549,-7.44219],[111.5673,-7.44047],[111.56804,-7.4405],[111.56889,-7.44132],[111.56864,-7.44031],[111.56713,-7.44023],[111.56701,-7.43909],[111.56652,-7.43901],[111.56598,-7.43785],[111.56547,-7.43773],[111.56588,-7.43581],[111.5664,-7.43558],[111.56699,-7.43334],[111.56802,-7.43321],[111.56829,-7.43261],[111.56893,-7.43235],[111.56877,-7.43084],[111.56538,-7.42992],[111.56429,-7.43053],[111.56234,-7.42948],[111.56092,-7.42915],[111.55941,-7.42942],[111.559,-7.42918],[111.55854,-7.42949],[111.55822,-7.43046],[111.55643,-7.42998],[111.55648,-7.42922],[111.55579,-7.42918],[111.55522,-7.4297],[111.55634,-7.43041],[111.55569,-7.43204],[111.55679,-7.43243],[111.55652,-7.43348],[111.55501,-7.43663],[111.55364,-7.4369],[111.55276,-7.43753],[111.55107,-7.437],[111.55061,-7.43734],[111.54856,-7.43652],[111.54836,-7.43697],[111.54171,-7.4347],[111.54223,-7.43405],[111.54234,-7.43279],[111.54216,-7.43019],[111.54176,-7.42966],[111.5415,-7.42812],[111.54261,-7.42361],[111.54441,-7.42183],[111.5453,-7.42024],[111.54525,-7.41802],[111.54569,-7.41774],[111.54527,-7.4153],[111.54611,-7.41103],[111.54581,-7.40903],[111.54314,-7.40897],[111.54181,-7.40859],[111.54334,-7.4051],[111.54576,-7.40175],[111.54451,-7.40171],[111.5416,-7.39935]]]},"properties":{"KDPKAB":"35.21","KDCPUM":"35.21.08","WADMKK":"Ngawi","WADMKC":"Padas"}},{"type":"Feature","geometry":{"type":"Polygon","coordinates":[[[111.47314,-7.3575],[111.47209,-7.35741],[111.4712,-7.35801],[111.47076,-7.35775],[111.47032,-7.35805],[111.47066,-7.35848],[111.46872,-7.35909],[111.4685,-7.35975],[111.46793,-7.36011],[111.46698,-7.3602],[111.46653,-7.35994],[111.46657,-7.36057],[111.46767,-7.36099],[111.46737,-7.36173],[111.46706,-7.36189],[111.46598,-7.36127],[111.46557,-7.36136],[111.46526,-7.36162],[111.46531,-7.36226],[111.46455,-7.3626],[111.46411,-7.36332],[111.46369,-7.36225],[111.46302,-7.36231],[111.46278,-7.36295],[111.46247,-7.36295],[111.46195,-7.36202],[111.46176,-7.36061],[111.45889,-7.36445],[111.45684,-7.36611],[111.45607,-7.36727],[111.45633,-7.36854],[111.45697,-7.36905],[111.45812,-7.36956],[111.46158,-7.36982],[111.46287,-7.37058],[111.46338,-7.37211],[111.46338,-7.37429],[111.46275,-7.37718],[111.4637,-7.37702],[111.46249,-7.38132],[111.46107,-7.38459],[111.45735,-7.3879],[111.45429,-7.3881],[111.4527,-7.38957],[111.45173,-7.39097],[111.45057,-7.39171],[111.44929,-7.39183],[111.44717,-7.39025],[111.4458,-7.38994],[111.44262,-7.39004],[111.44119,-7.39067],[111.4405,-7.39125],[111.44014,-7.39235],[111.44014,-7.39281],[111.44152,-7.39445],[111.44171,-7.39532],[111.4414,-7.397],[111.44063,-7.39825],[111.43955,-7.39901],[111.43863,-7.39903],[111.43794,-7.39802],[111.43774,-7.39524],[111.43701,-7.39481],[111.4355,-7.3948],[111.43435,-7.39538],[111.43315,-7.39803],[111.43233,-7.39822],[111.43206,-7.39905],[111.43263,-7.39937],[111.43266,-7.40074],[111.43187,-7.40148],[111.43042,-7.40147],[111.42916,-7.40096],[111.42911,-7.40025],[111.43144,-7.39827],[111.43167,-7.39626],[111.43101,-7.39372],[111.42971,-7.39194],[111.42946,-7.39055],[111.42912,-7.39017],[111.42963,-7.38489],[111.42926,-7.38358],[111.42846,-7.38258],[111.42574,-7.38167],[111.42438,-7.38197],[111.42411,-7.38296],[111.42601,-7.38457],[111.42638,-7.38563],[111.42626,-7.38629],[111.42561,-7.38727],[111.42457,-7.38796],[111.42185,-7.38892],[111.41616,-7.38898],[111.41312,-7.38536],[111.41225,-7.3849],[111.41151,-7.38491],[111.4089,-7.3867],[111.40815,-7.38758],[111.40985,-7.39097],[111.4104,-7.39312],[111.40978,-7.39517],[111.40907,-7.39613],[111.40768,-7.39721],[111.40621,-7.39776],[111.40479,-7.39755],[111.40421,-7.39691],[111.40362,-7.39729],[111.40296,-7.39914],[111.4023,-7.39969],[111.40169,-7.3988],[111.40083,-7.3994],[111.40029,-7.39812],[111.39972,-7.39839],[111.39809,-7.39618],[111.39755,-7.39614],[111.39728,-7.39674],[111.3977,-7.39834],[111.39819,-7.39862],[111.39806,-7.39914],[111.39712,-7.39909],[111.3966,-7.39986],[111.39646,-7.40033],[111.39681,-7.40081],[111.3965,-7.40109],[111.39605,-7.40099],[111.39591,-7.40025],[111.39387,-7.40092],[111.39391,-7.40146],[111.39478,-7.40197],[111.39439,-7.40273],[111.39473,-7.40313],[111.39367,-7.40347],[111.39427,-7.4043],[111.39391,-7.40455],[111.39322,-7.40442],[111.39324,-7.4053],[111.39226,-7.40525],[111.39191,-7.40553],[111.39223,-7.40701],[111.39184,-7.40773],[111.39114,-7.40806],[111.39,-7.40747],[111.3895,-7.40671],[111.3892,-7.40709],[111.39001,-7.40938],[111.38882,-7.40992],[111.38817,-7.4109],[111.38733,-7.41135],[111.38683,-7.41145],[111.38655,-7.41066],[111.3862,-7.41066],[111.38557,-7.41177],[111.3864,-7.41272],[111.38614,-7.41301],[111.38514,-7.41309],[111.38514,-7.41397],[111.3841,-7.41445],[111.38807,-7.41555],[111.39492,-7.41843],[111.4033,-7.42293],[111.40329,-7.42471],[111.40243,-7.42589],[111.40229,-7.4266],[111.40145,-7.4274],[111.40166,-7.42781],[111.40142,-7.42821],[111.40033,-7.42859],[111.40045,-7.42912],[111.40176,-7.43031],[111.40434,-7.43138],[111.40298,-7.43603],[111.40253,-7.43614],[111.40732,-7.43901],[111.40907,-7.43955],[111.41228,-7.43993],[111.41306,-7.43947],[111.41414,-7.43992],[111.41422,-7.43958],[111.41594,-7.43896],[111.417,-7.43803],[111.41921,-7.43944],[111.42222,-7.43914],[111.4229,-7.43793],[111.42494,-7.43706],[111.42561,-7.43642],[111.42691,-7.43342],[111.42784,-7.43244],[111.42893,-7.43234],[111.4302,-7.43131],[111.43107,-7.43111],[111.43131,-7.43147],[111.43178,-7.4308],[111.43238,-7.43081],[111.43314,-7.4294],[111.43347,-7.42947],[111.43388,-7.42828],[111.43401,-7.42903],[111.43474,-7.42913],[111.43513,-7.42593],[111.43591,-7.42608],[111.43623,-7.42496],[111.43773,-7.42503],[111.43769,-7.42433],[111.43924,-7.42375],[111.44114,-7.42358],[111.44126,-7.42334],[111.44099,-7.4255],[111.44583,-7.42665],[111.44626,-7.42576],[111.44723,-7.426],[111.44835,-7.42556],[111.44922,-7.4258],[111.45015,-7.42674],[111.45503,-7.42862],[111.45558,-7.42958],[111.4545,-7.43367],[111.45522,-7.43424],[111.45597,-7.43426],[111.45744,-7.43406],[111.45863,-7.43338],[111.45959,-7.43368],[111.46034,-7.43531],[111.46102,-7.43924],[111.46251,-7.4404],[111.46299,-7.43985],[111.46346,-7.43822],[111.46392,-7.43782],[111.46478,-7.43794],[111.46569,-7.43893],[111.46545,-7.4396],[111.46358,-7.44156],[111.46286,-7.44319],[111.46304,-7.44422],[111.46447,-7.44448],[111.46489,-7.44522],[111.46443,-7.44589],[111.46236,-7.44626],[111.46187,-7.44679],[111.462,-7.44789],[111.46237,-7.44819],[111.46544,-7.44817],[111.46553,-7.4486],[111.46502,-7.44909],[111.4629,-7.44965],[111.46227,-7.45034],[111.46225,-7.4513],[111.46288,-7.45295],[111.46314,-7.4534],[111.46431,-7.45398],[111.46462,-7.45506],[111.46379,-7.45644],[111.46142,-7.45772],[111.46145,-7.4589],[111.4634,-7.4597],[111.46368,-7.46157],[111.46469,-7.46354],[111.46936,-7.46728],[111.46958,-7.468],[111.46855,-7.46988],[111.46835,-7.47145],[111.46921,-7.47389],[111.47038,-7.47552],[111.47139,-7.47626],[111.47233,-7.47651],[111.47442,-7.47643],[111.47712,-7.47544],[111.47745,-7.47564],[111.47796,-7.47766],[111.47896,-7.4798],[111.47938,-7.48047],[111.48001,-7.48071],[111.48107,-7.47997],[111.48321,-7.47737],[111.4841,-7.4771],[111.48411,-7.47635],[111.48474,-7.47602],[111.48636,-7.47657],[111.48626,-7.47585],[111.48665,-7.47503],[111.48583,-7.47466],[111.48587,-7.47399],[111.48663,-7.47402],[111.48768,-7.46896],[111.4862,-7.46822],[111.48716,-7.46301],[111.48878,-7.45838],[111.48833,-7.45805],[111.48966,-7.45524],[111.49147,-7.45451],[111.49263,-7.45465],[111.49895,-7.45697],[111.4995,-7.45568],[111.50043,-7.45476],[111.50007,-7.45392],[111.50063,-7.45325],[111.50006,-7.45254],[111.50079,-7.45264],[111.50117,-7.45217],[111.50165,-7.45024],[111.50251,-7.45048],[111.5028,-7.45008],[111.50239,-7.44954],[111.50259,-7.44889],[111.50198,-7.44842],[111.5007,-7.44814],[111.50029,-7.44783],[111.50038,-7.44741],[111.49833,-7.44704],[111.49662,-7.44625],[111.49684,-7.44564],[111.49659,-7.44495],[111.49186,-7.4422],[111.48909,-7.44008],[111.48941,-7.43981],[111.48842,-7.43845],[111.48802,-7.43895],[111.48764,-7.43844],[111.48711,-7.43646],[111.48758,-7.43283],[111.49036,-7.42833],[111.4906,-7.42628],[111.48803,-7.42457],[111.48857,-7.4234],[111.48755,-7.42257],[111.48809,-7.42138],[111.48695,-7.42105],[111.48618,-7.42208],[111.48323,-7.42058],[111.48398,-7.41849],[111.48346,-7.41801],[111.4836,-7.41754],[111.4833,-7.41728],[111.48373,-7.41614],[111.48235,-7.41445],[111.4826,-7.4135],[111.48461,-7.41063],[111.48485,-7.40865],[111.48585,-7.40524],[111.48545,-7.4045],[111.48384,-7.40366],[111.48351,-7.40262],[111.48197,-7.40231],[111.48156,-7.40128],[111.48259,-7.40027],[111.48255,-7.39989],[111.4813,-7.39968],[111.47962,-7.39846],[111.47928,-7.39757],[111.47802,-7.39743],[111.47719,-7.39674],[111.47685,-7.39773],[111.47624,-7.39762],[111.47647,-7.39616],[111.4778,-7.39441],[111.47921,-7.39103],[111.48054,-7.38951],[111.48115,-7.38805],[111.48176,-7.38351],[111.4824,-7.38203],[111.4841,-7.38153],[111.48407,-7.38259],[111.48446,-7.38296],[111.48589,-7.3808],[111.48668,-7.38116],[111.48689,-7.38213],[111.48792,-7.38138],[111.4885,-7.38132],[111.48921,-7.38201],[111.48938,-7.38269],[111.48913,-7.38315],[111.49007,-7.38448],[111.49044,-7.38463],[111.49084,-7.38383],[111.49117,-7.3844],[111.4917,-7.38446],[111.4917,-7.38363],[111.49282,-7.38093],[111.49414,-7.37873],[111.49568,-7.37693],[111.4961,-7.37556],[111.49631,-7.37281],[111.49606,-7.369],[111.49633,-7.36785],[111.49738,-7.36637],[111.49809,-7.36447],[111.49696,-7.36445],[111.49682,-7.36245],[111.49616,-7.36112],[111.49326,-7.36111],[111.49289,-7.36067],[111.49146,-7.36084],[111.4883,-7.3602],[111.48757,-7.35987],[111.48724,-7.35928],[111.48653,-7.35954],[111.48602,-7.35879],[111.48533,-7.35891],[111.48557,-7.35847],[111.48515,-7.35818],[111.48449,-7.35838],[111.48436,-7.35893],[111.48374,-7.35863],[111.48311,-7.35923],[111.48242,-7.35931],[111.48214,-7.35904],[111.4817,-7.35924],[111.48102,-7.35902],[111.4806,-7.35849],[111.47894,-7.35847],[111.47848,-7.35879],[111.47721,-7.35847],[111.47705,-7.35869],[111.47752,-7.3595],[111.47572,-7.35964],[111.47504,-7.35912],[111.47524,-7.35897],[111.47482,-7.35879],[111.47498,-7.35851],[111.47427,-7.35873],[111.47391,-7.35843],[111.47414,-7.35807],[111.47392,-7.35744],[111.47314,-7.3575]]]},"properties":{"KDPKAB":"35.21","KDCPUM":"35.21.09","WADMKK":"Ngawi","WADMKC":"Ngawi"}},{"type":"Feature","geometry":{"type":"Polygon","coordinates":[[[111.38172,-7.39561],[111.38108,-7.39528],[111.3798,-7.39265],[111.37533,-7.38867],[111.37385,-7.38627],[111.37438,-7.38415],[111.37499,-7.38372],[111.37688,-7.38341],[111.37774,-7.38252],[111.37812,-7.38051],[111.37615,-7.38038],[111.37219,-7.38211],[111.36919,-7.38594],[111.36819,-7.38777],[111.36892,-7.38824],[111.36921,-7.38896],[111.36894,-7.39021],[111.37104,-7.39057],[111.37136,-7.39235],[111.37315,-7.39342],[111.37298,-7.3938],[111.37334,-7.39404],[111.37345,-7.39496],[111.37493,-7.39528],[111.37495,-7.39561],[111.37338,-7.39547],[111.37314,-7.39672],[111.37189,-7.39815],[111.37199,-7.40125],[111.37119,-7.40203],[111.37095,-7.4028],[111.37029,-7.40308],[111.37009,-7.40493],[111.36925,-7.40553],[111.36969,-7.40592],[111.36931,-7.40625],[111.36982,-7.40679],[111.36939,-7.40785],[111.37004,-7.40843],[111.36964,-7.40882],[111.36963,-7.40936],[111.36841,-7.41003],[111.36873,-7.41183],[111.36788,-7.41209],[111.3681,-7.41311],[111.36759,-7.41392],[111.36623,-7.41416],[111.36644,-7.41585],[111.36557,-7.41593],[111.3655,-7.41724],[111.36452,-7.41739],[111.36429,-7.41788],[111.36457,-7.41847],[111.36322,-7.41955],[111.36318,-7.4201],[111.36385,-7.42004],[111.3636,-7.42114],[111.36208,-7.42257],[111.3617,-7.4245],[111.3611,-7.42479],[111.36094,-7.42559],[111.35912,-7.4268],[111.35756,-7.42637],[111.35691,-7.42733],[111.35443,-7.42685],[111.35298,-7.4273],[111.35219,-7.4289],[111.35168,-7.42922],[111.35015,-7.42923],[111.34902,-7.42989],[111.34872,-7.43043],[111.34592,-7.42927],[111.34292,-7.43637],[111.33796,-7.44058],[111.3353,-7.44071],[111.33347,-7.44477],[111.33299,-7.44671],[111.32924,-7.45481],[111.32959,-7.45539],[111.3275,-7.45708],[111.32617,-7.45721],[111.32619,-7.45636],[111.32592,-7.45639],[111.32588,-7.4559],[111.32454,-7.45559],[111.32306,-7.45594],[111.32,-7.45447],[111.31818,-7.4568],[111.31623,-7.45834],[111.31381,-7.4619],[111.31276,-7.46417],[111.31206,-7.46461],[111.31339,-7.46579],[111.31384,-7.46786],[111.31505,-7.46816],[111.31468,-7.46966],[111.3154,-7.47019],[111.31544,-7.47056],[111.31452,-7.47111],[111.31553,-7.47176],[111.31564,-7.47261],[111.31451,-7.47328],[111.31438,-7.47421],[111.31339,-7.47464],[111.31311,-7.47562],[111.31192,-7.47563],[111.31219,-7.4763],[111.3109,-7.47697],[111.31074,-7.47755],[111.30981,-7.47845],[111.30991,-7.47961],[111.30787,-7.47966],[111.30798,-7.48076],[111.30705,-7.48127],[111.30637,-7.48264],[111.30604,-7.48386],[111.30632,-7.48469],[111.30603,-7.48516],[111.30482,-7.48567],[111.30352,-7.48547],[111.30307,-7.48664],[111.30212,-7.48749],[111.30152,-7.48923],[111.29961,-7.4901],[111.29958,-7.49086],[111.29831,-7.49178],[111.29779,-7.4927],[111.2968,-7.49258],[111.29634,-7.49211],[111.29596,-7.49225],[111.29489,-7.49395],[111.29597,-7.49389],[111.2974,-7.4948],[111.29805,-7.4943],[111.29853,-7.49442],[111.2996,-7.49675],[111.30022,-7.49717],[111.3002,-7.49836],[111.30152,-7.49954],[111.30116,-7.50029],[111.30131,-7.50086],[111.30214,-7.50114],[111.30263,-7.50088],[111.30459,-7.50241],[111.30501,-7.50315],[111.30583,-7.50281],[111.30699,-7.50308],[111.30754,-7.50395],[111.30791,-7.5037],[111.30884,-7.50437],[111.30976,-7.50397],[111.3105,-7.50417],[111.31127,-7.5046],[111.31321,-7.50674],[111.31383,-7.50636],[111.31469,-7.50673],[111.31689,-7.50645],[111.31736,-7.50601],[111.31737,-7.50533],[111.32019,-7.50646],[111.32061,-7.50644],[111.32075,-7.50577],[111.32107,-7.50577],[111.32168,-7.50677],[111.32317,-7.50599],[111.32485,-7.50672],[111.32926,-7.50631],[111.33035,-7.50709],[111.33174,-7.50656],[111.33407,-7.50699],[111.33532,-7.50643],[111.33629,-7.50685],[111.33755,-7.50687],[111.33997,-7.5058],[111.34103,-7.50572],[111.34241,-7.50437],[111.34265,-7.50588],[111.34328,-7.50617],[111.3442,-7.50507],[111.34513,-7.50464],[111.34773,-7.50423],[111.34856,-7.50439],[111.3493,-7.50382],[111.35044,-7.50359],[111.35272,-7.5036],[111.35451,-7.50419],[111.35538,-7.50324],[111.3566,-7.5028],[111.35805,-7.50358],[111.35837,-7.50327],[111.35844,-7.50218],[111.35909,-7.5019],[111.35947,-7.50431],[111.35734,-7.5185],[111.3555,-7.52301],[111.35605,-7.52294],[111.35666,-7.52371],[111.35743,-7.52299],[111.35828,-7.52307],[111.35859,-7.5223],[111.35993,-7.52144],[111.36025,-7.52146],[111.36098,-7.52259],[111.36154,-7.5223],[111.36177,-7.52251],[111.36192,-7.52324],[111.36072,-7.52681],[111.36058,-7.5283],[111.36028,-7.52845],[111.359,-7.53174],[111.36217,-7.53436],[111.3621,-7.53335],[111.36431,-7.53139],[111.36583,-7.52935],[111.36615,-7.52916],[111.36688,-7.52964],[111.36671,-7.52704],[111.36813,-7.52717],[111.36962,-7.52564],[111.36979,-7.52506],[111.36896,-7.52419],[111.36929,-7.52203],[111.37127,-7.52195],[111.37048,-7.52047],[111.37078,-7.51902],[111.3716,-7.51856],[111.37214,-7.51759],[111.37067,-7.51676],[111.37082,-7.51487],[111.37026,-7.51398],[111.37043,-7.51345],[111.37143,-7.51289],[111.37247,-7.51314],[111.37323,-7.51285],[111.37423,-7.51293],[111.37411,-7.51357],[111.3749,-7.51395],[111.3747,-7.51468],[111.37498,-7.51498],[111.37573,-7.51548],[111.37686,-7.51523],[111.37837,-7.51668],[111.38068,-7.51438],[111.38239,-7.51344],[111.38276,-7.5114],[111.38411,-7.50744],[111.3865,-7.50505],[111.38676,-7.504],[111.38755,-7.50287],[111.3883,-7.50259],[111.38777,-7.50196],[111.38819,-7.50059],[111.38773,-7.50035],[111.38816,-7.49899],[111.38631,-7.49843],[111.38917,-7.49498],[111.39114,-7.49447],[111.39349,-7.49163],[111.39577,-7.49093],[111.39608,-7.48967],[111.39681,-7.4896],[111.39678,-7.48569],[111.3969,-7.48515],[111.39734,-7.48503],[111.3975,-7.48368],[111.39722,-7.48342],[111.39804,-7.4811],[111.39941,-7.48004],[111.39757,-7.47927],[111.39816,-7.47936],[111.39835,-7.47902],[111.39887,-7.47795],[111.39818,-7.47748],[111.39856,-7.47655],[111.39903,-7.47624],[111.39952,-7.47496],[111.40237,-7.47034],[111.40496,-7.47099],[111.40651,-7.46992],[111.40713,-7.46982],[111.40807,-7.47031],[111.40974,-7.47055],[111.41011,-7.46964],[111.40987,-7.46954],[111.40999,-7.4691],[111.41181,-7.46951],[111.412,-7.46894],[111.41225,-7.46902],[111.41271,-7.46845],[111.41383,-7.46898],[111.41435,-7.46968],[111.41415,-7.47084],[111.41357,-7.47162],[111.41446,-7.47145],[111.41503,-7.47082],[111.41534,-7.47089],[111.41526,-7.47152],[111.41685,-7.47169],[111.42059,-7.47297],[111.42359,-7.47361],[111.42433,-7.47057],[111.42675,-7.47166],[111.42776,-7.47139],[111.42794,-7.4711],[111.42771,-7.47106],[111.42929,-7.47006],[111.4307,-7.47112],[111.43056,-7.47152],[111.43111,-7.47147],[111.43036,-7.47839],[111.43203,-7.47884],[111.43209,-7.47848],[111.4329,-7.47864],[111.43297,-7.47894],[111.43413,-7.47393],[111.4355,-7.47036],[111.43576,-7.46749],[111.43698,-7.46512],[111.44053,-7.46204],[111.4385,-7.46099],[111.439,-7.46016],[111.43297,-7.45859],[111.43274,-7.45932],[111.43028,-7.45842],[111.43012,-7.45802],[111.42731,-7.45743],[111.42798,-7.45549],[111.42457,-7.45362],[111.42388,-7.45353],[111.42328,-7.45403],[111.42216,-7.45354],[111.42238,-7.45232],[111.42345,-7.45141],[111.42236,-7.45019],[111.42248,-7.44779],[111.42308,-7.44772],[111.4239,-7.44911],[111.42453,-7.4491],[111.42522,-7.44816],[111.42514,-7.44619],[111.42749,-7.44537],[111.4295,-7.44374],[111.42957,-7.44307],[111.42888,-7.44134],[111.43027,-7.44158],[111.43199,-7.43802],[111.4348,-7.43633],[111.43683,-7.43334],[111.43851,-7.43265],[111.43842,-7.4323],[111.43763,-7.43219],[111.43733,-7.43108],[111.43598,-7.43046],[111.43599,-7.432],[111.43528,-7.43196],[111.43524,-7.43117],[111.43474,-7.43117],[111.43436,-7.43145],[111.43433,-7.43235],[111.43345,-7.43228],[111.43294,-7.43211],[111.43221,-7.43114],[111.43237,-7.43069],[111.43206,-7.43064],[111.43135,-7.43146],[111.43107,-7.43111],[111.4302,-7.43131],[111.42893,-7.43234],[111.42811,-7.4323],[111.42691,-7.43342],[111.42561,-7.43642],[111.42494,-7.43706],[111.4229,-7.43793],[111.42275,-7.43839],[111.42243,-7.43837],[111.42242,-7.43893],[111.4219,-7.43928],[111.41921,-7.43944],[111.417,-7.43803],[111.41594,-7.43896],[111.41422,-7.43958],[111.41414,-7.43992],[111.41306,-7.43947],[111.41228,-7.43993],[111.4081,-7.43933],[111.40253,-7.43614],[111.40298,-7.43603],[111.40434,-7.43138],[111.40176,-7.43031],[111.40045,-7.42912],[111.40033,-7.42859],[111.40142,-7.42821],[111.40166,-7.42781],[111.40145,-7.4274],[111.40229,-7.4266],[111.40243,-7.42589],[111.40329,-7.42471],[111.4033,-7.42293],[111.39492,-7.41843],[111.38807,-7.41555],[111.3841,-7.41445],[111.38514,-7.41397],[111.38514,-7.41309],[111.38614,-7.41301],[111.3864,-7.41272],[111.38557,-7.41177],[111.3862,-7.41066],[111.38655,-7.41066],[111.38683,-7.41145],[111.38733,-7.41135],[111.38817,-7.4109],[111.38882,-7.40992],[111.39001,-7.40938],[111.3892,-7.40709],[111.3895,-7.40671],[111.39,-7.40747],[111.39114,-7.40806],[111.39184,-7.40773],[111.39223,-7.40701],[111.39191,-7.40553],[111.39226,-7.40525],[111.39324,-7.4053],[111.39322,-7.40442],[111.39391,-7.40455],[111.39427,-7.4043],[111.39367,-7.40347],[111.39473,-7.40313],[111.39439,-7.40273],[111.39478,-7.40197],[111.39391,-7.40146],[111.39387,-7.40092],[111.39591,-7.40025],[111.39605,-7.40099],[111.3965,-7.40109],[111.39681,-7.40081],[111.39646,-7.40033],[111.3966,-7.39986],[111.39712,-7.39909],[111.39806,-7.39914],[111.39819,-7.39862],[111.3977,-7.39834],[111.39728,-7.39674],[111.39755,-7.39614],[111.39809,-7.39618],[111.39972,-7.39839],[111.40029,-7.39812],[111.40083,-7.3994],[111.40156,-7.39879],[111.40216,-7.39968],[111.40268,-7.39946],[111.40362,-7.39729],[111.40421,-7.39691],[111.40349,-7.39474],[111.40356,-7.39343],[111.40409,-7.3922],[111.40378,-7.39147],[111.40184,-7.39066],[111.40078,-7.39099],[111.39894,-7.39218],[111.39759,-7.39245],[111.39706,-7.39195],[111.39638,-7.38977],[111.39534,-7.3894],[111.39402,-7.39036],[111.39278,-7.39268],[111.39146,-7.39392],[111.39022,-7.3939],[111.38563,-7.39166],[111.38498,-7.39161],[111.38385,-7.39214],[111.38303,-7.39516],[111.38271,-7.39553],[111.38172,-7.39561]]]},"properties":{"KDPKAB":"35.21","KDCPUM":"35.21.10","WADMKK":"Ngawi","WADMKC":"Paron"}},{"type":"Feature","geometry":{"type":"Polygon","coordinates":[[[111.30283,-7.35766],[111.29475,-7.35763],[111.2957,-7.3578],[111.29606,-7.35834],[111.29598,-7.35883],[111.29672,-7.35899],[111.29724,-7.36025],[111.29706,-7.36107],[111.29748,-7.36161],[111.29829,-7.36176],[111.29906,-7.36272],[111.29906,-7.36406],[111.29958,-7.36443],[111.29963,-7.3652],[111.30108,-7.36605],[111.30118,-7.36699],[111.30063,-7.36913],[111.30113,-7.3706],[111.30086,-7.37188],[111.29994,-7.37217],[111.29789,-7.37032],[111.29651,-7.36986],[111.29079,-7.37052],[111.28951,-7.37142],[111.2891,-7.37251],[111.28921,-7.37352],[111.28867,-7.37474],[111.28688,-7.37569],[111.28508,-7.37533],[111.28307,-7.37248],[111.28239,-7.3725],[111.28083,-7.37523],[111.27805,-7.37888],[111.27632,-7.38269],[111.27565,-7.38573],[111.277,-7.38677],[111.27775,-7.39002],[111.27758,-7.39313],[111.27837,-7.39323],[111.27849,-7.39421],[111.27897,-7.39419],[111.27813,-7.39693],[111.27761,-7.39709],[111.27685,-7.39965],[111.27681,-7.40103],[111.27821,-7.40217],[111.2778,-7.40242],[111.27773,-7.40277],[111.27803,-7.40295],[111.27746,-7.40341],[111.27743,-7.40426],[111.27642,-7.40497],[111.2762,-7.40582],[111.27682,-7.41068],[111.27652,-7.41114],[111.27642,-7.41399],[111.2758,-7.41516],[111.27605,-7.41568],[111.27566,-7.41619],[111.27612,-7.41854],[111.27525,-7.42011],[111.27563,-7.4206],[111.27544,-7.42099],[111.27385,-7.42188],[111.27292,-7.42349],[111.27242,-7.42659],[111.27263,-7.42804],[111.2719,-7.43063],[111.26912,-7.43391],[111.26877,-7.44043],[111.26928,-7.44386],[111.26858,-7.44531],[111.2675,-7.44655],[111.26687,-7.44667],[111.26619,-7.44622],[111.26575,-7.44661],[111.26585,-7.44798],[111.2652,-7.44865],[111.26459,-7.44881],[111.26415,-7.45069],[111.26333,-7.45102],[111.26288,-7.45282],[111.26312,-7.45337],[111.26256,-7.45437],[111.26271,-7.45486],[111.26142,-7.45619],[111.26169,-7.45731],[111.26063,-7.45737],[111.25987,-7.45852],[111.25991,-7.45954],[111.2587,-7.46135],[111.25961,-7.46288],[111.25879,-7.46404],[111.25906,-7.46483],[111.25863,-7.46563],[111.25846,-7.4686],[111.25767,-7.46924],[111.25719,-7.47048],[111.25637,-7.47096],[111.25845,-7.47158],[111.26694,-7.47615],[111.26801,-7.4749],[111.2687,-7.47495],[111.2711,-7.47402],[111.27214,-7.47403],[111.27445,-7.47295],[111.27439,-7.47182],[111.27522,-7.471],[111.27466,-7.46987],[111.27542,-7.47006],[111.27547,-7.46943],[111.27597,-7.46908],[111.27711,-7.46933],[111.27989,-7.46805],[111.28444,-7.46721],[111.28623,-7.46732],[111.28532,-7.46767],[111.28494,-7.469],[111.28421,-7.46957],[111.28388,-7.46921],[111.2835,-7.46941],[111.28359,-7.47004],[111.28246,-7.47034],[111.28222,-7.47126],[111.28141,-7.47145],[111.28003,-7.47284],[111.2797,-7.47409],[111.28016,-7.47525],[111.2799,-7.47597],[111.2788,-7.47657],[111.2789,-7.47857],[111.27805,-7.47953],[111.27704,-7.47952],[111.27635,-7.48013],[111.2749,-7.48294],[111.27385,-7.48425],[111.2735,-7.48532],[111.27238,-7.48583],[111.27168,-7.48798],[111.2717,-7.48881],[111.27087,-7.49011],[111.27102,-7.49059],[111.26933,-7.49331],[111.26931,-7.49517],[111.26727,-7.49782],[111.26746,-7.49813],[111.26715,-7.49825],[111.26698,-7.49911],[111.26633,-7.49923],[111.26358,-7.50088],[111.26236,-7.50222],[111.26236,-7.50247],[111.26371,-7.50325],[111.26683,-7.50416],[111.26904,-7.50458],[111.27378,-7.50458],[111.27448,-7.50418],[111.27472,-7.50334],[111.27569,-7.50236],[111.27661,-7.50165],[111.27749,-7.50156],[111.27778,-7.50079],[111.27836,-7.5006],[111.279,-7.50183],[111.28047,-7.50324],[111.28187,-7.50363],[111.28408,-7.50331],[111.28515,-7.50241],[111.28598,-7.50018],[111.28671,-7.49944],[111.28764,-7.49909],[111.2883,-7.49928],[111.28825,-7.49898],[111.28873,-7.49883],[111.28942,-7.49898],[111.29011,-7.49847],[111.29117,-7.49836],[111.29138,-7.49787],[111.29198,-7.49812],[111.29319,-7.49673],[111.29415,-7.4966],[111.29448,-7.49614],[111.29426,-7.49487],[111.29596,-7.49225],[111.29634,-7.49211],[111.2968,-7.49258],[111.29779,-7.4927],[111.29831,-7.49178],[111.29958,-7.49086],[111.29961,-7.4901],[111.30178,-7.48897],[111.30212,-7.48749],[111.30307,-7.48664],[111.30352,-7.48547],[111.30482,-7.48567],[111.30603,-7.48516],[111.30632,-7.48469],[111.30604,-7.48386],[111.30637,-7.48264],[111.30705,-7.48127],[111.30798,-7.48076],[111.30787,-7.47966],[111.30991,-7.47961],[111.30981,-7.47845],[111.31074,-7.47755],[111.3109,-7.47697],[111.31219,-7.4763],[111.31192,-7.47563],[111.31311,-7.47562],[111.31339,-7.47464],[111.31438,-7.47421],[111.31451,-7.47328],[111.31564,-7.47261],[111.31553,-7.47176],[111.31452,-7.47111],[111.31544,-7.47056],[111.3154,-7.47019],[111.31468,-7.46966],[111.31505,-7.46816],[111.31384,-7.46786],[111.31339,-7.46579],[111.31206,-7.46461],[111.31276,-7.46417],[111.31381,-7.4619],[111.31585,-7.45877],[111.31775,-7.45689],[111.31818,-7.4568],[111.32,-7.45447],[111.32306,-7.45594],[111.32454,-7.45559],[111.32588,-7.4559],[111.32592,-7.45639],[111.32619,-7.45636],[111.32617,-7.45721],[111.3275,-7.45708],[111.32959,-7.45539],[111.32924,-7.45481],[111.33299,-7.44671],[111.33347,-7.44477],[111.3353,-7.44071],[111.33796,-7.44058],[111.34292,-7.43637],[111.34592,-7.42927],[111.34872,-7.43043],[111.34902,-7.42989],[111.35015,-7.42923],[111.35168,-7.42922],[111.35219,-7.4289],[111.35298,-7.4273],[111.35443,-7.42685],[111.35691,-7.42733],[111.35742,-7.42641],[111.35912,-7.4268],[111.36094,-7.42559],[111.3611,-7.42479],[111.36176,-7.4244],[111.36208,-7.42257],[111.3636,-7.42114],[111.36385,-7.42004],[111.36318,-7.4201],[111.36322,-7.41955],[111.36457,-7.41847],[111.36429,-7.41788],[111.36452,-7.41739],[111.3655,-7.41724],[111.36557,-7.41593],[111.36644,-7.41585],[111.36623,-7.41416],[111.36759,-7.41392],[111.3681,-7.41311],[111.36788,-7.41209],[111.36873,-7.41183],[111.36841,-7.41003],[111.36963,-7.40936],[111.36964,-7.40882],[111.37004,-7.40843],[111.36939,-7.40785],[111.36982,-7.40679],[111.36931,-7.40625],[111.36969,-7.40592],[111.36925,-7.40553],[111.37009,-7.40493],[111.37029,-7.40308],[111.37095,-7.4028],[111.37119,-7.40203],[111.37199,-7.40125],[111.37189,-7.39815],[111.37314,-7.39672],[111.37338,-7.39547],[111.37495,-7.39561],[111.37493,-7.39528],[111.37345,-7.39496],[111.37334,-7.39404],[111.37298,-7.3938],[111.37315,-7.39342],[111.37136,-7.39235],[111.37104,-7.39057],[111.36894,-7.39021],[111.36921,-7.38896],[111.36892,-7.38824],[111.36819,-7.38777],[111.36744,-7.38834],[111.36646,-7.38843],[111.36459,-7.38736],[111.36212,-7.38146],[111.36099,-7.3801],[111.35916,-7.37888],[111.35852,-7.37705],[111.35858,-7.375],[111.35912,-7.37442],[111.36129,-7.37429],[111.3618,-7.37397],[111.36199,-7.37193],[111.36177,-7.3715],[111.35608,-7.36862],[111.35541,-7.36792],[111.35501,-7.3664],[111.35522,-7.36602],[111.3564,-7.36589],[111.35951,-7.36714],[111.36048,-7.36658],[111.36061,-7.36604],[111.36023,-7.36519],[111.35796,-7.36346],[111.35127,-7.3634],[111.34955,-7.36295],[111.3487,-7.36356],[111.3488,-7.36437],[111.34972,-7.3657],[111.34894,-7.36862],[111.34911,-7.3701],[111.34945,-7.37079],[111.35077,-7.37165],[111.35115,-7.37242],[111.3512,-7.37544],[111.35349,-7.37748],[111.35348,-7.37825],[111.35278,-7.37955],[111.35065,-7.3812],[111.34957,-7.38137],[111.3484,-7.38125],[111.34603,-7.38003],[111.34434,-7.37769],[111.34424,-7.3763],[111.34482,-7.37586],[111.34839,-7.37633],[111.34883,-7.37535],[111.34444,-7.37149],[111.34291,-7.37122],[111.34162,-7.3716],[111.34057,-7.37297],[111.34052,-7.37631],[111.33963,-7.37976],[111.33876,-7.38141],[111.337,-7.38143],[111.33461,-7.38014],[111.33352,-7.38035],[111.3335,-7.37891],[111.3328,-7.37934],[111.33145,-7.37863],[111.33119,-7.37918],[111.3305,-7.37941],[111.32985,-7.38045],[111.32946,-7.38049],[111.32944,-7.38101],[111.32829,-7.3803],[111.32725,-7.38065],[111.32615,-7.38243],[111.32682,-7.38311],[111.32639,-7.38358],[111.32533,-7.38356],[111.32566,-7.38417],[111.3245,-7.38492],[111.32455,-7.38562],[111.3238,-7.38569],[111.32371,-7.38755],[111.32282,-7.38702],[111.32223,-7.38753],[111.32159,-7.38692],[111.32094,-7.38774],[111.31902,-7.38796],[111.3189,-7.38872],[111.31837,-7.3885],[111.31783,-7.38966],[111.31744,-7.38932],[111.31744,-7.38885],[111.31702,-7.38934],[111.31642,-7.38908],[111.31608,-7.39007],[111.31634,-7.3906],[111.3156,-7.39141],[111.31564,-7.39189],[111.314,-7.39322],[111.31325,-7.39276],[111.31317,-7.39364],[111.31348,-7.39412],[111.31312,-7.3942],[111.31336,-7.39439],[111.31303,-7.39481],[111.3122,-7.3945],[111.31243,-7.39504],[111.31185,-7.39558],[111.31224,-7.39578],[111.31211,-7.39709],[111.31131,-7.39759],[111.31062,-7.39917],[111.31007,-7.39965],[111.31044,-7.39981],[111.31047,-7.40025],[111.30831,-7.40187],[111.30729,-7.40362],[111.30595,-7.40348],[111.30483,-7.4047],[111.30417,-7.4046],[111.30257,-7.40518],[111.3013,-7.40671],[111.30053,-7.40655],[111.29987,-7.40616],[111.30166,-7.40315],[111.30017,-7.40231],[111.30108,-7.3992],[111.30389,-7.39626],[111.30497,-7.39403],[111.30548,-7.39434],[111.30627,-7.39312],[111.30674,-7.39343],[111.30726,-7.39266],[111.30697,-7.39221],[111.30743,-7.39187],[111.30742,-7.39127],[111.30782,-7.39146],[111.30774,-7.39038],[111.3092,-7.38939],[111.30911,-7.38639],[111.30983,-7.38414],[111.31251,-7.38116],[111.31465,-7.37739],[111.31772,-7.37425],[111.31935,-7.37186],[111.31988,-7.37041],[111.31973,-7.36852],[111.31935,-7.36906],[111.31615,-7.36942],[111.31612,-7.36848],[111.31446,-7.36827],[111.31487,-7.36381],[111.31718,-7.35888],[111.31653,-7.35816],[111.31508,-7.35775],[111.31107,-7.35767],[111.31126,-7.3589],[111.31105,-7.35914],[111.30998,-7.3583],[111.30898,-7.35879],[111.30825,-7.35875],[111.30491,-7.35778],[111.30373,-7.35825],[111.30283,-7.35766]]]},"properties":{"KDPKAB":"35.21","KDCPUM":"35.21.11","WADMKK":"Ngawi","WADMKC":"Kedunggalar"}},{"type":"Feature","geometry":{"type":"Polygon","coordinates":[[[111.26056,-7.34485],[111.25823,-7.34512],[111.2578,-7.34677],[111.25567,-7.34857],[111.25571,-7.35039],[111.25522,-7.35083],[111.25546,-7.35109],[111.25528,-7.35175],[111.25459,-7.35219],[111.25487,-7.35305],[111.25519,-7.35313],[111.25567,-7.35241],[111.2566,-7.35251],[111.25771,-7.35197],[111.25707,-7.35268],[111.25678,-7.3537],[111.25711,-7.35431],[111.25846,-7.35419],[111.25876,-7.35443],[111.25854,-7.35699],[111.25569,-7.3565],[111.25172,-7.35646],[111.25031,-7.35533],[111.24613,-7.35354],[111.24526,-7.3549],[111.24228,-7.35602],[111.23969,-7.35918],[111.24014,-7.36229],[111.23842,-7.36384],[111.23771,-7.36602],[111.23469,-7.36599],[111.22605,-7.36422],[111.22278,-7.3648],[111.21443,-7.36049],[111.21335,-7.36098],[111.21323,-7.36255],[111.21227,-7.36286],[111.21161,-7.36239],[111.21114,-7.36122],[111.2101,-7.35636],[111.20918,-7.35542],[111.20723,-7.35437],[111.20542,-7.35217],[111.20467,-7.35178],[111.20324,-7.35852],[111.20607,-7.36428],[111.2102,-7.37529],[111.20501,-7.37373],[111.20358,-7.37757],[111.20115,-7.38106],[111.20067,-7.3823],[111.19841,-7.38272],[111.19811,-7.3831],[111.19815,-7.38343],[111.19877,-7.38358],[111.20038,-7.38505],[111.20022,-7.38538],[111.2007,-7.38572],[111.20049,-7.38657],[111.20133,-7.38656],[111.20073,-7.38727],[111.2009,-7.3879],[111.20167,-7.38856],[111.20112,-7.38903],[111.20166,-7.38988],[111.20072,-7.39018],[111.20157,-7.39073],[111.20085,-7.39071],[111.20078,-7.39116],[111.20098,-7.3917],[111.20181,-7.39173],[111.20026,-7.3932],[111.199,-7.39368],[111.20006,-7.39377],[111.20043,-7.39465],[111.19993,-7.39581],[111.20114,-7.39637],[111.20075,-7.39669],[111.20028,-7.39643],[111.2,-7.39668],[111.20028,-7.39711],[111.20084,-7.39704],[111.2011,-7.39793],[111.20077,-7.39834],[111.20103,-7.39881],[111.20058,-7.39944],[111.2,-7.39962],[111.20036,-7.40077],[111.19993,-7.40124],[111.19991,-7.40192],[111.20048,-7.40306],[111.19918,-7.40533],[111.1989,-7.40672],[111.19577,-7.40681],[111.19369,-7.41034],[111.19175,-7.40981],[111.19196,-7.40793],[111.18997,-7.4082],[111.18938,-7.40879],[111.18791,-7.4084],[111.18331,-7.40497],[111.18361,-7.40438],[111.17352,-7.40298],[111.17313,-7.40297],[111.17295,-7.40376],[111.17223,-7.40391],[111.17175,-7.40341],[111.17072,-7.40328],[111.17021,-7.40237],[111.1656,-7.40162],[111.16535,-7.40279],[111.16562,-7.40548],[111.16766,-7.42174],[111.1683,-7.4224],[111.17089,-7.4296],[111.17182,-7.42997],[111.1724,-7.43462],[111.17246,-7.43548],[111.16846,-7.4386],[111.17158,-7.43933],[111.17415,-7.44109],[111.17745,-7.44418],[111.18058,-7.4482],[111.18331,-7.45042],[111.18551,-7.45079],[111.18921,-7.45036],[111.19394,-7.45099],[111.19467,-7.44962],[111.19554,-7.44909],[111.20108,-7.45146],[111.20257,-7.45147],[111.20426,-7.45224],[111.20463,-7.45267],[111.20483,-7.45446],[111.20345,-7.45368],[111.20248,-7.45392],[111.20204,-7.45567],[111.2025,-7.45594],[111.20229,-7.45682],[111.20259,-7.45731],[111.20361,-7.45749],[111.20381,-7.4561],[111.20427,-7.45572],[111.20618,-7.45615],[111.20612,-7.45714],[111.20629,-7.4574],[111.20706,-7.45726],[111.20829,-7.45953],[111.20836,-7.45915],[111.20921,-7.45904],[111.20949,-7.4582],[111.20939,-7.45715],[111.21021,-7.45712],[111.21126,-7.45631],[111.21132,-7.45484],[111.21097,-7.45458],[111.21097,-7.45405],[111.21246,-7.45424],[111.21327,-7.45397],[111.21308,-7.45062],[111.2127,-7.44956],[111.21162,-7.44837],[111.21192,-7.44631],[111.21167,-7.44389],[111.21239,-7.44121],[111.21308,-7.44102],[111.21374,-7.43887],[111.21461,-7.43805],[111.21431,-7.43708],[111.21452,-7.43689],[111.21827,-7.43913],[111.22005,-7.43974],[111.21966,-7.44249],[111.22064,-7.44437],[111.22022,-7.44728],[111.2207,-7.44838],[111.22023,-7.44997],[111.22138,-7.45208],[111.22151,-7.45529],[111.22281,-7.45745],[111.22186,-7.45784],[111.22141,-7.45878],[111.22144,-7.4597],[111.22242,-7.46058],[111.2224,-7.46102],[111.22114,-7.4624],[111.22132,-7.46433],[111.22029,-7.46519],[111.21979,-7.46635],[111.21962,-7.46756],[111.2209,-7.46794],[111.22026,-7.46847],[111.22171,-7.46892],[111.22188,-7.46859],[111.22249,-7.46907],[111.22335,-7.46901],[111.22408,-7.46939],[111.22951,-7.47033],[111.23117,-7.46907],[111.23193,-7.46803],[111.23396,-7.46711],[111.24045,-7.463],[111.24409,-7.46518],[111.25379,-7.46994],[111.25637,-7.47096],[111.25719,-7.47048],[111.25767,-7.46924],[111.25846,-7.4686],[111.25864,-7.46798],[111.25863,-7.46563],[111.25906,-7.46483],[111.25879,-7.46404],[111.25961,-7.46288],[111.25937,-7.46217],[111.25867,-7.46149],[111.25991,-7.45954],[111.25987,-7.45852],[111.26071,-7.4573],[111.26169,-7.45731],[111.26142,-7.45619],[111.26271,-7.45486],[111.26256,-7.45437],[111.26312,-7.45337],[111.26288,-7.45282],[111.26333,-7.45102],[111.26415,-7.45069],[111.26459,-7.44881],[111.2652,-7.44865],[111.26585,-7.44798],[111.26575,-7.44661],[111.26619,-7.44622],[111.26687,-7.44667],[111.2675,-7.44655],[111.26858,-7.44531],[111.26928,-7.44386],[111.26877,-7.44043],[111.26912,-7.43391],[111.2719,-7.43063],[111.27263,-7.42804],[111.27242,-7.42659],[111.27292,-7.42349],[111.27385,-7.42188],[111.27544,-7.42099],[111.27563,-7.4206],[111.27525,-7.42011],[111.27612,-7.41854],[111.27566,-7.41619],[111.27605,-7.41568],[111.2758,-7.41516],[111.27642,-7.41399],[111.27652,-7.41114],[111.27682,-7.41068],[111.2762,-7.40582],[111.27642,-7.40497],[111.27743,-7.40426],[111.27746,-7.40341],[111.27803,-7.40295],[111.27773,-7.40277],[111.2778,-7.40242],[111.27821,-7.40217],[111.27681,-7.40103],[111.27685,-7.39965],[111.27761,-7.39709],[111.27813,-7.39693],[111.27897,-7.39419],[111.27849,-7.39421],[111.27837,-7.39323],[111.27758,-7.39313],[111.27775,-7.39002],[111.277,-7.38677],[111.27565,-7.38573],[111.27658,-7.38169],[111.27805,-7.37888],[111.28083,-7.37523],[111.28239,-7.3725],[111.28307,-7.37248],[111.28508,-7.37533],[111.28688,-7.37569],[111.28867,-7.37474],[111.28921,-7.37352],[111.2891,-7.37251],[111.28951,-7.37142],[111.29079,-7.37052],[111.29651,-7.36986],[111.29789,-7.37032],[111.29994,-7.37217],[111.30086,-7.37188],[111.30115,-7.37092],[111.30063,-7.36913],[111.30118,-7.36699],[111.30108,-7.36605],[111.29963,-7.3652],[111.29958,-7.36443],[111.29906,-7.36406],[111.29906,-7.36272],[111.29829,-7.36176],[111.29748,-7.36161],[111.29706,-7.36107],[111.29724,-7.36025],[111.29672,-7.35899],[111.29598,-7.35883],[111.29606,-7.35834],[111.2957,-7.3578],[111.29475,-7.35763],[111.29265,-7.354],[111.29048,-7.35234],[111.28824,-7.35293],[111.28664,-7.35416],[111.27953,-7.35285],[111.27624,-7.3571],[111.27599,-7.35704],[111.27552,-7.35857],[111.27382,-7.35999],[111.27189,-7.3601],[111.27181,-7.36055],[111.2689,-7.35988],[111.26741,-7.3606],[111.26653,-7.3605],[111.26648,-7.36002],[111.26523,-7.35928],[111.26563,-7.3589],[111.26472,-7.35839],[111.26452,-7.35786],[111.26549,-7.35235],[111.26526,-7.35158],[111.26594,-7.35118],[111.26594,-7.35021],[111.26654,-7.34991],[111.26653,-7.3485],[111.26483,-7.34781],[111.26334,-7.34656],[111.26228,-7.34649],[111.26224,-7.34523],[111.26056,-7.34485]]]},"properties":{"KDPKAB":"35.21","KDCPUM":"35.21.12","WADMKK":"Ngawi","WADMKC":"Widodaren"}},{"type":"Feature","geometry":{"type":"Polygon","coordinates":[[[111.15933,-7.31019],[111.15807,-7.31037],[111.15677,-7.31209],[111.15526,-7.31336],[111.15465,-7.31439],[111.15424,-7.31431],[111.154,-7.31623],[111.15359,-7.31625],[111.15321,-7.31678],[111.15292,-7.31668],[111.15215,-7.31818],[111.15081,-7.31904],[111.15054,-7.32049],[111.14932,-7.32083],[111.14996,-7.32204],[111.1494,-7.32282],[111.14931,-7.3237],[111.14716,-7.32477],[111.14676,-7.32671],[111.14529,-7.32828],[111.14415,-7.32885],[111.14336,-7.32889],[111.14369,-7.33016],[111.1419,-7.33236],[111.14184,-7.33283],[111.14264,-7.3338],[111.14228,-7.33428],[111.1423,-7.335],[111.14278,-7.33729],[111.14218,-7.33916],[111.14109,-7.3404],[111.141,-7.34177],[111.14268,-7.34697],[111.14155,-7.35013],[111.1403,-7.35207],[111.14155,-7.35477],[111.14111,-7.35689],[111.14262,-7.35772],[111.14103,-7.36051],[111.14127,-7.36112],[111.14196,-7.36118],[111.14343,-7.35942],[111.14442,-7.35946],[111.14414,-7.36185],[111.14347,-7.36225],[111.142,-7.36225],[111.14148,-7.36321],[111.14174,-7.36387],[111.14402,-7.36476],[111.14347,-7.3672],[111.14429,-7.36762],[111.14508,-7.36715],[111.14534,-7.36804],[111.1451,-7.36893],[111.14375,-7.37086],[111.14132,-7.37305],[111.14122,-7.3734],[111.14257,-7.37353],[111.1431,-7.37387],[111.14324,-7.37438],[111.14071,-7.37597],[111.14018,-7.37662],[111.14014,-7.37732],[111.13896,-7.37883],[111.13817,-7.37916],[111.13708,-7.3789],[111.13694,-7.3802],[111.13648,-7.38109],[111.13658,-7.38254],[111.13687,-7.38307],[111.13779,-7.38283],[111.13764,-7.38415],[111.13813,-7.38495],[111.13895,-7.38499],[111.13929,-7.38555],[111.13905,-7.38586],[111.13772,-7.3861],[111.13752,-7.38748],[111.13667,-7.38787],[111.13626,-7.38961],[111.13393,-7.39061],[111.1334,-7.39126],[111.13343,-7.39319],[111.13195,-7.39368],[111.13083,-7.3963],[111.1293,-7.39541],[111.12819,-7.39693],[111.1283,-7.3976],[111.12747,-7.39857],[111.12765,-7.39909],[111.12925,-7.39952],[111.12909,-7.40018],[111.1285,-7.40068],[111.12857,-7.40097],[111.12959,-7.40117],[111.12964,-7.40158],[111.12785,-7.4024],[111.12807,-7.40343],[111.12685,-7.40484],[111.12642,-7.40509],[111.12448,-7.40501],[111.12342,-7.40559],[111.12322,-7.40603],[111.12446,-7.40673],[111.12325,-7.40707],[111.12329,-7.40743],[111.12452,-7.40891],[111.12344,-7.40904],[111.12154,-7.40865],[111.11954,-7.4097],[111.11926,-7.41033],[111.1194,-7.4109],[111.12025,-7.41113],[111.12042,-7.41146],[111.12006,-7.41243],[111.11858,-7.41394],[111.11842,-7.41488],[111.11966,-7.41716],[111.11857,-7.41994],[111.1195,-7.42149],[111.11886,-7.42313],[111.11906,-7.42526],[111.11967,-7.42636],[111.12035,-7.42688],[111.12209,-7.42664],[111.12224,-7.4272],[111.12187,-7.42752],[111.12185,-7.42833],[111.12303,-7.43023],[111.12275,-7.43207],[111.12406,-7.43491],[111.12364,-7.4358],[111.12257,-7.43689],[111.12288,-7.43925],[111.12335,-7.4398],[111.12508,-7.43943],[111.12614,-7.44334],[111.12584,-7.44436],[111.12465,-7.44404],[111.12414,-7.44426],[111.12557,-7.44687],[111.12474,-7.44794],[111.12516,-7.45026],[111.12531,-7.4506],[111.12643,-7.45103],[111.12731,-7.45201],[111.12799,-7.45158],[111.1285,-7.45171],[111.12864,-7.45226],[111.12961,-7.45304],[111.13509,-7.44969],[111.13833,-7.44951],[111.13958,-7.44855],[111.14147,-7.44883],[111.14388,-7.44987],[111.14515,-7.45005],[111.14549,-7.45048],[111.14571,-7.44962],[111.14553,-7.44879],[111.14401,-7.44804],[111.14391,-7.44597],[111.14342,-7.44452],[111.14206,-7.44444],[111.1409,-7.44257],[111.15002,-7.4434],[111.15282,-7.44559],[111.15794,-7.44374],[111.16103,-7.44216],[111.16362,-7.44229],[111.17246,-7.43548],[111.17182,-7.42997],[111.17089,-7.4296],[111.1683,-7.4224],[111.16766,-7.42174],[111.16562,-7.40548],[111.16535,-7.40279],[111.1656,-7.40162],[111.17021,-7.40237],[111.17072,-7.40328],[111.17175,-7.40341],[111.17223,-7.40391],[111.17295,-7.40376],[111.17313,-7.40297],[111.17352,-7.40298],[111.18361,-7.40438],[111.18331,-7.40497],[111.18791,-7.4084],[111.18938,-7.40879],[111.18997,-7.4082],[111.19196,-7.40793],[111.19175,-7.40981],[111.19369,-7.41034],[111.19577,-7.40681],[111.1989,-7.40672],[111.19918,-7.40533],[111.20048,-7.40306],[111.19991,-7.40192],[111.19993,-7.40124],[111.20036,-7.40077],[111.2,-7.39962],[111.20102,-7.39891],[111.20077,-7.39834],[111.2011,-7.39781],[111.2008,-7.39698],[111.20028,-7.39711],[111.2,-7.39668],[111.20028,-7.39643],[111.20075,-7.39669],[111.20114,-7.39637],[111.19993,-7.39581],[111.20043,-7.39465],[111.20006,-7.39377],[111.199,-7.39368],[111.20026,-7.3932],[111.20119,-7.39217],[111.20174,-7.39198],[111.20174,-7.39169],[111.20093,-7.39167],[111.20081,-7.39074],[111.20157,-7.39073],[111.20072,-7.39018],[111.20166,-7.38988],[111.20112,-7.38903],[111.20167,-7.38856],[111.2009,-7.3879],[111.20078,-7.3871],[111.20135,-7.38663],[111.20044,-7.38651],[111.2007,-7.38572],[111.20022,-7.38538],[111.20038,-7.38505],[111.19877,-7.38358],[111.19815,-7.38343],[111.19811,-7.3831],[111.19841,-7.38272],[111.20067,-7.3823],[111.20115,-7.38106],[111.20358,-7.37757],[111.20501,-7.37373],[111.2102,-7.37529],[111.20607,-7.36428],[111.20324,-7.35852],[111.20467,-7.35178],[111.20208,-7.35202],[111.1986,-7.35355],[111.19773,-7.35498],[111.19627,-7.35597],[111.19597,-7.35653],[111.19592,-7.35979],[111.195,-7.36043],[111.19324,-7.36001],[111.19232,-7.35862],[111.19211,-7.35501],[111.19272,-7.35198],[111.19269,-7.35158],[111.19201,-7.35097],[111.18912,-7.3514],[111.18815,-7.35238],[111.1878,-7.35377],[111.18907,-7.3551],[111.18877,-7.35585],[111.18496,-7.35496],[111.18331,-7.3555],[111.18305,-7.3567],[111.18431,-7.35983],[111.1843,-7.36144],[111.18472,-7.36254],[111.18411,-7.36355],[111.1828,-7.36365],[111.18271,-7.36442],[111.18239,-7.36461],[111.18263,-7.36645],[111.18281,-7.36693],[111.18339,-7.36694],[111.18333,-7.36798],[111.18386,-7.36857],[111.18336,-7.37046],[111.17897,-7.3705],[111.17878,-7.36784],[111.179,-7.36547],[111.17944,-7.36548],[111.18005,-7.36496],[111.17944,-7.36461],[111.17998,-7.36315],[111.18075,-7.36216],[111.17853,-7.36],[111.17705,-7.35967],[111.17418,-7.35967],[111.17136,-7.36173],[111.1687,-7.36289],[111.16808,-7.36275],[111.16733,-7.36191],[111.16461,-7.35596],[111.16429,-7.35403],[111.16433,-7.34974],[111.16146,-7.34546],[111.15919,-7.34319],[111.15964,-7.34251],[111.16049,-7.342],[111.1605,-7.34048],[111.15993,-7.3394],[111.16005,-7.3383],[111.15875,-7.3372],[111.1588,-7.33667],[111.15784,-7.33564],[111.15937,-7.3346],[111.16103,-7.32982],[111.16125,-7.32708],[111.16371,-7.32708],[111.16271,-7.3248],[111.16305,-7.3235],[111.16429,-7.32179],[111.16459,-7.3199],[111.16402,-7.31875],[111.1638,-7.3172],[111.16232,-7.31686],[111.16218,-7.31563],[111.16123,-7.31498],[111.16107,-7.31352],[111.15994,-7.31166],[111.16074,-7.31174],[111.16235,-7.31048],[111.15933,-7.31019]]]},"properties":{"KDPKAB":"35.21","KDCPUM":"35.21.13","WADMKK":"Ngawi","WADMKC":"Mantingan"}},{"type":"Feature","geometry":{"type":"Polygon","coordinates":[[[111.51648,-7.46073],[111.51437,-7.46009],[111.51451,-7.45956],[111.5142,-7.45925],[111.51249,-7.45886],[111.51244,-7.46218],[111.50914,-7.46107],[111.50898,-7.4641],[111.50808,-7.46662],[111.50789,-7.468],[111.50812,-7.46806],[111.50746,-7.47075],[111.50774,-7.4709],[111.5072,-7.47229],[111.50668,-7.47265],[111.50449,-7.47782],[111.50516,-7.47823],[111.5045,-7.48042],[111.50414,-7.48102],[111.50152,-7.48137],[111.50132,-7.48383],[111.50164,-7.48394],[111.50152,-7.48451],[111.50128,-7.48447],[111.50134,-7.48552],[111.50052,-7.48583],[111.50063,-7.48648],[111.50029,-7.48668],[111.49966,-7.48844],[111.50005,-7.48852],[111.49998,-7.48884],[111.49958,-7.48872],[111.49934,-7.48922],[111.49918,-7.48961],[111.49953,-7.48985],[111.49907,-7.4899],[111.49875,-7.49156],[111.49746,-7.49161],[111.4968,-7.49204],[111.49701,-7.49214],[111.49649,-7.49345],[111.49703,-7.49431],[111.49769,-7.49347],[111.49874,-7.49386],[111.499,-7.4935],[111.50014,-7.49314],[111.49984,-7.4927],[111.50003,-7.49212],[111.50119,-7.49186],[111.5017,-7.49045],[111.50236,-7.49063],[111.50255,-7.49014],[111.50331,-7.49034],[111.50402,-7.48902],[111.50569,-7.48906],[111.50703,-7.49184],[111.50421,-7.49447],[111.50395,-7.49513],[111.50453,-7.49649],[111.5108,-7.49905],[111.51139,-7.49953],[111.51192,-7.5],[111.51178,-7.50026],[111.51262,-7.50186],[111.51418,-7.50362],[111.51523,-7.5042],[111.51642,-7.50799],[111.51925,-7.51085],[111.52258,-7.51394],[111.52465,-7.51466],[111.52757,-7.51506],[111.52926,-7.51597],[111.53089,-7.51781],[111.53185,-7.51978],[111.53229,-7.51994],[111.53396,-7.5202],[111.53533,-7.51969],[111.53473,-7.51629],[111.53496,-7.51556],[111.53631,-7.51529],[111.54012,-7.51653],[111.5405,-7.51672],[111.54086,-7.51849],[111.54167,-7.51878],[111.54284,-7.51796],[111.54358,-7.51607],[111.54451,-7.51506],[111.54622,-7.5156],[111.54627,-7.5152],[111.54558,-7.51508],[111.54583,-7.5143],[111.54623,-7.51342],[111.54706,-7.51356],[111.54736,-7.51253],[111.54977,-7.51333],[111.5517,-7.51084],[111.55325,-7.51],[111.55435,-7.50984],[111.55602,-7.50989],[111.55877,-7.51077],[111.55763,-7.5157],[111.55852,-7.51609],[111.55782,-7.51787],[111.55828,-7.51792],[111.55787,-7.51955],[111.55867,-7.51964],[111.55859,-7.52028],[111.55618,-7.52232],[111.55613,-7.52313],[111.55686,-7.5241],[111.5591,-7.52571],[111.55946,-7.52546],[111.56091,-7.52572],[111.56132,-7.52667],[111.56178,-7.5259],[111.56223,-7.52617],[111.56257,-7.52589],[111.56188,-7.52531],[111.56218,-7.52484],[111.56282,-7.5246],[111.56362,-7.52509],[111.56303,-7.52443],[111.56377,-7.52433],[111.564,-7.5232],[111.56596,-7.52381],[111.56627,-7.5245],[111.56655,-7.52375],[111.56736,-7.52413],[111.56888,-7.52374],[111.56924,-7.52287],[111.5696,-7.52273],[111.5698,-7.52302],[111.56934,-7.52412],[111.56964,-7.52426],[111.57052,-7.52376],[111.57149,-7.5218],[111.57164,-7.52306],[111.57196,-7.52329],[111.57222,-7.5231],[111.57229,-7.52196],[111.57192,-7.52112],[111.5723,-7.52097],[111.57472,-7.52149],[111.57506,-7.52098],[111.57496,-7.5204],[111.57658,-7.52079],[111.57728,-7.52128],[111.57806,-7.52059],[111.58151,-7.52105],[111.58194,-7.52128],[111.58203,-7.52179],[111.5826,-7.52193],[111.5825,-7.52249],[111.58326,-7.52325],[111.58359,-7.52308],[111.58356,-7.52227],[111.58427,-7.52161],[111.58473,-7.52144],[111.58505,-7.52169],[111.58546,-7.52126],[111.58631,-7.52194],[111.58661,-7.52164],[111.58637,-7.52135],[111.58715,-7.52128],[111.58643,-7.52067],[111.58589,-7.51935],[111.58585,-7.51905],[111.58688,-7.51842],[111.58658,-7.51777],[111.58448,-7.5167],[111.58294,-7.5167],[111.58247,-7.51584],[111.58009,-7.51546],[111.57962,-7.51484],[111.58017,-7.51388],[111.58039,-7.51248],[111.58097,-7.5123],[111.58162,-7.51284],[111.58187,-7.51273],[111.58219,-7.51176],[111.58187,-7.511],[111.58412,-7.51172],[111.58408,-7.51055],[111.5848,-7.51069],[111.58522,-7.51022],[111.58576,-7.51025],[111.58589,-7.5083],[111.58672,-7.50833],[111.58689,-7.50869],[111.58758,-7.50891],[111.58812,-7.5087],[111.58702,-7.50781],[111.58732,-7.50667],[111.58812,-7.50664],[111.58759,-7.50535],[111.58643,-7.5056],[111.57977,-7.50247],[111.57913,-7.5029],[111.57917,-7.50118],[111.57869,-7.50072],[111.57871,-7.50147],[111.57811,-7.50164],[111.57741,-7.50374],[111.57621,-7.50343],[111.57598,-7.50412],[111.57409,-7.50389],[111.57163,-7.50305],[111.57131,-7.50428],[111.56797,-7.50326],[111.56869,-7.49933],[111.57104,-7.49258],[111.57126,-7.49139],[111.57062,-7.49079],[111.56979,-7.49122],[111.56977,-7.49208],[111.56938,-7.49248],[111.56877,-7.49244],[111.56737,-7.49135],[111.56655,-7.49168],[111.56732,-7.49313],[111.56702,-7.49447],[111.56638,-7.49496],[111.56593,-7.49457],[111.56481,-7.4948],[111.56145,-7.49384],[111.56019,-7.49412],[111.56,-7.49444],[111.56064,-7.49503],[111.5606,-7.49543],[111.5595,-7.49559],[111.55888,-7.49652],[111.5573,-7.49636],[111.55782,-7.49413],[111.55834,-7.4938],[111.55836,-7.49282],[111.55793,-7.49247],[111.55795,-7.49184],[111.55736,-7.49168],[111.55748,-7.49135],[111.55713,-7.49122],[111.55718,-7.49039],[111.55674,-7.49027],[111.55672,-7.48944],[111.55624,-7.4891],[111.55397,-7.48878],[111.55315,-7.48953],[111.55284,-7.48871],[111.55056,-7.48836],[111.54761,-7.48731],[111.54705,-7.48684],[111.54514,-7.48661],[111.54463,-7.48539],[111.5458,-7.4839],[111.54539,-7.48345],[111.54537,-7.48282],[111.54612,-7.48153],[111.54633,-7.48039],[111.54685,-7.47991],[111.54626,-7.48011],[111.54624,-7.47968],[111.54751,-7.4777],[111.5458,-7.47759],[111.54413,-7.47683],[111.54161,-7.47632],[111.54062,-7.4791],[111.54024,-7.47934],[111.53813,-7.47879],[111.53252,-7.4759],[111.53044,-7.47543],[111.53067,-7.47473],[111.52889,-7.47407],[111.52891,-7.47291],[111.52617,-7.47188],[111.5261,-7.47316],[111.5243,-7.47287],[111.52416,-7.47354],[111.52381,-7.47355],[111.52431,-7.47379],[111.52453,-7.47493],[111.52484,-7.47476],[111.52503,-7.47536],[111.52552,-7.47541],[111.52517,-7.47602],[111.52521,-7.47694],[111.52607,-7.47713],[111.52593,-7.47799],[111.52622,-7.47887],[111.52714,-7.47916],[111.52704,-7.47982],[111.52787,-7.48029],[111.52708,-7.48311],[111.52563,-7.48277],[111.52512,-7.48606],[111.51986,-7.48418],[111.5203,-7.47548],[111.51933,-7.47574],[111.5192,-7.47455],[111.51813,-7.47581],[111.51668,-7.47574],[111.51648,-7.47439],[111.51616,-7.4742],[111.51595,-7.47559],[111.51526,-7.47656],[111.51545,-7.47722],[111.51491,-7.47732],[111.5151,-7.47606],[111.51486,-7.4749],[111.51594,-7.47319],[111.51593,-7.4729],[111.51481,-7.47288],[111.51496,-7.47015],[111.51474,-7.4693],[111.51546,-7.46921],[111.51556,-7.46836],[111.51591,-7.46842],[111.51637,-7.46762],[111.51662,-7.46554],[111.51591,-7.46534],[111.51613,-7.4641],[111.51639,-7.46359],[111.51721,-7.46376],[111.5177,-7.46268],[111.51732,-7.46223],[111.51642,-7.46222],[111.51648,-7.46073]]]},"properties":{"KDPKAB":"35.21","KDCPUM":"35.21.14","WADMKK":"Ngawi","WADMKC":"Pangkur"}},{"type":"Feature","geometry":{"type":"Polygon","coordinates":[[[111.58059,-7.35488],[111.57947,-7.35429],[111.5788,-7.35268],[111.57748,-7.35146],[111.57703,-7.35052],[111.57584,-7.35005],[111.57491,-7.34856],[111.57265,-7.35014],[111.57202,-7.35194],[111.57024,-7.35305],[111.56947,-7.35436],[111.56714,-7.35531],[111.56713,-7.35784],[111.56647,-7.35995],[111.56317,-7.3576],[111.56241,-7.35762],[111.56126,-7.35835],[111.56113,-7.35945],[111.55971,-7.36174],[111.55972,-7.36408],[111.56101,-7.36451],[111.56205,-7.36399],[111.56209,-7.36494],[111.56299,-7.36628],[111.56447,-7.36699],[111.56469,-7.3691],[111.56575,-7.372],[111.56729,-7.37238],[111.56778,-7.3728],[111.56759,-7.37347],[111.56826,-7.3744],[111.56778,-7.37539],[111.56813,-7.37663],[111.56845,-7.37686],[111.56837,-7.37864],[111.56661,-7.3809],[111.56497,-7.38234],[111.56287,-7.38556],[111.56208,-7.38543],[111.55875,-7.38648],[111.55724,-7.38596],[111.55696,-7.38488],[111.55588,-7.38384],[111.55572,-7.38329],[111.55396,-7.38308],[111.55268,-7.38425],[111.55167,-7.38408],[111.55025,-7.38491],[111.54886,-7.38668],[111.54835,-7.39005],[111.54796,-7.39032],[111.54823,-7.39086],[111.54744,-7.3913],[111.54746,-7.39189],[111.54624,-7.39393],[111.54497,-7.3947],[111.54454,-7.39586],[111.54462,-7.39675],[111.54275,-7.39709],[111.54207,-7.39693],[111.54147,-7.39855],[111.54081,-7.39856],[111.54055,-7.39942],[111.5409,-7.39906],[111.54143,-7.39908],[111.54451,-7.40171],[111.54576,-7.40175],[111.54334,-7.4051],[111.54181,-7.40859],[111.54314,-7.40897],[111.54581,-7.40903],[111.5461,-7.41065],[111.54607,-7.41206],[111.54527,-7.4153],[111.54569,-7.41774],[111.54525,-7.41802],[111.5453,-7.42024],[111.54441,-7.42183],[111.54261,-7.42361],[111.5415,-7.42812],[111.54176,-7.42966],[111.54216,-7.43019],[111.54234,-7.43279],[111.54223,-7.43405],[111.54171,-7.4347],[111.54836,-7.43697],[111.54856,-7.43652],[111.55061,-7.43734],[111.55107,-7.437],[111.55276,-7.43753],[111.55364,-7.4369],[111.55501,-7.43663],[111.55652,-7.43348],[111.55679,-7.43243],[111.55569,-7.43204],[111.55634,-7.43041],[111.55522,-7.4297],[111.55579,-7.42918],[111.55648,-7.42922],[111.55643,-7.42998],[111.55822,-7.43046],[111.55854,-7.42949],[111.559,-7.42918],[111.55941,-7.42942],[111.56123,-7.42918],[111.5644,-7.43055],[111.56497,-7.42997],[111.56594,-7.43002],[111.56877,-7.43084],[111.56871,-7.43139],[111.56894,-7.43137],[111.56893,-7.43235],[111.56829,-7.43261],[111.56802,-7.43321],[111.56699,-7.43334],[111.5664,-7.43558],[111.56588,-7.43581],[111.56547,-7.43773],[111.56598,-7.43785],[111.56652,-7.43901],[111.56701,-7.43909],[111.56713,-7.44023],[111.56864,-7.44031],[111.56889,-7.44132],[111.57033,-7.4415],[111.57081,-7.43962],[111.57115,-7.43969],[111.57227,-7.43849],[111.57775,-7.43934],[111.57817,-7.43901],[111.57938,-7.43935],[111.57971,-7.44125],[111.58014,-7.44138],[111.58015,-7.44244],[111.5827,-7.44488],[111.58311,-7.44462],[111.58378,-7.44485],[111.58459,-7.4435],[111.58604,-7.44399],[111.58596,-7.44456],[111.5865,-7.44463],[111.58783,-7.4444],[111.58868,-7.44469],[111.58918,-7.44411],[111.59029,-7.44447],[111.59542,-7.44411],[111.59913,-7.4448],[111.60035,-7.44474],[111.60075,-7.4442],[111.60163,-7.44506],[111.60218,-7.44517],[111.60216,-7.44595],[111.60166,-7.44692],[111.60177,-7.44748],[111.60284,-7.44814],[111.60294,-7.44931],[111.60444,-7.44871],[111.60648,-7.44701],[111.60682,-7.44388],[111.60733,-7.44357],[111.60844,-7.44368],[111.60896,-7.44164],[111.60863,-7.44153],[111.60887,-7.44052],[111.60936,-7.44023],[111.61038,-7.44048],[111.61102,-7.43963],[111.61148,-7.43957],[111.61148,-7.43923],[111.61216,-7.43919],[111.61291,-7.43964],[111.61468,-7.43837],[111.6153,-7.4386],[111.61539,-7.43335],[111.61877,-7.4311],[111.61852,-7.42735],[111.61801,-7.42714],[111.61849,-7.42512],[111.62023,-7.4244],[111.62089,-7.42348],[111.62081,-7.4219],[111.62154,-7.41997],[111.62182,-7.41709],[111.62125,-7.41352],[111.62233,-7.41272],[111.62184,-7.41134],[111.62041,-7.4096],[111.61919,-7.40871],[111.6183,-7.40565],[111.61909,-7.40355],[111.62035,-7.40223],[111.62131,-7.40051],[111.62198,-7.4001],[111.62444,-7.39365],[111.62619,-7.3908],[111.62628,-7.38866],[111.62693,-7.38692],[111.62352,-7.38223],[111.62086,-7.38168],[111.61733,-7.37951],[111.61628,-7.3794],[111.61439,-7.3758],[111.61426,-7.375],[111.61492,-7.37265],[111.61533,-7.37219],[111.61496,-7.37136],[111.614,-7.37093],[111.61378,-7.36981],[111.61222,-7.3708],[111.61125,-7.37063],[111.61072,-7.36997],[111.61045,-7.36835],[111.61009,-7.36784],[111.60727,-7.36677],[111.60657,-7.36593],[111.60612,-7.36448],[111.60493,-7.36362],[111.60297,-7.36343],[111.60226,-7.36307],[111.60049,-7.36138],[111.59833,-7.36092],[111.59737,-7.35948],[111.59624,-7.35894],[111.59484,-7.35863],[111.59403,-7.35922],[111.59273,-7.35911],[111.59167,-7.35707],[111.5862,-7.35463],[111.58349,-7.35293],[111.58208,-7.35356],[111.58161,-7.3547],[111.58059,-7.35488]]]},"properties":{"KDPKAB":"35.21","KDCPUM":"35.21.15","WADMKK":"Ngawi","WADMKC":"Bringin"}},{"type":"Feature","geometry":{"type":"Polygon","coordinates":[[[111.31554,-7.30594],[111.31537,-7.30488],[111.31444,-7.30474],[111.31467,-7.30605],[111.3136,-7.30634],[111.31364,-7.30713],[111.31248,-7.30795],[111.31139,-7.30988],[111.31085,-7.31013],[111.30975,-7.30859],[111.30913,-7.30819],[111.30472,-7.30813],[111.30416,-7.30886],[111.30508,-7.31097],[111.30477,-7.31241],[111.30481,-7.31525],[111.3053,-7.31717],[111.3064,-7.31762],[111.30634,-7.31824],[111.30682,-7.31845],[111.30708,-7.31952],[111.30536,-7.3199],[111.30437,-7.31967],[111.30386,-7.3218],[111.30272,-7.323],[111.30283,-7.32381],[111.30338,-7.32409],[111.30398,-7.32576],[111.3039,-7.32656],[111.30145,-7.32596],[111.29726,-7.32838],[111.29125,-7.32381],[111.28873,-7.32451],[111.28831,-7.32504],[111.28809,-7.32635],[111.28658,-7.3276],[111.28607,-7.32871],[111.28609,-7.33041],[111.28693,-7.33256],[111.28745,-7.33567],[111.28551,-7.3356],[111.28495,-7.33728],[111.28524,-7.33831],[111.2845,-7.33922],[111.28475,-7.34022],[111.28723,-7.34225],[111.2885,-7.34496],[111.28896,-7.34518],[111.28949,-7.3448],[111.29045,-7.34475],[111.2905,-7.34431],[111.29092,-7.34413],[111.29087,-7.34521],[111.29133,-7.34602],[111.29073,-7.3465],[111.28823,-7.34682],[111.28707,-7.34797],[111.28536,-7.34883],[111.28565,-7.34975],[111.28708,-7.35092],[111.28821,-7.35091],[111.29046,-7.35204],[111.29135,-7.35314],[111.29265,-7.354],[111.29475,-7.35763],[111.30266,-7.35757],[111.30373,-7.35825],[111.30491,-7.35778],[111.30825,-7.35875],[111.30898,-7.35879],[111.30998,-7.3583],[111.31105,-7.35914],[111.31126,-7.3589],[111.31107,-7.35767],[111.31508,-7.35775],[111.31653,-7.35816],[111.31718,-7.35888],[111.31487,-7.36381],[111.31446,-7.36827],[111.31612,-7.36848],[111.31615,-7.36942],[111.31935,-7.36906],[111.31976,-7.36856],[111.31988,-7.37041],[111.31935,-7.37186],[111.31772,-7.37425],[111.31465,-7.37739],[111.31251,-7.38116],[111.30983,-7.38414],[111.30911,-7.38639],[111.3092,-7.38939],[111.30774,-7.39038],[111.30782,-7.39146],[111.30742,-7.39127],[111.30743,-7.39187],[111.30697,-7.39221],[111.30726,-7.39266],[111.30674,-7.39343],[111.30627,-7.39312],[111.30548,-7.39434],[111.30497,-7.39403],[111.30389,-7.39626],[111.30108,-7.3992],[111.30017,-7.40231],[111.30166,-7.40315],[111.29987,-7.40616],[111.30053,-7.40655],[111.3013,-7.40671],[111.30257,-7.40518],[111.30417,-7.4046],[111.30483,-7.4047],[111.30595,-7.40348],[111.30729,-7.40362],[111.30831,-7.40187],[111.31047,-7.40025],[111.31044,-7.39981],[111.31007,-7.39965],[111.31062,-7.39917],[111.31131,-7.39759],[111.31211,-7.39709],[111.31224,-7.39578],[111.31185,-7.39558],[111.31243,-7.39504],[111.3122,-7.3945],[111.31303,-7.39481],[111.31336,-7.39439],[111.31312,-7.3942],[111.31348,-7.39412],[111.31317,-7.39364],[111.31325,-7.39276],[111.314,-7.39322],[111.31564,-7.39189],[111.3156,-7.39141],[111.31634,-7.3906],[111.31608,-7.39007],[111.31642,-7.38908],[111.31702,-7.38934],[111.31744,-7.38885],[111.31744,-7.38932],[111.31783,-7.38966],[111.31837,-7.3885],[111.3189,-7.38872],[111.31902,-7.38796],[111.32094,-7.38774],[111.32159,-7.38692],[111.32223,-7.38753],[111.32282,-7.38702],[111.32371,-7.38755],[111.3238,-7.38569],[111.32455,-7.38562],[111.3245,-7.38492],[111.32566,-7.38417],[111.32533,-7.38356],[111.32639,-7.38358],[111.32682,-7.38311],[111.32615,-7.38243],[111.32725,-7.38065],[111.32829,-7.3803],[111.32944,-7.38101],[111.32946,-7.38049],[111.32985,-7.38045],[111.3305,-7.37941],[111.33119,-7.37918],[111.33145,-7.37863],[111.3328,-7.37934],[111.3335,-7.37891],[111.33352,-7.38035],[111.33461,-7.38014],[111.337,-7.38143],[111.33876,-7.38141],[111.33963,-7.37976],[111.34052,-7.37631],[111.34057,-7.37297],[111.34162,-7.3716],[111.34291,-7.37122],[111.34444,-7.37149],[111.34883,-7.37535],[111.34839,-7.37633],[111.34482,-7.37586],[111.34424,-7.3763],[111.34434,-7.37769],[111.34603,-7.38003],[111.3484,-7.38125],[111.34957,-7.38137],[111.35065,-7.3812],[111.35278,-7.37955],[111.35348,-7.37825],[111.35349,-7.37748],[111.3512,-7.37544],[111.35115,-7.37242],[111.35077,-7.37165],[111.34945,-7.37079],[111.34911,-7.3701],[111.34894,-7.36862],[111.34972,-7.3657],[111.3488,-7.36437],[111.3487,-7.36356],[111.34955,-7.36295],[111.35127,-7.3634],[111.35796,-7.36346],[111.36051,-7.36556],[111.36048,-7.36658],[111.35951,-7.36714],[111.35586,-7.36581],[111.35501,-7.3664],[111.35517,-7.36723],[111.35541,-7.36792],[111.35662,-7.36899],[111.3585,-7.36969],[111.36177,-7.3715],[111.36199,-7.37193],[111.3618,-7.37397],[111.36129,-7.37429],[111.35877,-7.37464],[111.35852,-7.37705],[111.35916,-7.37888],[111.36099,-7.3801],[111.36212,-7.38146],[111.36459,-7.38736],[111.36515,-7.3879],[111.36646,-7.38843],[111.36767,-7.38821],[111.37148,-7.38284],[111.3728,-7.38172],[111.37615,-7.38038],[111.37812,-7.38051],[111.37774,-7.38252],[111.37688,-7.38341],[111.37499,-7.38372],[111.37438,-7.38415],[111.37385,-7.38627],[111.37533,-7.38867],[111.3798,-7.39265],[111.38108,-7.39528],[111.38172,-7.39561],[111.38271,-7.39553],[111.38303,-7.39516],[111.38385,-7.39214],[111.38498,-7.39161],[111.38563,-7.39166],[111.39022,-7.3939],[111.39146,-7.39392],[111.39278,-7.39268],[111.39402,-7.39036],[111.39534,-7.3894],[111.39638,-7.38977],[111.39706,-7.39195],[111.39759,-7.39245],[111.39894,-7.39218],[111.40078,-7.39099],[111.40184,-7.39066],[111.40331,-7.39111],[111.40409,-7.39188],[111.40345,-7.3941],[111.40421,-7.39691],[111.40542,-7.3978],[111.40658,-7.39766],[111.40907,-7.39613],[111.40978,-7.39517],[111.4104,-7.39312],[111.40985,-7.39097],[111.40824,-7.38819],[111.40815,-7.38758],[111.4089,-7.3867],[111.41151,-7.38491],[111.41225,-7.3849],[111.41312,-7.38536],[111.41616,-7.38898],[111.42256,-7.38874],[111.42457,-7.38796],[111.42561,-7.38727],[111.42626,-7.38629],[111.42638,-7.38563],[111.42601,-7.38457],[111.42432,-7.38325],[111.42402,-7.38254],[111.42438,-7.38197],[111.42574,-7.38167],[111.42846,-7.38258],[111.42958,-7.38451],[111.42963,-7.38668],[111.42912,-7.39017],[111.42946,-7.39055],[111.42971,-7.39194],[111.43101,-7.39372],[111.43174,-7.39709],[111.43144,-7.39827],[111.42941,-7.39974],[111.42907,-7.40071],[111.42966,-7.40133],[111.43187,-7.40148],[111.43266,-7.40074],[111.43263,-7.39937],[111.43206,-7.39905],[111.43233,-7.39822],[111.43315,-7.39803],[111.43389,-7.39607],[111.4348,-7.39503],[111.43701,-7.39481],[111.43774,-7.39524],[111.43794,-7.39802],[111.43863,-7.39903],[111.43955,-7.39901],[111.44063,-7.39825],[111.4414,-7.397],[111.44171,-7.39532],[111.44152,-7.39445],[111.44014,-7.39281],[111.44014,-7.39235],[111.4405,-7.39125],[111.44119,-7.39067],[111.44262,-7.39004],[111.4458,-7.38994],[111.44717,-7.39025],[111.44929,-7.39183],[111.45057,-7.39171],[111.45173,-7.39097],[111.4527,-7.38957],[111.45429,-7.3881],[111.45735,-7.3879],[111.46107,-7.38459],[111.46249,-7.38132],[111.4637,-7.37702],[111.46275,-7.37718],[111.46249,-7.37812],[111.45903,-7.37646],[111.45325,-7.37136],[111.45107,-7.37047],[111.4462,-7.3697],[111.43812,-7.36779],[111.43303,-7.36521],[111.43072,-7.36304],[111.42905,-7.36061],[111.42853,-7.35499],[111.42763,-7.35141],[111.42583,-7.34886],[111.42429,-7.34771],[111.42019,-7.34567],[111.40763,-7.34568],[111.40071,-7.34402],[111.39507,-7.34505],[111.3925,-7.34505],[111.38327,-7.34251],[111.3784,-7.342],[111.37199,-7.3406],[111.37045,-7.33958],[111.36943,-7.33817],[111.36904,-7.33472],[111.36753,-7.33314],[111.36586,-7.33253],[111.36481,-7.33156],[111.36075,-7.33007],[111.35794,-7.33152],[111.35368,-7.3321],[111.35287,-7.33304],[111.35064,-7.33454],[111.34831,-7.33509],[111.34705,-7.33623],[111.34734,-7.33509],[111.34711,-7.33483],[111.3449,-7.33522],[111.34481,-7.33486],[111.34585,-7.33199],[111.34742,-7.33173],[111.348,-7.33096],[111.34811,-7.33008],[111.34517,-7.32788],[111.34647,-7.32695],[111.34654,-7.3263],[111.34609,-7.32568],[111.34666,-7.32472],[111.34639,-7.32433],[111.34688,-7.32273],[111.34505,-7.32141],[111.34455,-7.3203],[111.34472,-7.31917],[111.34356,-7.31857],[111.34243,-7.3193],[111.3413,-7.31839],[111.34006,-7.31817],[111.33998,-7.31905],[111.33874,-7.31896],[111.33831,-7.31943],[111.3361,-7.3194],[111.33568,-7.3203],[111.33531,-7.31866],[111.3343,-7.31848],[111.33387,-7.31876],[111.33379,-7.31997],[111.33466,-7.32014],[111.33481,-7.32046],[111.33458,-7.32076],[111.33315,-7.32078],[111.33249,-7.31984],[111.33242,-7.31875],[111.33301,-7.31733],[111.33279,-7.31716],[111.33165,-7.31763],[111.3314,-7.31744],[111.33098,-7.31682],[111.33089,-7.31593],[111.33007,-7.31503],[111.32947,-7.31601],[111.3282,-7.31587],[111.32665,-7.31681],[111.32611,-7.31655],[111.326,-7.31601],[111.32683,-7.31546],[111.32672,-7.31529],[111.32556,-7.31556],[111.32505,-7.31455],[111.32513,-7.31372],[111.32436,-7.31365],[111.32393,-7.31324],[111.32368,-7.3121],[111.32248,-7.3123],[111.32183,-7.31193],[111.32186,-7.31011],[111.32229,-7.30939],[111.32131,-7.30896],[111.32009,-7.30931],[111.31911,-7.30911],[111.31844,-7.30861],[111.31821,-7.30798],[111.31699,-7.30743],[111.31692,-7.30587],[111.31554,-7.30594]]]},"properties":{"KDPKAB":"35.21","KDCPUM":"35.21.16","WADMKK":"Ngawi","WADMKC":"Pitu"}},{"type":"Feature","geometry":{"type":"Polygon","coordinates":[[[111.20589,-7.24535],[111.20411,-7.2445],[111.20114,-7.24491],[111.19846,-7.24601],[111.19795,-7.2465],[111.19787,-7.24725],[111.1998,-7.24858],[111.19909,-7.25062],[111.20027,-7.25299],[111.19988,-7.25587],[111.19915,-7.25559],[111.19789,-7.25574],[111.1957,-7.2566],[111.19418,-7.25628],[111.19192,-7.25813],[111.1906,-7.25869],[111.18978,-7.25983],[111.18885,-7.25947],[111.18807,-7.2597],[111.18741,-7.25949],[111.1857,-7.26015],[111.18456,-7.25902],[111.18378,-7.25962],[111.18268,-7.25961],[111.18234,-7.2598],[111.18222,-7.26113],[111.18081,-7.26242],[111.1804,-7.26266],[111.17872,-7.26234],[111.17776,-7.26455],[111.17576,-7.26409],[111.17481,-7.2628],[111.17067,-7.26358],[111.16954,-7.26322],[111.16829,-7.26348],[111.16725,-7.26084],[111.1668,-7.26055],[111.1656,-7.2608],[111.16436,-7.26025],[111.16243,-7.26051],[111.1618,-7.25878],[111.15966,-7.25802],[111.15666,-7.25876],[111.15573,-7.25806],[111.154,-7.25878],[111.15302,-7.26016],[111.15188,-7.2606],[111.15032,-7.26022],[111.14933,-7.26258],[111.14941,-7.2639],[111.14872,-7.26446],[111.14953,-7.26585],[111.15002,-7.26785],[111.14893,-7.26927],[111.14913,-7.27189],[111.14788,-7.27545],[111.14608,-7.27787],[111.14341,-7.27814],[111.14298,-7.28004],[111.14128,-7.2813],[111.14094,-7.2843],[111.14028,-7.28677],[111.14005,-7.29013],[111.13834,-7.29095],[111.13713,-7.29338],[111.13521,-7.29458],[111.13571,-7.29546],[111.13571,-7.29627],[111.1354,-7.29698],[111.13436,-7.29774],[111.13616,-7.29788],[111.13522,-7.29902],[111.13579,-7.30014],[111.13637,-7.30032],[111.13946,-7.30595],[111.14043,-7.30689],[111.14047,-7.30815],[111.14074,-7.30846],[111.1417,-7.30869],[111.14574,-7.30667],[111.14722,-7.30846],[111.15134,-7.3106],[111.15251,-7.31087],[111.15239,-7.31136],[111.15278,-7.31194],[111.15536,-7.31338],[111.15808,-7.31037],[111.15923,-7.31016],[111.16235,-7.31048],[111.16074,-7.31174],[111.15992,-7.3116],[111.16107,-7.31352],[111.16123,-7.31498],[111.16218,-7.31563],[111.16232,-7.31686],[111.1638,-7.3172],[111.16402,-7.31875],[111.16455,-7.31951],[111.16429,-7.32179],[111.16305,-7.3235],[111.16268,-7.32512],[111.16371,-7.32708],[111.16125,-7.32708],[111.16103,-7.32982],[111.15937,-7.3346],[111.15784,-7.33564],[111.1588,-7.33667],[111.15875,-7.3372],[111.16005,-7.3383],[111.15993,-7.3394],[111.1605,-7.34048],[111.16049,-7.342],[111.15964,-7.34251],[111.15919,-7.34319],[111.16146,-7.34546],[111.16433,-7.34974],[111.16429,-7.35403],[111.16461,-7.35596],[111.16733,-7.36191],[111.16808,-7.36275],[111.1687,-7.36289],[111.17136,-7.36173],[111.17418,-7.35967],[111.17705,-7.35967],[111.17853,-7.36],[111.18075,-7.36216],[111.17998,-7.36315],[111.17944,-7.36461],[111.18005,-7.36496],[111.17944,-7.36548],[111.179,-7.36547],[111.17878,-7.36784],[111.17897,-7.3705],[111.18336,-7.37046],[111.18386,-7.36857],[111.18333,-7.36798],[111.18339,-7.36694],[111.18281,-7.36693],[111.18263,-7.36645],[111.18239,-7.36461],[111.18271,-7.36442],[111.1828,-7.36365],[111.18411,-7.36355],[111.18472,-7.36254],[111.1843,-7.36144],[111.18431,-7.35983],[111.18319,-7.35736],[111.18312,-7.35583],[111.18369,-7.35529],[111.18496,-7.35496],[111.18877,-7.35585],[111.18907,-7.3551],[111.1878,-7.35377],[111.18815,-7.35238],[111.18912,-7.3514],[111.19201,-7.35097],[111.19269,-7.35158],[111.19272,-7.35198],[111.19211,-7.35501],[111.19232,-7.35862],[111.19275,-7.35944],[111.19373,-7.36024],[111.195,-7.36043],[111.19578,-7.36],[111.19597,-7.35653],[111.19627,-7.35597],[111.19773,-7.35498],[111.1986,-7.35355],[111.20208,-7.35202],[111.20437,-7.35174],[111.20542,-7.35217],[111.20723,-7.35437],[111.20973,-7.35582],[111.21043,-7.35697],[111.21135,-7.36185],[111.21227,-7.36286],[111.21323,-7.36255],[111.21335,-7.36098],[111.21443,-7.36049],[111.22278,-7.3648],[111.22605,-7.36422],[111.23469,-7.36599],[111.23771,-7.36602],[111.23842,-7.36384],[111.24014,-7.36229],[111.23969,-7.35918],[111.24228,-7.35602],[111.24526,-7.3549],[111.24613,-7.35354],[111.25031,-7.35533],[111.25172,-7.35646],[111.25569,-7.3565],[111.25854,-7.35699],[111.25876,-7.35443],[111.25846,-7.35419],[111.25711,-7.35431],[111.25678,-7.3537],[111.25707,-7.35268],[111.25771,-7.35197],[111.2566,-7.35251],[111.25567,-7.35241],[111.25519,-7.35313],[111.25487,-7.35305],[111.25458,-7.35227],[111.25528,-7.35175],[111.25546,-7.35109],[111.25522,-7.35083],[111.25571,-7.35039],[111.25567,-7.34857],[111.2578,-7.34677],[111.25823,-7.34512],[111.25885,-7.34486],[111.26033,-7.34477],[111.26167,-7.3453],[111.26224,-7.34523],[111.26228,-7.34649],[111.26334,-7.34656],[111.26483,-7.34781],[111.26653,-7.3485],[111.26654,-7.34991],[111.26594,-7.35021],[111.26594,-7.35118],[111.26526,-7.35158],[111.26549,-7.35235],[111.26452,-7.35786],[111.26472,-7.35839],[111.26563,-7.3589],[111.26523,-7.35928],[111.26648,-7.36002],[111.26653,-7.3605],[111.26741,-7.3606],[111.2689,-7.35988],[111.27181,-7.36055],[111.27189,-7.3601],[111.27382,-7.35999],[111.27552,-7.35857],[111.27599,-7.35704],[111.27624,-7.3571],[111.27953,-7.35285],[111.28664,-7.35416],[111.28824,-7.35293],[111.2906,-7.35229],[111.28853,-7.35102],[111.28708,-7.35092],[111.28565,-7.34975],[111.28536,-7.34909],[111.28536,-7.34883],[111.28707,-7.34797],[111.28831,-7.34677],[111.29073,-7.3465],[111.29133,-7.34602],[111.29087,-7.34521],[111.29092,-7.34413],[111.2905,-7.34431],[111.29045,-7.34475],[111.28858,-7.34503],[111.28723,-7.34225],[111.28459,-7.33998],[111.28454,-7.33908],[111.28524,-7.33831],[111.28495,-7.33728],[111.28551,-7.3356],[111.28745,-7.33567],[111.28693,-7.33256],[111.28606,-7.33024],[111.28614,-7.32839],[111.28699,-7.32714],[111.28809,-7.32635],[111.28831,-7.32504],[111.28881,-7.32444],[111.29125,-7.32381],[111.29726,-7.32838],[111.30145,-7.32596],[111.3039,-7.32656],[111.30398,-7.32576],[111.30338,-7.32409],[111.30283,-7.32381],[111.30272,-7.323],[111.30386,-7.3218],[111.30437,-7.31967],[111.30536,-7.3199],[111.30708,-7.31952],[111.30682,-7.31845],[111.30634,-7.31824],[111.3064,-7.31762],[111.3053,-7.31717],[111.30481,-7.31525],[111.30477,-7.31241],[111.30508,-7.31097],[111.30416,-7.30886],[111.30472,-7.30813],[111.30913,-7.30819],[111.30975,-7.30859],[111.31085,-7.31013],[111.31139,-7.30988],[111.31248,-7.30795],[111.31364,-7.30713],[111.3136,-7.30634],[111.31433,-7.30612],[111.31224,-7.30576],[111.31121,-7.30512],[111.31054,-7.30612],[111.30986,-7.30635],[111.30876,-7.30517],[111.30874,-7.30376],[111.3081,-7.30333],[111.30868,-7.30256],[111.30852,-7.30213],[111.30712,-7.30143],[111.30633,-7.30042],[111.30611,-7.30083],[111.30632,-7.30195],[111.30605,-7.30231],[111.30506,-7.30317],[111.30487,-7.30294],[111.30525,-7.30219],[111.30494,-7.30178],[111.30425,-7.30279],[111.30314,-7.30166],[111.30408,-7.3001],[111.30338,-7.2996],[111.30297,-7.29966],[111.30274,-7.30079],[111.3022,-7.30109],[111.30161,-7.3007],[111.30107,-7.30099],[111.30057,-7.30195],[111.3001,-7.3018],[111.29993,-7.30093],[111.29888,-7.30159],[111.29741,-7.30013],[111.29682,-7.30014],[111.29671,-7.30107],[111.29551,-7.30164],[111.29559,-7.29996],[111.2942,-7.30031],[111.29364,-7.30006],[111.29372,-7.29976],[111.29483,-7.29948],[111.29507,-7.29912],[111.29376,-7.29864],[111.29332,-7.29791],[111.29306,-7.29731],[111.29309,-7.29677],[111.2935,-7.29645],[111.2934,-7.29562],[111.29074,-7.29348],[111.28937,-7.29322],[111.28832,-7.29129],[111.28677,-7.29123],[111.2869,-7.29066],[111.28788,-7.29022],[111.28702,-7.29003],[111.28655,-7.28922],[111.28595,-7.28914],[111.28606,-7.28976],[111.28543,-7.28976],[111.28487,-7.28952],[111.28433,-7.28874],[111.28329,-7.28913],[111.2822,-7.28892],[111.28141,-7.28952],[111.28141,-7.29022],[111.28062,-7.29047],[111.2804,-7.29013],[111.28067,-7.28927],[111.2796,-7.28874],[111.27907,-7.28788],[111.2786,-7.28854],[111.27786,-7.28826],[111.27723,-7.28842],[111.27759,-7.28892],[111.27727,-7.28924],[111.27683,-7.28905],[111.27525,-7.28981],[111.27452,-7.28943],[111.27277,-7.28971],[111.27244,-7.28914],[111.27103,-7.28981],[111.26986,-7.28921],[111.26799,-7.28956],[111.26678,-7.28766],[111.26548,-7.28801],[111.2639,-7.28716],[111.2633,-7.28745],[111.26168,-7.28696],[111.25999,-7.28802],[111.25928,-7.28763],[111.25903,-7.28807],[111.25798,-7.28814],[111.25611,-7.28757],[111.25484,-7.28757],[111.255,-7.28713],[111.25459,-7.28684],[111.25463,-7.28592],[111.25405,-7.28545],[111.25418,-7.28488],[111.25389,-7.28444],[111.25326,-7.28504],[111.25216,-7.28484],[111.25111,-7.28387],[111.2499,-7.28444],[111.24873,-7.28381],[111.24882,-7.2858],[111.24831,-7.28625],[111.24755,-7.28615],[111.24749,-7.28555],[111.24689,-7.28533],[111.246,-7.28568],[111.24389,-7.28526],[111.24355,-7.28501],[111.2432,-7.28346],[111.24144,-7.28155],[111.24178,-7.28045],[111.24135,-7.27918],[111.24172,-7.27828],[111.24097,-7.27779],[111.24043,-7.27811],[111.23942,-7.27703],[111.23997,-7.2757],[111.23821,-7.27504],[111.23786,-7.27428],[111.23788,-7.27322],[111.23735,-7.27322],[111.23715,-7.27258],[111.23662,-7.27268],[111.23631,-7.27236],[111.23598,-7.2711],[111.23525,-7.27022],[111.23462,-7.27009],[111.2343,-7.26924],[111.23402,-7.26952],[111.2323,-7.26889],[111.23227,-7.26842],[111.231,-7.26832],[111.2305,-7.2675],[111.2301,-7.26857],[111.22873,-7.26762],[111.22735,-7.26529],[111.22746,-7.26479],[111.22416,-7.26144],[111.22339,-7.25916],[111.22347,-7.258],[111.22426,-7.2567],[111.22338,-7.25623],[111.22237,-7.25313],[111.2205,-7.25174],[111.22024,-7.25095],[111.21935,-7.25019],[111.21727,-7.25078],[111.21197,-7.24935],[111.2102,-7.24864],[111.20934,-7.24765],[111.20806,-7.24708],[111.20668,-7.24535],[111.20589,-7.24535]]]},"properties":{"KDPKAB":"35.21","KDCPUM":"35.21.17","WADMKK":"Ngawi","WADMKC":"Karanganyar"}},{"type":"Feature","geometry":{"type":"MultiPolygon","coordinates":[[[[111.41368,-7.49822],[111.41164,-7.49799],[111.41166,-7.49969],[111.41344,-7.50058],[111.41095,-7.5004],[111.41004,-7.50124],[111.40862,-7.50174],[111.40661,-7.50149],[111.40634,-7.5024],[111.40573,-7.50243],[111.40533,-7.50348],[111.38637,-7.50511],[111.38411,-7.50744],[111.38276,-7.5114],[111.38239,-7.51344],[111.38068,-7.51438],[111.37837,-7.51668],[111.37686,-7.51523],[111.37573,-7.51548],[111.37498,-7.51498],[111.3747,-7.51468],[111.3749,-7.51395],[111.37411,-7.51357],[111.37423,-7.51293],[111.37101,-7.51304],[111.37029,-7.5137],[111.37082,-7.51487],[111.37067,-7.51676],[111.37214,-7.51759],[111.3716,-7.51856],[111.37078,-7.51902],[111.37048,-7.52047],[111.37127,-7.52195],[111.36929,-7.52203],[111.36896,-7.52419],[111.36979,-7.52506],[111.36962,-7.52564],[111.36813,-7.52717],[111.36671,-7.52704],[111.36688,-7.52964],[111.36615,-7.52916],[111.36583,-7.52935],[111.36431,-7.53139],[111.3621,-7.53335],[111.36229,-7.53432],[111.359,-7.53174],[111.36028,-7.52845],[111.36058,-7.5283],[111.36072,-7.52681],[111.36192,-7.52324],[111.36177,-7.52251],[111.36154,-7.5223],[111.36098,-7.52259],[111.36025,-7.52146],[111.35993,-7.52144],[111.35859,-7.5223],[111.35828,-7.52307],[111.35743,-7.52299],[111.35666,-7.52371],[111.35605,-7.52294],[111.35557,-7.52294],[111.35494,-7.52408],[111.3537,-7.52489],[111.3536,-7.5253],[111.35473,-7.52574],[111.35473,-7.52618],[111.35306,-7.52766],[111.35345,-7.52872],[111.35336,-7.52951],[111.35289,-7.52984],[111.35197,-7.52985],[111.35162,-7.53046],[111.35212,-7.53164],[111.35151,-7.53288],[111.35255,-7.53351],[111.35098,-7.53446],[111.34941,-7.53412],[111.34919,-7.53634],[111.35044,-7.53638],[111.35261,-7.53583],[111.35303,-7.53659],[111.35439,-7.53644],[111.35482,-7.53705],[111.35483,-7.53792],[111.35597,-7.5394],[111.35779,-7.54102],[111.35868,-7.54069],[111.35855,-7.5415],[111.35999,-7.54194],[111.36044,-7.54278],[111.36167,-7.54325],[111.36179,-7.54379],[111.36102,-7.54482],[111.36149,-7.54534],[111.36033,-7.54577],[111.36029,-7.54621],[111.36093,-7.54726],[111.35994,-7.548],[111.35929,-7.54803],[111.35673,-7.54934],[111.35601,-7.54912],[111.35474,-7.55015],[111.34766,-7.55013],[111.34711,-7.5567],[111.34527,-7.56293],[111.34685,-7.56608],[111.34592,-7.56669],[111.3453,-7.56915],[111.3442,-7.56914],[111.34394,-7.57014],[111.34179,-7.57115],[111.34104,-7.5726],[111.33974,-7.57242],[111.33965,-7.57476],[111.33915,-7.57564],[111.34016,-7.57695],[111.33996,-7.57745],[111.34055,-7.57741],[111.34103,-7.57678],[111.34243,-7.5771],[111.34451,-7.57665],[111.34626,-7.57557],[111.35015,-7.57394],[111.35063,-7.57335],[111.3532,-7.57276],[111.35439,-7.57041],[111.35535,-7.57063],[111.35661,-7.57043],[111.35726,-7.57106],[111.35973,-7.57065],[111.36049,-7.57101],[111.36172,-7.5703],[111.36217,-7.57053],[111.36263,-7.56997],[111.366,-7.57025],[111.36579,-7.57313],[111.36649,-7.5731],[111.36648,-7.57345],[111.36761,-7.57414],[111.36795,-7.57368],[111.36951,-7.57385],[111.37019,-7.57336],[111.37082,-7.5717],[111.37058,-7.57001],[111.37203,-7.56751],[111.37214,-7.56523],[111.37172,-7.56296],[111.37203,-7.56256],[111.37382,-7.56185],[111.37425,-7.56072],[111.37326,-7.5586],[111.37257,-7.55873],[111.37281,-7.5597],[111.37239,-7.56022],[111.37148,-7.55963],[111.37102,-7.55984],[111.37095,-7.55891],[111.36923,-7.55807],[111.36769,-7.55641],[111.36853,-7.55549],[111.3681,-7.55546],[111.36801,-7.55514],[111.36916,-7.55467],[111.36909,-7.55409],[111.36986,-7.55384],[111.37055,-7.55295],[111.37168,-7.55241],[111.37157,-7.55185],[111.3725,-7.55105],[111.37192,-7.55003],[111.3727,-7.54873],[111.37271,-7.54812],[111.37377,-7.54792],[111.37356,-7.54678],[111.37432,-7.54734],[111.37474,-7.54696],[111.37534,-7.54698],[111.3757,-7.54557],[111.37667,-7.54535],[111.37802,-7.54447],[111.3783,-7.54397],[111.37784,-7.54354],[111.37763,-7.54256],[111.37807,-7.54188],[111.37937,-7.54145],[111.38111,-7.54003],[111.3819,-7.53878],[111.38323,-7.53825],[111.38356,-7.53713],[111.38855,-7.53807],[111.39044,-7.53958],[111.39315,-7.54079],[111.39494,-7.54075],[111.39733,-7.54121],[111.39864,-7.54088],[111.39875,-7.54058],[111.39992,-7.54058],[111.40025,-7.54094],[111.40196,-7.53975],[111.40169,-7.53894],[111.40206,-7.53862],[111.40825,-7.53828],[111.41437,-7.53731],[111.41514,-7.53658],[111.41578,-7.53647],[111.41574,-7.53492],[111.41609,-7.53478],[111.41615,-7.53419],[111.41566,-7.53412],[111.4159,-7.53319],[111.41909,-7.53363],[111.41835,-7.53606],[111.41855,-7.53671],[111.42051,-7.53641],[111.42073,-7.53552],[111.4211,-7.53553],[111.4221,-7.53379],[111.42259,-7.53358],[111.42222,-7.53291],[111.42254,-7.53107],[111.42349,-7.52946],[111.42824,-7.51458],[111.42962,-7.51457],[111.42944,-7.5104],[111.42723,-7.51038],[111.42721,-7.51102],[111.42798,-7.5112],[111.42797,-7.51192],[111.42775,-7.51309],[111.42691,-7.51403],[111.42488,-7.51424],[111.42276,-7.5137],[111.422,-7.51293],[111.42214,-7.51253],[111.42265,-7.51236],[111.42215,-7.51193],[111.42254,-7.51052],[111.42184,-7.51081],[111.42084,-7.50941],[111.42107,-7.50861],[111.4207,-7.50761],[111.4212,-7.50656],[111.42055,-7.50526],[111.42165,-7.50425],[111.42144,-7.50385],[111.42169,-7.50376],[111.42173,-7.5031],[111.42135,-7.50281],[111.42159,-7.50239],[111.4211,-7.50239],[111.42104,-7.50175],[111.42061,-7.50133],[111.42045,-7.50034],[111.42095,-7.49991],[111.4208,-7.49911],[111.41982,-7.49898],[111.41933,-7.49841],[111.41674,-7.49928],[111.41571,-7.49913],[111.41577,-7.49865],[111.41519,-7.49841],[111.41368,-7.49822]]],[[[111.41568,-7.54091],[111.41357,-7.54121],[111.41384,-7.54197],[111.41314,-7.54365],[111.41294,-7.54518],[111.41297,-7.54547],[111.41381,-7.54569],[111.41372,-7.54614],[111.41404,-7.54641],[111.41466,-7.54599],[111.41547,-7.54601],[111.41625,-7.54474],[111.41707,-7.54465],[111.41789,-7.54316],[111.41724,-7.54249],[111.41743,-7.54207],[111.41715,-7.54197],[111.41717,-7.54119],[111.41568,-7.54091]]]]},"properties":{"KDPKAB":"35.21","KDCPUM":"35.21.18","WADMKK":"Ngawi","WADMKC":"Gerih"}},{"type":"Feature","geometry":{"type":"Polygon","coordinates":[[[111.55445,-7.3591],[111.55414,-7.35865],[111.55373,-7.35865],[111.55315,-7.35974],[111.55038,-7.36073],[111.54996,-7.36119],[111.54887,-7.36629],[111.54687,-7.36922],[111.54511,-7.37015],[111.5426,-7.37081],[111.5403,-7.36938],[111.53814,-7.36919],[111.53645,-7.37],[111.53554,-7.36976],[111.53452,-7.36995],[111.53262,-7.3709],[111.53059,-7.37079],[111.52785,-7.37219],[111.52605,-7.37146],[111.52354,-7.37151],[111.52195,-7.36964],[111.52159,-7.36846],[111.5194,-7.36612],[111.51615,-7.36406],[111.51354,-7.3629],[111.50703,-7.36181],[111.50517,-7.36178],[111.50108,-7.36341],[111.50037,-7.36395],[111.49873,-7.36368],[111.49633,-7.36785],[111.49595,-7.3697],[111.49627,-7.37122],[111.49621,-7.37427],[111.49568,-7.37693],[111.49414,-7.37873],[111.49282,-7.38093],[111.4917,-7.38363],[111.4917,-7.38446],[111.49117,-7.3844],[111.4908,-7.38383],[111.49026,-7.38464],[111.48917,-7.38325],[111.48938,-7.3826],[111.48899,-7.38173],[111.48821,-7.38129],[111.48689,-7.38213],[111.48682,-7.38137],[111.48616,-7.38079],[111.4855,-7.38107],[111.48462,-7.3829],[111.48411,-7.38274],[111.48403,-7.38151],[111.4824,-7.38203],[111.48208,-7.38246],[111.48115,-7.38805],[111.48054,-7.38951],[111.47921,-7.39103],[111.4778,-7.39441],[111.47647,-7.39616],[111.47624,-7.39762],[111.47685,-7.39773],[111.47719,-7.39674],[111.47802,-7.39743],[111.47928,-7.39757],[111.47962,-7.39846],[111.4813,-7.39968],[111.48255,-7.39989],[111.48259,-7.40027],[111.48156,-7.40128],[111.48197,-7.40231],[111.48351,-7.40262],[111.48384,-7.40366],[111.48545,-7.4045],[111.48585,-7.40524],[111.48485,-7.40865],[111.48461,-7.41063],[111.4826,-7.4135],[111.48235,-7.41445],[111.48373,-7.41614],[111.4833,-7.41728],[111.4836,-7.41754],[111.48346,-7.41801],[111.48398,-7.41849],[111.48323,-7.42058],[111.48618,-7.42208],[111.48695,-7.42105],[111.48809,-7.42138],[111.48755,-7.42257],[111.48857,-7.4234],[111.48803,-7.42457],[111.4906,-7.42628],[111.49036,-7.42833],[111.48758,-7.43283],[111.48711,-7.43539],[111.48728,-7.43755],[111.48802,-7.43895],[111.48842,-7.43845],[111.48894,-7.43907],[111.48941,-7.43981],[111.48909,-7.44008],[111.48951,-7.44043],[111.49186,-7.4422],[111.49659,-7.44495],[111.49684,-7.44564],[111.49662,-7.44625],[111.49833,-7.44704],[111.50038,-7.44741],[111.50029,-7.44783],[111.5007,-7.44814],[111.50198,-7.44842],[111.50259,-7.44889],[111.50239,-7.44954],[111.5028,-7.45008],[111.50337,-7.45021],[111.50349,-7.4492],[111.50392,-7.44902],[111.50404,-7.44967],[111.50462,-7.44973],[111.50501,-7.44823],[111.50571,-7.4475],[111.50562,-7.44675],[111.5071,-7.44625],[111.50738,-7.4455],[111.50688,-7.44348],[111.50799,-7.44193],[111.50736,-7.44141],[111.50771,-7.44053],[111.50705,-7.44009],[111.50686,-7.4394],[111.50562,-7.43898],[111.50486,-7.43815],[111.50465,-7.43746],[111.50643,-7.43615],[111.50921,-7.4351],[111.5102,-7.4337],[111.51027,-7.43326],[111.50904,-7.43279],[111.50763,-7.4317],[111.50785,-7.43099],[111.50665,-7.42992],[111.50786,-7.42918],[111.50813,-7.42843],[111.50752,-7.4281],[111.50859,-7.42627],[111.50915,-7.42614],[111.50933,-7.4234],[111.51194,-7.42455],[111.51214,-7.42368],[111.51281,-7.42296],[111.51471,-7.42429],[111.51597,-7.42363],[111.51631,-7.42435],[111.51712,-7.42325],[111.5168,-7.4231],[111.51701,-7.42246],[111.52072,-7.421],[111.52137,-7.42024],[111.52203,-7.42001],[111.52458,-7.41992],[111.52475,-7.4173],[111.52512,-7.41669],[111.52481,-7.41667],[111.52508,-7.41472],[111.52587,-7.41189],[111.52473,-7.41068],[111.52471,-7.40974],[111.52498,-7.40794],[111.5254,-7.40769],[111.52604,-7.40626],[111.52799,-7.40646],[111.5335,-7.40788],[111.53373,-7.40725],[111.53464,-7.40748],[111.53507,-7.40555],[111.53549,-7.4054],[111.53576,-7.40476],[111.53492,-7.40322],[111.53748,-7.40305],[111.53936,-7.39967],[111.54056,-7.39961],[111.54091,-7.39841],[111.54147,-7.39855],[111.54185,-7.39795],[111.54207,-7.39693],[111.54275,-7.39709],[111.54462,-7.39675],[111.54454,-7.39586],[111.54497,-7.3947],[111.54624,-7.39393],[111.54746,-7.39189],[111.54744,-7.3913],[111.54823,-7.39086],[111.54796,-7.39032],[111.54835,-7.39005],[111.54886,-7.38668],[111.55025,-7.38491],[111.55167,-7.38408],[111.55268,-7.38425],[111.55396,-7.38308],[111.55572,-7.38329],[111.55588,-7.38384],[111.55696,-7.38488],[111.55724,-7.38596],[111.55875,-7.38648],[111.56208,-7.38543],[111.56287,-7.38556],[111.56497,-7.38234],[111.56661,-7.3809],[111.56837,-7.37864],[111.56845,-7.37686],[111.56813,-7.37663],[111.56778,-7.37539],[111.56826,-7.3744],[111.56759,-7.37347],[111.56778,-7.3728],[111.56729,-7.37238],[111.56575,-7.372],[111.56469,-7.3691],[111.56447,-7.36699],[111.56299,-7.36628],[111.56209,-7.36494],[111.56205,-7.36399],[111.56101,-7.36451],[111.55972,-7.36408],[111.55971,-7.36174],[111.56081,-7.35996],[111.56023,-7.35936],[111.55812,-7.36024],[111.55592,-7.35888],[111.55445,-7.3591]]]},"properties":{"KDPKAB":"35.21","KDCPUM":"35.21.19","WADMKK":"Ngawi","WADMKC":"Kasreman"}},{"type":"Feature","geometry":{"type":"Polygon","coordinates":[[[111.42342,-7.96326],[111.42368,-7.96298],[111.42352,-7.96146],[111.422,-7.96137],[111.42148,-7.96323],[111.42163,-7.96369],[111.42239,-7.96367],[111.4227,-7.96495],[111.42233,-7.96725],[111.41991,-7.96994],[111.42028,-7.97116],[111.42008,-7.97295],[111.41893,-7.97302],[111.41773,-7.97545],[111.41766,-7.97783],[111.41685,-7.97897],[111.41661,-7.98039],[111.41612,-7.98067],[111.41537,-7.98037],[111.41521,-7.97924],[111.41283,-7.97945],[111.41278,-7.97922],[111.41319,-7.97746],[111.41402,-7.97742],[111.41429,-7.97693],[111.41513,-7.97755],[111.4163,-7.97773],[111.41698,-7.97558],[111.41697,-7.97523],[111.41609,-7.97508],[111.41464,-7.97532],[111.4146,-7.97484],[111.41289,-7.97436],[111.41286,-7.97379],[111.4133,-7.97376],[111.41349,-7.97203],[111.41225,-7.97208],[111.41165,-7.97052],[111.41345,-7.97016],[111.41351,-7.96923],[111.41416,-7.96925],[111.41438,-7.96962],[111.41521,-7.96911],[111.41522,-7.96784],[111.41492,-7.96781],[111.41489,-7.96851],[111.41417,-7.96849],[111.41397,-7.96756],[111.41349,-7.96777],[111.41347,-7.9681],[111.412,-7.96833],[111.41197,-7.97017],[111.41099,-7.97021],[111.41065,-7.97234],[111.40932,-7.97265],[111.40932,-7.97229],[111.40889,-7.97213],[111.40821,-7.9725],[111.40737,-7.97243],[111.40732,-7.97361],[111.4059,-7.97384],[111.40552,-7.97461],[111.40494,-7.97483],[111.4042,-7.97416],[111.40294,-7.97511],[111.40233,-7.97498],[111.40198,-7.97542],[111.40139,-7.97536],[111.4014,-7.97577],[111.40022,-7.97581],[111.40031,-7.9765],[111.398,-7.97718],[111.39756,-7.9781],[111.39652,-7.97784],[111.39599,-7.97826],[111.39415,-7.97839],[111.39404,-7.97911],[111.39342,-7.97915],[111.39333,-7.97992],[111.39251,-7.97962],[111.38849,-7.98139],[111.38503,-7.98195],[111.38505,-7.98238],[111.38375,-7.98284],[111.38358,-7.9838],[111.38161,-7.98373],[111.38133,-7.98421],[111.38092,-7.9841],[111.37829,-7.9872],[111.378,-7.98833],[111.37659,-7.98932],[111.36595,-7.99051],[111.36154,-7.99293],[111.35267,-7.99041],[111.35008,-7.99058],[111.34943,-7.99173],[111.34989,-7.99517],[111.34875,-7.99588],[111.34851,-7.99804],[111.34801,-7.99851],[111.3478,-7.99962],[111.34656,-8.00079],[111.34588,-8.00318],[111.34393,-8.00464],[111.34427,-8.00577],[111.34384,-8.00639],[111.34485,-8.00602],[111.34684,-8.00673],[111.34808,-8.00756],[111.34867,-8.00829],[111.34949,-8.01167],[111.35037,-8.01167],[111.35102,-8.01231],[111.35136,-8.01224],[111.35293,-8.01186],[111.35345,-8.01091],[111.35427,-8.01055],[111.35496,-8.01129],[111.35557,-8.01141],[111.35586,-8.01224],[111.35751,-8.01242],[111.35843,-8.01353],[111.35989,-8.0145],[111.35991,-8.01693],[111.35939,-8.01771],[111.35991,-8.02159],[111.35892,-8.02274],[111.35902,-8.02377],[111.35825,-8.02591],[111.35881,-8.02716],[111.36077,-8.02844],[111.36179,-8.02964],[111.36344,-8.02954],[111.36452,-8.02892],[111.36488,-8.02954],[111.36637,-8.0303],[111.36684,-8.03076],[111.36654,-8.03116],[111.36706,-8.03303],[111.36656,-8.03365],[111.3647,-8.03445],[111.36394,-8.03571],[111.36367,-8.03753],[111.36255,-8.03968],[111.36096,-8.04018],[111.36019,-8.04184],[111.3604,-8.04235],[111.35989,-8.04283],[111.35998,-8.04377],[111.35851,-8.04411],[111.35754,-8.04701],[111.35681,-8.04774],[111.35448,-8.04863],[111.35377,-8.0492],[111.35278,-8.052],[111.35297,-8.05355],[111.35044,-8.05642],[111.34922,-8.05625],[111.35042,-8.05871],[111.3499,-8.05956],[111.34906,-8.05985],[111.34908,-8.06417],[111.34825,-8.06546],[111.34723,-8.06544],[111.34634,-8.06624],[111.34725,-8.06633],[111.34877,-8.06766],[111.34894,-8.06821],[111.35141,-8.06876],[111.35269,-8.06792],[111.35446,-8.06888],[111.35538,-8.06825],[111.35724,-8.06838],[111.35839,-8.06797],[111.35875,-8.06777],[111.35901,-8.067],[111.36003,-8.06696],[111.36148,-8.06602],[111.36249,-8.06708],[111.36289,-8.06817],[111.36794,-8.06736],[111.37128,-8.06749],[111.37235,-8.06806],[111.37254,-8.07027],[111.37202,-8.07243],[111.37321,-8.07427],[111.37517,-8.07518],[111.37719,-8.07704],[111.38385,-8.07891],[111.38477,-8.08045],[111.38602,-8.07959],[111.38806,-8.08012],[111.38905,-8.07916],[111.39073,-8.07913],[111.3913,-8.07928],[111.39156,-8.08118],[111.39229,-8.0816],[111.39271,-8.08133],[111.39357,-8.08233],[111.39449,-8.08126],[111.39556,-8.08178],[111.39619,-8.08117],[111.39709,-8.0818],[111.40504,-8.084],[111.40623,-8.08395],[111.40698,-8.08269],[111.40718,-8.08408],[111.41024,-8.08423],[111.41385,-8.07937],[111.41552,-8.07648],[111.41843,-8.0741],[111.42012,-8.07439],[111.42089,-8.07396],[111.42417,-8.07031],[111.42627,-8.0672],[111.43145,-8.0622],[111.4366,-8.06034],[111.43902,-8.05851],[111.43413,-8.05263],[111.43343,-8.04955],[111.43467,-8.04453],[111.43727,-8.03995],[111.43747,-8.03791],[111.43683,-8.0373],[111.43475,-8.03676],[111.43447,-8.03617],[111.43463,-8.0352],[111.43333,-8.03185],[111.43091,-8.03066],[111.43004,-8.02966],[111.43093,-8.02762],[111.43072,-8.02673],[111.43142,-8.02491],[111.43142,-8.02365],[111.4321,-8.02308],[111.43248,-8.02175],[111.43318,-8.02125],[111.43285,-8.01789],[111.4335,-8.01784],[111.43477,-8.01706],[111.43547,-8.01582],[111.4362,-8.01097],[111.43595,-8.0106],[111.43606,-8.00808],[111.43564,-8.00766],[111.4364,-8.00746],[111.437,-8.00671],[111.43857,-8.00583],[111.441,-8.00593],[111.44093,-8.00288],[111.43981,-8.00337],[111.43846,-8.00329],[111.4381,-8.00271],[111.43771,-8.00276],[111.43734,-8.0014],[111.43922,-8.00109],[111.4388,-7.99937],[111.44088,-7.99934],[111.44109,-7.99976],[111.44137,-7.99971],[111.4418,-7.99794],[111.44259,-7.99782],[111.44222,-7.99171],[111.44009,-7.99141],[111.44077,-7.99127],[111.44076,-7.98989],[111.44146,-7.98935],[111.44145,-7.98812],[111.44172,-7.98821],[111.44175,-7.98779],[111.44274,-7.98782],[111.44323,-7.98472],[111.44206,-7.98456],[111.44209,-7.98425],[111.44237,-7.98419],[111.44248,-7.98449],[111.44273,-7.984],[111.44318,-7.98402],[111.44299,-7.98321],[111.44362,-7.98221],[111.44693,-7.98259],[111.4477,-7.98007],[111.44866,-7.98012],[111.44898,-7.97663],[111.44797,-7.97643],[111.44804,-7.97561],[111.44658,-7.97526],[111.44641,-7.97484],[111.44596,-7.9748],[111.4463,-7.97442],[111.4462,-7.97366],[111.44784,-7.97386],[111.44802,-7.97231],[111.44843,-7.97204],[111.44849,-7.96831],[111.44902,-7.96714],[111.44942,-7.96718],[111.44968,-7.96505],[111.44886,-7.96486],[111.44926,-7.96231],[111.44723,-7.96195],[111.44714,-7.96265],[111.44567,-7.96257],[111.44531,-7.96357],[111.44534,-7.96518],[111.44236,-7.96589],[111.44006,-7.96561],[111.4399,-7.96675],[111.4392,-7.96669],[111.43913,-7.96736],[111.43789,-7.96734],[111.43784,-7.96786],[111.43838,-7.96831],[111.4384,-7.9703],[111.43671,-7.97129],[111.43481,-7.97167],[111.43396,-7.97129],[111.43339,-7.97266],[111.43094,-7.97202],[111.43096,-7.97055],[111.4294,-7.97053],[111.42905,-7.97331],[111.42977,-7.97332],[111.42974,-7.9736],[111.42797,-7.97369],[111.42765,-7.97254],[111.4269,-7.97272],[111.42744,-7.97398],[111.42723,-7.97468],[111.42623,-7.97502],[111.4263,-7.97563],[111.42644,-7.97586],[111.42767,-7.97586],[111.42686,-7.97699],[111.42667,-7.97793],[111.42549,-7.97784],[111.42575,-7.97689],[111.42527,-7.97673],[111.42533,-7.97402],[111.42428,-7.97395],[111.42444,-7.97197],[111.42391,-7.97195],[111.42397,-7.97132],[111.42327,-7.9713],[111.42342,-7.96932],[111.42403,-7.96933],[111.42414,-7.96863],[111.42416,-7.96715],[111.42331,-7.96763],[111.42338,-7.96708],[111.42388,-7.96704],[111.424,-7.96533],[111.42346,-7.96527],[111.42342,-7.96326]]]},"properties":{"KDPKAB":"35.02","KDCPUM":"35.02.01","WADMKK":"Ponorogo","WADMKC":"Slahung"}},{"type":"Feature","geometry":{"type":"Polygon","coordinates":[[[111.51966,-8.05046],[111.51921,-8.04713],[111.51947,-8.04657],[111.5188,-8.04574],[111.51764,-8.0458],[111.51226,-8.04729],[111.50924,-8.0508],[111.50772,-8.05041],[111.50775,-8.04989],[111.5046,-8.0494],[111.50353,-8.04876],[111.50074,-8.04862],[111.49973,-8.04803],[111.49885,-8.04811],[111.49579,-8.05004],[111.49458,-8.05033],[111.49366,-8.05182],[111.49373,-8.05222],[111.49237,-8.05385],[111.48979,-8.05477],[111.4881,-8.05461],[111.48275,-8.05609],[111.48247,-8.05651],[111.48257,-8.05763],[111.48159,-8.05934],[111.47848,-8.05915],[111.47785,-8.05992],[111.47691,-8.05966],[111.4762,-8.06012],[111.47569,-8.06097],[111.47391,-8.06184],[111.47366,-8.06355],[111.46628,-8.06318],[111.4601,-8.06434],[111.45687,-8.06428],[111.45549,-8.06396],[111.45469,-8.06341],[111.45412,-8.06242],[111.45401,-8.06004],[111.45363,-8.05933],[111.45317,-8.05914],[111.44938,-8.05918],[111.44748,-8.05838],[111.44314,-8.0575],[111.44014,-8.05759],[111.4366,-8.06034],[111.43145,-8.0622],[111.42627,-8.0672],[111.42417,-8.07031],[111.42089,-8.07396],[111.42012,-8.07439],[111.41843,-8.0741],[111.41552,-8.07648],[111.41385,-8.07937],[111.41024,-8.08423],[111.40718,-8.08408],[111.40698,-8.08269],[111.40623,-8.08395],[111.40504,-8.084],[111.39709,-8.0818],[111.39619,-8.08117],[111.39556,-8.08178],[111.39449,-8.08126],[111.39357,-8.08233],[111.39271,-8.08133],[111.39229,-8.0816],[111.39156,-8.08118],[111.3913,-8.07928],[111.39073,-8.07913],[111.38905,-8.07916],[111.38806,-8.08012],[111.38602,-8.07959],[111.38477,-8.08045],[111.38385,-8.07891],[111.37719,-8.07704],[111.37517,-8.07518],[111.37321,-8.07427],[111.37202,-8.07243],[111.37254,-8.07027],[111.37235,-8.06806],[111.37128,-8.06749],[111.36794,-8.06736],[111.36289,-8.06817],[111.36249,-8.06708],[111.36148,-8.06602],[111.36003,-8.06696],[111.35901,-8.067],[111.35868,-8.06784],[111.35724,-8.06838],[111.35538,-8.06825],[111.35446,-8.06888],[111.35269,-8.06792],[111.35222,-8.06839],[111.351,-8.06877],[111.34894,-8.06821],[111.34877,-8.06766],[111.34725,-8.06633],[111.34636,-8.06633],[111.34687,-8.06766],[111.34675,-8.06871],[111.34734,-8.07066],[111.34714,-8.07259],[111.34904,-8.07422],[111.34845,-8.07578],[111.34889,-8.07662],[111.34935,-8.07702],[111.35031,-8.07659],[111.35099,-8.07752],[111.35313,-8.07714],[111.35424,-8.07814],[111.3545,-8.07903],[111.35434,-8.08099],[111.35173,-8.08191],[111.35008,-8.08322],[111.34999,-8.08374],[111.34886,-8.08416],[111.34957,-8.08487],[111.35069,-8.08492],[111.35086,-8.08563],[111.35137,-8.08573],[111.35126,-8.08599],[111.35176,-8.08628],[111.35377,-8.08492],[111.35449,-8.08487],[111.35401,-8.08785],[111.35441,-8.08891],[111.3555,-8.08891],[111.35676,-8.08805],[111.35756,-8.08822],[111.35875,-8.0877],[111.35946,-8.0881],[111.35969,-8.0886],[111.35942,-8.0888],[111.35946,-8.08995],[111.35805,-8.0916],[111.35948,-8.0926],[111.35955,-8.09312],[111.36032,-8.09342],[111.36159,-8.09498],[111.36227,-8.09674],[111.36248,-8.09962],[111.36202,-8.10121],[111.36123,-8.10187],[111.35977,-8.10434],[111.36018,-8.10587],[111.35977,-8.10622],[111.35868,-8.10655],[111.35584,-8.10442],[111.35541,-8.10515],[111.35454,-8.10545],[111.35297,-8.10541],[111.35219,-8.10497],[111.35042,-8.10588],[111.35012,-8.10634],[111.34772,-8.10723],[111.3464,-8.10857],[111.34678,-8.10998],[111.34745,-8.11063],[111.34703,-8.11345],[111.34721,-8.11416],[111.34851,-8.11524],[111.34893,-8.11506],[111.35283,-8.11683],[111.35511,-8.11616],[111.35532,-8.11851],[111.355,-8.11955],[111.35587,-8.12073],[111.35722,-8.12024],[111.35717,-8.11923],[111.35818,-8.11946],[111.35881,-8.12015],[111.35901,-8.1197],[111.36014,-8.1196],[111.36038,-8.1189],[111.36086,-8.11883],[111.36145,-8.11895],[111.36248,-8.12122],[111.36391,-8.12169],[111.36568,-8.12113],[111.36851,-8.12153],[111.36938,-8.12242],[111.37001,-8.12425],[111.36962,-8.12449],[111.36915,-8.12627],[111.36799,-8.12571],[111.36802,-8.12689],[111.36878,-8.12787],[111.36879,-8.13086],[111.3698,-8.13041],[111.37059,-8.13082],[111.37172,-8.1318],[111.37185,-8.13284],[111.37336,-8.13253],[111.3743,-8.13272],[111.37463,-8.13376],[111.37592,-8.135],[111.37627,-8.13609],[111.37822,-8.13538],[111.37853,-8.13563],[111.37852,-8.13634],[111.37989,-8.13651],[111.38007,-8.13742],[111.37965,-8.13828],[111.37991,-8.13872],[111.37956,-8.13919],[111.37998,-8.14029],[111.37874,-8.14108],[111.38077,-8.14381],[111.38047,-8.14424],[111.3791,-8.14453],[111.37954,-8.14509],[111.38075,-8.14562],[111.3798,-8.14716],[111.37965,-8.14834],[111.38108,-8.14809],[111.38139,-8.14848],[111.3812,-8.14888],[111.3802,-8.14914],[111.37972,-8.15023],[111.37839,-8.15104],[111.38029,-8.15234],[111.38046,-8.1536],[111.37986,-8.15404],[111.38001,-8.15513],[111.37858,-8.15511],[111.37676,-8.15451],[111.37627,-8.15462],[111.37595,-8.15537],[111.37785,-8.15606],[111.37801,-8.15699],[111.37896,-8.1577],[111.37771,-8.15987],[111.37933,-8.161],[111.37936,-8.16196],[111.38035,-8.16327],[111.38134,-8.16394],[111.38203,-8.16424],[111.38263,-8.1617],[111.38351,-8.16044],[111.3843,-8.16012],[111.38697,-8.15995],[111.38946,-8.15862],[111.39324,-8.15948],[111.39307,-8.16086],[111.39346,-8.16183],[111.39312,-8.16288],[111.39352,-8.16343],[111.3947,-8.16323],[111.39503,-8.16445],[111.3956,-8.16486],[111.39603,-8.16426],[111.39712,-8.16489],[111.39797,-8.16464],[111.398,-8.1667],[111.40022,-8.1675],[111.40157,-8.16861],[111.40289,-8.1708],[111.4038,-8.17174],[111.40555,-8.17265],[111.40765,-8.17161],[111.41109,-8.17097],[111.41567,-8.17184],[111.41748,-8.16881],[111.42036,-8.17008],[111.4212,-8.17165],[111.42198,-8.17129],[111.42266,-8.16943],[111.42374,-8.17025],[111.42711,-8.17095],[111.42775,-8.17091],[111.42941,-8.17003],[111.4314,-8.17038],[111.43399,-8.16896],[111.4347,-8.16717],[111.43622,-8.16595],[111.43726,-8.16379],[111.43783,-8.16323],[111.43819,-8.16477],[111.43904,-8.16502],[111.43956,-8.16564],[111.44073,-8.16541],[111.44319,-8.16616],[111.44511,-8.16601],[111.44694,-8.16676],[111.44898,-8.16657],[111.44965,-8.16696],[111.45005,-8.1684],[111.45042,-8.16873],[111.45143,-8.16871],[111.45523,-8.16751],[111.45744,-8.16836],[111.45769,-8.16884],[111.45856,-8.16878],[111.45917,-8.16953],[111.45979,-8.16958],[111.46021,-8.17032],[111.4611,-8.17059],[111.46122,-8.17143],[111.4627,-8.17293],[111.46292,-8.17434],[111.46495,-8.17552],[111.46555,-8.17497],[111.47096,-8.17383],[111.47315,-8.17458],[111.47628,-8.17369],[111.47741,-8.17313],[111.47723,-8.17232],[111.47815,-8.17099],[111.47818,-8.1698],[111.47879,-8.16923],[111.47837,-8.1666],[111.47867,-8.16576],[111.47673,-8.16567],[111.47371,-8.1648],[111.47291,-8.16162],[111.47373,-8.16],[111.47316,-8.15814],[111.4743,-8.15797],[111.47456,-8.15758],[111.47464,-8.15609],[111.47416,-8.15525],[111.47377,-8.15314],[111.47558,-8.14874],[111.47597,-8.14605],[111.47733,-8.14368],[111.47744,-8.14201],[111.47912,-8.14049],[111.4808,-8.13601],[111.48074,-8.13478],[111.48118,-8.13282],[111.47957,-8.12956],[111.47952,-8.12809],[111.48176,-8.12641],[111.48205,-8.12588],[111.48259,-8.12626],[111.48304,-8.12589],[111.48278,-8.12529],[111.4834,-8.12318],[111.48158,-8.1223],[111.47943,-8.11723],[111.4797,-8.11564],[111.48012,-8.11511],[111.48236,-8.11406],[111.48252,-8.11141],[111.48335,-8.11036],[111.48328,-8.10846],[111.48364,-8.10807],[111.48688,-8.10815],[111.49067,-8.1097],[111.49365,-8.1101],[111.49529,-8.11101],[111.49795,-8.11139],[111.4987,-8.11234],[111.4996,-8.11268],[111.50051,-8.11124],[111.50296,-8.11204],[111.50408,-8.11126],[111.5048,-8.11055],[111.50622,-8.10663],[111.50732,-8.10637],[111.50876,-8.10724],[111.51172,-8.10737],[111.51338,-8.10872],[111.51449,-8.10843],[111.51468,-8.10916],[111.51567,-8.10931],[111.51621,-8.10973],[111.51959,-8.10886],[111.52021,-8.11024],[111.52108,-8.11075],[111.52455,-8.10942],[111.5258,-8.10726],[111.52685,-8.10793],[111.52787,-8.10736],[111.52851,-8.10533],[111.52894,-8.10219],[111.5281,-8.09992],[111.52825,-8.09914],[111.52742,-8.09776],[111.52734,-8.0958],[111.52639,-8.09446],[111.5257,-8.09238],[111.52621,-8.09103],[111.52757,-8.09022],[111.5279,-8.08899],[111.52726,-8.0878],[111.52663,-8.08221],[111.52687,-8.08106],[111.52831,-8.07891],[111.52919,-8.07838],[111.52954,-8.07714],[111.53176,-8.07626],[111.534,-8.07385],[111.53534,-8.07285],[111.53772,-8.0727],[111.54059,-8.0709],[111.54135,-8.07036],[111.54218,-8.06881],[111.54308,-8.06798],[111.54351,-8.0665],[111.54322,-8.0656],[111.5422,-8.06456],[111.5407,-8.0638],[111.53739,-8.06467],[111.53509,-8.06237],[111.53367,-8.0627],[111.53326,-8.06174],[111.53407,-8.06007],[111.5338,-8.05935],[111.53194,-8.05935],[111.53144,-8.05896],[111.53076,-8.05912],[111.52799,-8.05764],[111.52735,-8.05769],[111.525,-8.05576],[111.5244,-8.05367],[111.52362,-8.05324],[111.52268,-8.05332],[111.52178,-8.05272],[111.52045,-8.05276],[111.51966,-8.05046]]]},"properties":{"KDPKAB":"35.02","KDCPUM":"35.02.02","WADMKK":"Ponorogo","WADMKC":"Ngrayun"}},{"type":"Feature","geometry":{"type":"Polygon","coordinates":[[[111.45229,-7.9613],[111.45243,-7.95959],[111.45158,-7.95946],[111.45122,-7.96139],[111.44941,-7.96119],[111.44886,-7.96486],[111.44968,-7.96505],[111.44942,-7.96718],[111.44902,-7.96714],[111.44849,-7.96831],[111.44843,-7.97204],[111.44802,-7.97231],[111.44784,-7.97386],[111.4462,-7.97366],[111.4463,-7.97442],[111.44598,-7.97457],[111.44647,-7.97521],[111.44804,-7.97561],[111.44797,-7.97643],[111.44898,-7.97663],[111.44866,-7.98012],[111.4477,-7.98007],[111.44693,-7.98259],[111.4435,-7.9823],[111.44299,-7.98321],[111.44318,-7.98402],[111.44273,-7.984],[111.44248,-7.98449],[111.44214,-7.98419],[111.44206,-7.98446],[111.44323,-7.98472],[111.44274,-7.98782],[111.44175,-7.98779],[111.44172,-7.98821],[111.44145,-7.98812],[111.44146,-7.98935],[111.44076,-7.98989],[111.44077,-7.99127],[111.4401,-7.99131],[111.44065,-7.99163],[111.44222,-7.99171],[111.44259,-7.99782],[111.4418,-7.99794],[111.44137,-7.99971],[111.44109,-7.99976],[111.44088,-7.99934],[111.4388,-7.99937],[111.43922,-8.00109],[111.43734,-8.0014],[111.43771,-8.00276],[111.4381,-8.00271],[111.43846,-8.00329],[111.43981,-8.00337],[111.44093,-8.00288],[111.441,-8.00593],[111.43857,-8.00583],[111.437,-8.00671],[111.4364,-8.00746],[111.43564,-8.00766],[111.43606,-8.00808],[111.43595,-8.0106],[111.4362,-8.01097],[111.43547,-8.01582],[111.43477,-8.01706],[111.4335,-8.01784],[111.43285,-8.01789],[111.43318,-8.02125],[111.43248,-8.02175],[111.4321,-8.02308],[111.43142,-8.02365],[111.43142,-8.02491],[111.43072,-8.02673],[111.43093,-8.02762],[111.43004,-8.02966],[111.43091,-8.03066],[111.43333,-8.03185],[111.43463,-8.0352],[111.43447,-8.03617],[111.43475,-8.03676],[111.43683,-8.0373],[111.43747,-8.03791],[111.43727,-8.03995],[111.43467,-8.04453],[111.43343,-8.04955],[111.43413,-8.05263],[111.43902,-8.05851],[111.44014,-8.05759],[111.44227,-8.05741],[111.44748,-8.05838],[111.44938,-8.05918],[111.45317,-8.05914],[111.45363,-8.05933],[111.45401,-8.06004],[111.45412,-8.06242],[111.45469,-8.06341],[111.45549,-8.06396],[111.45687,-8.06428],[111.4601,-8.06434],[111.46628,-8.06318],[111.47366,-8.06355],[111.47391,-8.06184],[111.47569,-8.06097],[111.4762,-8.06012],[111.47691,-8.05966],[111.47785,-8.05992],[111.47848,-8.05915],[111.48159,-8.05934],[111.48257,-8.05763],[111.48247,-8.05651],[111.48275,-8.05609],[111.4881,-8.05461],[111.4895,-8.05483],[111.49037,-8.0546],[111.49237,-8.05385],[111.49376,-8.05212],[111.49365,-8.05182],[111.49197,-8.05205],[111.49087,-8.05169],[111.48983,-8.04841],[111.4903,-8.04179],[111.49179,-8.03632],[111.49288,-8.0335],[111.49349,-8.03066],[111.49323,-8.02828],[111.49174,-8.02917],[111.49171,-8.02709],[111.49246,-8.02561],[111.49152,-8.02608],[111.49287,-8.02362],[111.4944,-8.02266],[111.49498,-8.02188],[111.49493,-8.02128],[111.49301,-8.01819],[111.49212,-8.016],[111.49161,-8.01299],[111.49181,-8.01217],[111.49236,-8.01216],[111.49326,-8.01105],[111.49323,-8.00979],[111.49424,-8.00827],[111.49375,-8.00131],[111.49157,-7.99634],[111.4902,-7.99621],[111.49015,-7.99571],[111.48921,-7.99551],[111.48839,-7.99421],[111.48994,-7.98315],[111.48519,-7.98211],[111.48547,-7.98059],[111.48519,-7.98055],[111.48537,-7.97864],[111.48777,-7.97879],[111.4877,-7.97567],[111.48914,-7.97598],[111.48938,-7.97232],[111.48733,-7.97138],[111.4871,-7.97178],[111.48449,-7.97187],[111.48411,-7.97163],[111.48418,-7.96974],[111.4839,-7.9697],[111.48317,-7.9697],[111.48283,-7.97224],[111.47927,-7.97192],[111.4793,-7.97103],[111.47748,-7.97058],[111.47599,-7.97083],[111.47655,-7.96751],[111.47629,-7.96729],[111.47579,-7.96749],[111.47198,-7.96727],[111.47139,-7.96691],[111.46963,-7.96671],[111.46874,-7.96733],[111.46864,-7.96847],[111.46814,-7.96853],[111.46819,-7.968],[111.46782,-7.96838],[111.46705,-7.96805],[111.46686,-7.96858],[111.46642,-7.96841],[111.46482,-7.96893],[111.46361,-7.96872],[111.46342,-7.96765],[111.46311,-7.96759],[111.46327,-7.96842],[111.45853,-7.96777],[111.4586,-7.96724],[111.45824,-7.9672],[111.45846,-7.96576],[111.45704,-7.9654],[111.45585,-7.96542],[111.45492,-7.96939],[111.45369,-7.96925],[111.45378,-7.96835],[111.45267,-7.9682],[111.45325,-7.96565],[111.45102,-7.96499],[111.45159,-7.96443],[111.45229,-7.9613]]]},"properties":{"KDPKAB":"35.02","KDCPUM":"35.02.03","WADMKK":"Ponorogo","WADMKC":"Bungkal"}},{"type":"Feature","geometry":{"type":"Polygon","coordinates":[[[111.51929,-7.93963],[111.51885,-7.93794],[111.5161,-7.93834],[111.51655,-7.94056],[111.51683,-7.94064],[111.51702,-7.94263],[111.51851,-7.94272],[111.51923,-7.94533],[111.52034,-7.94528],[111.52136,-7.94971],[111.52096,-7.94977],[111.52099,-7.95003],[111.52031,-7.95002],[111.51993,-7.94821],[111.51637,-7.94803],[111.51235,-7.94736],[111.51098,-7.95209],[111.51321,-7.95292],[111.51355,-7.95535],[111.5117,-7.95829],[111.50822,-7.95752],[111.50714,-7.95626],[111.50682,-7.95447],[111.50511,-7.95391],[111.50408,-7.95279],[111.50408,-7.95187],[111.50218,-7.95159],[111.49964,-7.95037],[111.49891,-7.94989],[111.49895,-7.94858],[111.49859,-7.94805],[111.49625,-7.94771],[111.49435,-7.94585],[111.4924,-7.95209],[111.4905,-7.95162],[111.49003,-7.95376],[111.49084,-7.95405],[111.49059,-7.95501],[111.48862,-7.95443],[111.48854,-7.95479],[111.48711,-7.95438],[111.48654,-7.95713],[111.48678,-7.9572],[111.48652,-7.95928],[111.48705,-7.95929],[111.48698,-7.96023],[111.48633,-7.96339],[111.48231,-7.96447],[111.48216,-7.96738],[111.47975,-7.96752],[111.47927,-7.97192],[111.48288,-7.97222],[111.48317,-7.9697],[111.4839,-7.9697],[111.48418,-7.96974],[111.48411,-7.97163],[111.48449,-7.97187],[111.4871,-7.97178],[111.48733,-7.97138],[111.48938,-7.97232],[111.48914,-7.97598],[111.4877,-7.97567],[111.48777,-7.97879],[111.48537,-7.97864],[111.48519,-7.98055],[111.48547,-7.98059],[111.48519,-7.98211],[111.48994,-7.98315],[111.48839,-7.99421],[111.48921,-7.99551],[111.49015,-7.99571],[111.4902,-7.99621],[111.49157,-7.99634],[111.49375,-8.00131],[111.49424,-8.00827],[111.49323,-8.00979],[111.49326,-8.01105],[111.49236,-8.01216],[111.49181,-8.01217],[111.49161,-8.01299],[111.49212,-8.016],[111.49301,-8.01819],[111.49493,-8.02128],[111.49498,-8.02188],[111.4944,-8.02266],[111.49287,-8.02362],[111.49152,-8.02608],[111.49246,-8.02561],[111.49171,-8.02709],[111.49174,-8.02917],[111.49323,-8.02828],[111.49349,-8.03066],[111.49288,-8.0335],[111.49179,-8.03632],[111.4903,-8.04179],[111.48983,-8.04841],[111.49087,-8.05169],[111.49197,-8.05205],[111.49366,-8.05182],[111.49458,-8.05033],[111.49579,-8.05004],[111.49841,-8.04829],[111.49955,-8.04801],[111.50047,-8.04857],[111.50353,-8.04876],[111.5046,-8.0494],[111.50775,-8.04989],[111.50772,-8.05041],[111.50924,-8.0508],[111.51226,-8.04729],[111.51764,-8.0458],[111.5188,-8.04574],[111.51947,-8.04657],[111.51921,-8.04713],[111.51979,-8.05125],[111.52045,-8.05276],[111.52178,-8.05272],[111.52268,-8.05332],[111.52362,-8.05324],[111.5244,-8.05367],[111.525,-8.05576],[111.52735,-8.05769],[111.52799,-8.05764],[111.53076,-8.05912],[111.53144,-8.05896],[111.53194,-8.05935],[111.5338,-8.05935],[111.53407,-8.06007],[111.53326,-8.06174],[111.53339,-8.06242],[111.53391,-8.06279],[111.53523,-8.06208],[111.5353,-8.0597],[111.53722,-8.05871],[111.53881,-8.05688],[111.53959,-8.05697],[111.53997,-8.05644],[111.54084,-8.05641],[111.54284,-8.05694],[111.54449,-8.05472],[111.54535,-8.05474],[111.54585,-8.05523],[111.54708,-8.05545],[111.54769,-8.05592],[111.54909,-8.05558],[111.55061,-8.05655],[111.55194,-8.05597],[111.55422,-8.05597],[111.55484,-8.05498],[111.55649,-8.05378],[111.5564,-8.05096],[111.55746,-8.04988],[111.5565,-8.04997],[111.55603,-8.04924],[111.55424,-8.04893],[111.55433,-8.04838],[111.55362,-8.04794],[111.55271,-8.04634],[111.55126,-8.04566],[111.55061,-8.04391],[111.54917,-8.04278],[111.54702,-8.04184],[111.54655,-8.04206],[111.54553,-8.0413],[111.5442,-8.04141],[111.54318,-8.04081],[111.54235,-8.04195],[111.54167,-8.04156],[111.54131,-8.04199],[111.53947,-8.04208],[111.53878,-8.0425],[111.53933,-8.04136],[111.54058,-8.04026],[111.54085,-8.03893],[111.53986,-8.0366],[111.53854,-8.03685],[111.53913,-8.03557],[111.53861,-8.03507],[111.53864,-8.03472],[111.53953,-8.03316],[111.53964,-8.03241],[111.53726,-8.02686],[111.53712,-8.02265],[111.5376,-8.02024],[111.53817,-8.01906],[111.53766,-8.01618],[111.54013,-8.00903],[111.53996,-8.00702],[111.53897,-8.00556],[111.53555,-8.00518],[111.53477,-8.00409],[111.53381,-7.99967],[111.5341,-7.99892],[111.53342,-7.99841],[111.53324,-7.99709],[111.53232,-7.98772],[111.53198,-7.97973],[111.52943,-7.97961],[111.52953,-7.97087],[111.52307,-7.97103],[111.52291,-7.96807],[111.52158,-7.96831],[111.52127,-7.96611],[111.51877,-7.96601],[111.5188,-7.96352],[111.52129,-7.96315],[111.527,-7.96378],[111.52782,-7.96463],[111.52903,-7.96485],[111.52939,-7.96451],[111.53042,-7.96531],[111.53077,-7.96489],[111.53082,-7.9664],[111.53185,-7.96644],[111.53192,-7.96678],[111.53232,-7.96683],[111.53596,-7.96686],[111.53608,-7.96894],[111.5367,-7.96874],[111.53846,-7.97107],[111.5389,-7.97095],[111.53892,-7.97015],[111.5411,-7.97045],[111.5412,-7.96891],[111.54089,-7.96867],[111.54073,-7.96545],[111.54107,-7.96508],[111.54151,-7.96511],[111.54145,-7.96432],[111.54193,-7.96349],[111.54461,-7.96268],[111.54498,-7.96364],[111.54556,-7.96388],[111.54594,-7.96275],[111.54556,-7.96227],[111.54504,-7.96226],[111.54525,-7.96147],[111.54565,-7.96128],[111.5476,-7.96174],[111.54772,-7.96043],[111.54451,-7.96011],[111.54377,-7.96069],[111.54246,-7.96066],[111.5409,-7.96045],[111.54083,-7.95986],[111.54007,-7.95998],[111.53999,-7.95971],[111.53899,-7.95959],[111.53868,-7.9589],[111.53887,-7.95876],[111.53811,-7.95746],[111.53896,-7.9557],[111.5388,-7.95491],[111.53816,-7.95476],[111.53758,-7.95472],[111.53759,-7.95514],[111.53685,-7.95514],[111.53692,-7.9557],[111.53567,-7.95633],[111.53327,-7.95625],[111.53297,-7.95707],[111.53185,-7.9571],[111.53126,-7.95195],[111.53156,-7.95174],[111.53144,-7.9511],[111.53222,-7.95073],[111.53178,-7.94975],[111.53105,-7.9502],[111.53042,-7.94932],[111.53101,-7.94909],[111.52929,-7.94394],[111.53139,-7.94287],[111.53327,-7.94344],[111.53379,-7.94327],[111.53279,-7.94012],[111.53257,-7.94044],[111.53147,-7.94062],[111.53149,-7.9412],[111.53048,-7.94107],[111.53064,-7.942],[111.52984,-7.94262],[111.5296,-7.9422],[111.52929,-7.94222],[111.52867,-7.94323],[111.52759,-7.94206],[111.52765,-7.94179],[111.52839,-7.94194],[111.52844,-7.94153],[111.52798,-7.9411],[111.52699,-7.94102],[111.52661,-7.94069],[111.52644,-7.94182],[111.52565,-7.94137],[111.52513,-7.93918],[111.52402,-7.94021],[111.52346,-7.94019],[111.5232,-7.93953],[111.52193,-7.93939],[111.52039,-7.9397],[111.51944,-7.94026],[111.51929,-7.93963]]]},"properties":{"KDPKAB":"35.02","KDCPUM":"35.02.04","WADMKK":"Ponorogo","WADMKC":"Sambit"}},{"type":"Feature","geometry":{"type":"Polygon","coordinates":[[[111.57486,-7.92434],[111.57242,-7.9218],[111.57156,-7.91971],[111.57154,-7.91925],[111.57208,-7.91897],[111.57185,-7.91841],[111.57154,-7.91843],[111.57082,-7.91877],[111.57049,-7.91977],[111.57095,-7.92101],[111.57031,-7.92177],[111.56866,-7.92265],[111.56773,-7.92371],[111.56812,-7.9244],[111.56687,-7.92409],[111.56639,-7.92351],[111.56506,-7.92374],[111.56498,-7.92417],[111.56426,-7.92397],[111.56282,-7.92514],[111.56164,-7.92519],[111.56105,-7.92572],[111.55902,-7.92495],[111.55832,-7.92567],[111.55762,-7.92556],[111.5569,-7.92596],[111.55631,-7.92682],[111.55563,-7.92715],[111.55524,-7.92707],[111.55469,-7.92611],[111.55345,-7.92635],[111.55218,-7.92617],[111.55179,-7.9266],[111.55214,-7.92726],[111.55196,-7.92791],[111.55143,-7.928],[111.55177,-7.92862],[111.55079,-7.92854],[111.55037,-7.92992],[111.55044,-7.93047],[111.55105,-7.93101],[111.55071,-7.93175],[111.54989,-7.93178],[111.54938,-7.93228],[111.548,-7.93186],[111.54744,-7.93285],[111.54586,-7.93275],[111.54446,-7.93427],[111.54288,-7.93379],[111.54202,-7.93432],[111.54195,-7.93507],[111.54163,-7.93528],[111.54102,-7.93498],[111.54086,-7.93574],[111.54024,-7.93567],[111.53983,-7.9364],[111.53891,-7.93553],[111.53803,-7.93625],[111.53766,-7.93622],[111.53715,-7.93692],[111.53672,-7.93683],[111.53625,-7.93758],[111.53548,-7.93716],[111.53507,-7.93746],[111.53451,-7.93694],[111.53371,-7.93834],[111.53313,-7.93844],[111.53317,-7.93919],[111.53246,-7.93954],[111.53379,-7.94327],[111.53327,-7.94344],[111.53139,-7.94287],[111.52929,-7.94394],[111.53101,-7.94909],[111.53042,-7.94932],[111.53105,-7.9502],[111.53178,-7.94975],[111.53222,-7.95073],[111.53144,-7.9511],[111.53156,-7.95174],[111.53126,-7.95195],[111.53185,-7.9571],[111.53297,-7.95707],[111.53327,-7.95625],[111.53567,-7.95633],[111.53692,-7.9557],[111.53685,-7.95514],[111.53759,-7.95514],[111.53758,-7.95472],[111.53816,-7.95476],[111.5388,-7.95491],[111.53896,-7.9557],[111.53811,-7.95746],[111.53887,-7.95876],[111.53868,-7.9589],[111.53899,-7.95959],[111.53999,-7.95971],[111.54007,-7.95998],[111.54083,-7.95986],[111.5409,-7.96045],[111.54246,-7.96066],[111.54377,-7.96069],[111.54451,-7.96011],[111.54772,-7.96043],[111.5476,-7.96174],[111.54565,-7.96128],[111.54525,-7.96147],[111.54504,-7.96226],[111.54556,-7.96227],[111.54594,-7.96275],[111.54556,-7.96388],[111.54498,-7.96364],[111.54461,-7.96268],[111.54261,-7.96313],[111.54164,-7.96388],[111.54151,-7.96511],[111.54107,-7.96508],[111.5407,-7.9658],[111.54089,-7.96867],[111.5412,-7.96891],[111.5411,-7.97045],[111.53892,-7.97015],[111.5389,-7.97095],[111.53826,-7.97102],[111.5367,-7.96874],[111.53608,-7.96894],[111.53596,-7.96686],[111.53232,-7.96683],[111.53192,-7.96678],[111.53185,-7.96644],[111.53082,-7.9664],[111.53077,-7.96489],[111.53042,-7.96531],[111.52939,-7.96451],[111.52861,-7.96482],[111.52763,-7.96457],[111.52713,-7.96382],[111.52501,-7.96351],[111.52129,-7.96315],[111.5188,-7.96352],[111.51877,-7.96601],[111.52127,-7.96611],[111.52158,-7.96831],[111.52291,-7.96807],[111.52307,-7.97103],[111.52953,-7.97087],[111.52943,-7.97961],[111.53198,-7.97973],[111.53232,-7.98772],[111.53324,-7.99709],[111.53342,-7.99841],[111.5341,-7.99892],[111.53381,-7.99967],[111.53477,-8.00409],[111.53555,-8.00518],[111.53897,-8.00556],[111.53996,-8.00702],[111.54013,-8.00903],[111.53766,-8.01618],[111.53817,-8.01906],[111.5376,-8.02024],[111.53712,-8.02265],[111.53726,-8.02686],[111.53964,-8.03241],[111.53953,-8.03316],[111.53864,-8.03472],[111.53861,-8.03507],[111.53913,-8.03557],[111.53854,-8.03685],[111.53986,-8.0366],[111.54085,-8.03893],[111.54058,-8.04026],[111.53933,-8.04136],[111.53878,-8.0425],[111.53947,-8.04208],[111.54131,-8.04199],[111.54167,-8.04156],[111.54235,-8.04195],[111.54318,-8.04081],[111.5442,-8.04141],[111.54553,-8.0413],[111.54655,-8.04206],[111.54702,-8.04184],[111.54917,-8.04278],[111.55061,-8.04391],[111.55126,-8.04566],[111.55271,-8.04634],[111.55362,-8.04794],[111.55433,-8.04838],[111.55424,-8.04893],[111.55603,-8.04924],[111.55664,-8.05],[111.56052,-8.04931],[111.56098,-8.04889],[111.56286,-8.04967],[111.5637,-8.04957],[111.56426,-8.0492],[111.56486,-8.04799],[111.56577,-8.04796],[111.56716,-8.04869],[111.56851,-8.04892],[111.57327,-8.04795],[111.57384,-8.04466],[111.57366,-8.0431],[111.57409,-8.04211],[111.57432,-8.04],[111.57679,-8.03858],[111.57747,-8.0371],[111.57768,-8.03562],[111.58261,-8.0266],[111.58273,-8.02572],[111.58337,-8.02514],[111.58668,-8.02361],[111.59046,-8.01938],[111.59498,-8.01847],[111.59625,-8.01754],[111.59713,-8.01871],[111.60185,-8.01826],[111.60575,-8.01944],[111.60627,-8.01935],[111.60778,-8.01816],[111.60726,-8.0178],[111.60704,-8.01687],[111.60637,-8.01607],[111.60861,-8.01508],[111.61177,-8.01167],[111.61296,-8.0116],[111.61515,-8.00979],[111.61744,-8.0094],[111.61858,-8.00849],[111.62318,-8.0065],[111.62404,-8.00704],[111.62436,-8.00828],[111.62484,-8.00859],[111.62592,-8.01092],[111.62859,-8.00917],[111.62988,-8.00789],[111.63108,-8.00754],[111.63177,-8.00668],[111.63254,-8.00479],[111.63304,-8.00462],[111.63376,-8.00353],[111.63611,-8.00215],[111.63723,-8.00208],[111.63799,-8.00249],[111.63929,-8.00326],[111.64145,-8.00535],[111.64429,-8.00485],[111.64544,-8.00319],[111.64771,-8.00378],[111.64847,-8.00743],[111.64686,-8.01546],[111.64718,-8.01729],[111.64827,-8.01931],[111.64816,-8.0209],[111.6489,-8.02194],[111.64933,-8.02173],[111.65064,-8.02214],[111.65096,-8.0214],[111.65165,-8.0214],[111.65319,-8.02058],[111.65358,-8.01946],[111.65332,-8.01885],[111.65379,-8.01819],[111.65373,-8.01726],[111.655,-8.01551],[111.65497,-8.01353],[111.65565,-8.01131],[111.65561,-8.00931],[111.65592,-8.0084],[111.65554,-8.00683],[111.65574,-8.00436],[111.65446,-8.00192],[111.65435,-8.00108],[111.65553,-7.99912],[111.65631,-7.99635],[111.65626,-7.99358],[111.65558,-7.99081],[111.65686,-7.98998],[111.65367,-7.98644],[111.65335,-7.98357],[111.65369,-7.98162],[111.6551,-7.98043],[111.65536,-7.97848],[111.65641,-7.97579],[111.65841,-7.97532],[111.66083,-7.97553],[111.66223,-7.97414],[111.66151,-7.97323],[111.66163,-7.97129],[111.6624,-7.97089],[111.6635,-7.96813],[111.66343,-7.96758],[111.66262,-7.96713],[111.65902,-7.96777],[111.65692,-7.96611],[111.65237,-7.96389],[111.6514,-7.96229],[111.65026,-7.96185],[111.64831,-7.96014],[111.64448,-7.96023],[111.64422,-7.96046],[111.64328,-7.96011],[111.64308,-7.96091],[111.64248,-7.96101],[111.64169,-7.96052],[111.64131,-7.96081],[111.64094,-7.96026],[111.63956,-7.95975],[111.63881,-7.95861],[111.6389,-7.95696],[111.63753,-7.95685],[111.63581,-7.95587],[111.63495,-7.95592],[111.6326,-7.95814],[111.63165,-7.95819],[111.63145,-7.95775],[111.63003,-7.95772],[111.63005,-7.95817],[111.62963,-7.95803],[111.62938,-7.95872],[111.62896,-7.95842],[111.62823,-7.95861],[111.6278,-7.95767],[111.62754,-7.95768],[111.62736,-7.95657],[111.62589,-7.95521],[111.62572,-7.95381],[111.62642,-7.95167],[111.6254,-7.95106],[111.62576,-7.9507],[111.62554,-7.95],[111.6261,-7.95016],[111.62615,-7.94971],[111.62518,-7.94908],[111.62532,-7.94861],[111.62485,-7.94789],[111.62512,-7.94719],[111.62483,-7.94674],[111.625,-7.94617],[111.62482,-7.94552],[111.62419,-7.94502],[111.6245,-7.94424],[111.62503,-7.94409],[111.62532,-7.94338],[111.62599,-7.94287],[111.62563,-7.94125],[111.62514,-7.94053],[111.62411,-7.94052],[111.62385,-7.93998],[111.62273,-7.93957],[111.62258,-7.93864],[111.62102,-7.93854],[111.62062,-7.93802],[111.62006,-7.93815],[111.6193,-7.93746],[111.61827,-7.93729],[111.61753,-7.93659],[111.61521,-7.93719],[111.61402,-7.93657],[111.61267,-7.9351],[111.61132,-7.93728],[111.61107,-7.93594],[111.61069,-7.93571],[111.60954,-7.93567],[111.60822,-7.93609],[111.6065,-7.93463],[111.60627,-7.93473],[111.6063,-7.93561],[111.6059,-7.93599],[111.60469,-7.93567],[111.6044,-7.93458],[111.60337,-7.93374],[111.60032,-7.93452],[111.60008,-7.93313],[111.59822,-7.93293],[111.59512,-7.93331],[111.59496,-7.93389],[111.59367,-7.93438],[111.59323,-7.93674],[111.59246,-7.93689],[111.59245,-7.93163],[111.59112,-7.9314],[111.58803,-7.93159],[111.58699,-7.9313],[111.58544,-7.93023],[111.58067,-7.93001],[111.57818,-7.92709],[111.57486,-7.92434]]]},"properties":{"KDPKAB":"35.02","KDCPUM":"35.02.05","WADMKK":"Ponorogo","WADMKC":"Sawoo"}},{"type":"Feature","geometry":{"type":"Polygon","coordinates":[[[111.66989,-7.88351],[111.66949,-7.88299],[111.66853,-7.88327],[111.66674,-7.88501],[111.66629,-7.88487],[111.66614,-7.88716],[111.66587,-7.88728],[111.6653,-7.88665],[111.66465,-7.88657],[111.66497,-7.88695],[111.66489,-7.88825],[111.6643,-7.88818],[111.66416,-7.88873],[111.66342,-7.88864],[111.66284,-7.88902],[111.66205,-7.89087],[111.66056,-7.89137],[111.65962,-7.89054],[111.65897,-7.89082],[111.65868,-7.89036],[111.65785,-7.89162],[111.65701,-7.89179],[111.65625,-7.89243],[111.65578,-7.89198],[111.65468,-7.89202],[111.65413,-7.89172],[111.65261,-7.8942],[111.65222,-7.89361],[111.65133,-7.89316],[111.65008,-7.89369],[111.64881,-7.89475],[111.64804,-7.89469],[111.64763,-7.89573],[111.64646,-7.89661],[111.64635,-7.89752],[111.64691,-7.89796],[111.64684,-7.8986],[111.64335,-7.89809],[111.64299,-7.89831],[111.64148,-7.89815],[111.64007,-7.8987],[111.63887,-7.8979],[111.63745,-7.89778],[111.63701,-7.89826],[111.63637,-7.89838],[111.63566,-7.89957],[111.63532,-7.89954],[111.63425,-7.9007],[111.63255,-7.90116],[111.63112,-7.90051],[111.63085,-7.90093],[111.63056,-7.90088],[111.63046,-7.90134],[111.62973,-7.90146],[111.63109,-7.9038],[111.62894,-7.90509],[111.62856,-7.90469],[111.62745,-7.90617],[111.6266,-7.90486],[111.62519,-7.90634],[111.62432,-7.90681],[111.6239,-7.90661],[111.62392,-7.90712],[111.62254,-7.90718],[111.62266,-7.90763],[111.6221,-7.90816],[111.622,-7.90883],[111.62094,-7.90965],[111.62122,-7.91002],[111.6204,-7.91026],[111.6201,-7.91096],[111.61979,-7.91068],[111.6197,-7.91149],[111.61859,-7.91191],[111.61752,-7.91151],[111.61778,-7.91245],[111.61672,-7.91339],[111.6171,-7.91421],[111.6168,-7.91492],[111.61711,-7.91555],[111.61616,-7.91707],[111.61583,-7.91675],[111.61416,-7.9173],[111.61304,-7.91724],[111.61274,-7.91766],[111.61222,-7.91767],[111.61165,-7.91845],[111.61141,-7.91833],[111.61077,-7.91917],[111.61002,-7.91898],[111.60928,-7.91942],[111.60876,-7.919],[111.6086,-7.91968],[111.60766,-7.91932],[111.60708,-7.92004],[111.6068,-7.92156],[111.60639,-7.92171],[111.60641,-7.92246],[111.6059,-7.92236],[111.6058,-7.9228],[111.60388,-7.92281],[111.60352,-7.92315],[111.60342,-7.92388],[111.60398,-7.9248],[111.60394,-7.92568],[111.60152,-7.9257],[111.60091,-7.92626],[111.60026,-7.92601],[111.5996,-7.93299],[111.60024,-7.93336],[111.60009,-7.93424],[111.60038,-7.93451],[111.60313,-7.93369],[111.6044,-7.93458],[111.60494,-7.93577],[111.60618,-7.93582],[111.6065,-7.93463],[111.60822,-7.93609],[111.60954,-7.93567],[111.61069,-7.93571],[111.61107,-7.93594],[111.61132,-7.93728],[111.61267,-7.9351],[111.61402,-7.93657],[111.61521,-7.93719],[111.61753,-7.93659],[111.61827,-7.93729],[111.6193,-7.93746],[111.62006,-7.93815],[111.62062,-7.93802],[111.62102,-7.93854],[111.62258,-7.93864],[111.62273,-7.93957],[111.62385,-7.93998],[111.62411,-7.94052],[111.62514,-7.94053],[111.62563,-7.94125],[111.62599,-7.94287],[111.62532,-7.94338],[111.62503,-7.94409],[111.6245,-7.94424],[111.62419,-7.94502],[111.62482,-7.94552],[111.625,-7.94617],[111.62483,-7.94674],[111.62512,-7.94719],[111.62485,-7.94789],[111.62532,-7.94861],[111.62518,-7.94908],[111.62615,-7.94971],[111.6261,-7.95016],[111.62554,-7.95],[111.62576,-7.9507],[111.6254,-7.95106],[111.62642,-7.95167],[111.62572,-7.95381],[111.62589,-7.95521],[111.62736,-7.95657],[111.62754,-7.95768],[111.6278,-7.95767],[111.62816,-7.95854],[111.62896,-7.95842],[111.62938,-7.95872],[111.62963,-7.95803],[111.63005,-7.95817],[111.63003,-7.95772],[111.63145,-7.95775],[111.63165,-7.95819],[111.6326,-7.95814],[111.63495,-7.95592],[111.63581,-7.95587],[111.63753,-7.95685],[111.6389,-7.95696],[111.63879,-7.95859],[111.63953,-7.95972],[111.64094,-7.96026],[111.64131,-7.96081],[111.64169,-7.96052],[111.64255,-7.96102],[111.64314,-7.96087],[111.64328,-7.96011],[111.64422,-7.96046],[111.64448,-7.96023],[111.64831,-7.96014],[111.64721,-7.95749],[111.64713,-7.9538],[111.6474,-7.95315],[111.64859,-7.95214],[111.6498,-7.94984],[111.64971,-7.94951],[111.65069,-7.94902],[111.65068,-7.94774],[111.65117,-7.94686],[111.65201,-7.94623],[111.65283,-7.94437],[111.65557,-7.94075],[111.65658,-7.94183],[111.65833,-7.94468],[111.65928,-7.94514],[111.66116,-7.94446],[111.66248,-7.9434],[111.6634,-7.94326],[111.66783,-7.94459],[111.67183,-7.94255],[111.67768,-7.94036],[111.68027,-7.9374],[111.6813,-7.93663],[111.68319,-7.93599],[111.68814,-7.93308],[111.68909,-7.93156],[111.69025,-7.93052],[111.69019,-7.92984],[111.69121,-7.9281],[111.69283,-7.92704],[111.69306,-7.92652],[111.69303,-7.92332],[111.69236,-7.92159],[111.69313,-7.91985],[111.69412,-7.91907],[111.69426,-7.91813],[111.69956,-7.91681],[111.69978,-7.91634],[111.70121,-7.91543],[111.70188,-7.91343],[111.7032,-7.91221],[111.70346,-7.91121],[111.7048,-7.91034],[111.70515,-7.90809],[111.70671,-7.90646],[111.70638,-7.90606],[111.70685,-7.90456],[111.7065,-7.90415],[111.70545,-7.90422],[111.70483,-7.90188],[111.70353,-7.90122],[111.70131,-7.90114],[111.69914,-7.89959],[111.69957,-7.89756],[111.70037,-7.89749],[111.701,-7.89644],[111.70025,-7.89515],[111.69902,-7.89425],[111.69827,-7.89193],[111.69686,-7.89139],[111.69674,-7.88991],[111.69614,-7.88822],[111.69504,-7.88785],[111.69382,-7.88833],[111.69343,-7.88819],[111.69206,-7.88923],[111.6911,-7.88869],[111.68799,-7.8901],[111.68671,-7.88995],[111.68589,-7.88889],[111.68477,-7.88856],[111.68411,-7.88909],[111.68372,-7.88877],[111.68301,-7.88901],[111.68294,-7.88864],[111.68012,-7.88917],[111.67933,-7.88946],[111.67932,-7.88991],[111.67671,-7.89005],[111.67602,-7.89039],[111.67467,-7.89009],[111.67416,-7.88941],[111.67569,-7.88727],[111.67569,-7.88582],[111.67519,-7.88536],[111.67392,-7.88585],[111.67394,-7.88504],[111.67367,-7.88474],[111.67293,-7.88481],[111.67261,-7.8839],[111.67127,-7.88439],[111.66998,-7.88392],[111.66989,-7.88351]]]},"properties":{"KDPKAB":"35.02","KDCPUM":"35.02.06","WADMKK":"Ponorogo","WADMKC":"Sooko"}},{"type":"Feature","geometry":{"type":"Polygon","coordinates":[[[111.75073,-7.79926],[111.7464,-7.79932],[111.74264,-7.80067],[111.73784,-7.80151],[111.73599,-7.80244],[111.73248,-7.80111],[111.73137,-7.80213],[111.72942,-7.80481],[111.72844,-7.80555],[111.72733,-7.80586],[111.72462,-7.80575],[111.72414,-7.80798],[111.72257,-7.80985],[111.7218,-7.81045],[111.71941,-7.81115],[111.7153,-7.81128],[111.71345,-7.8104],[111.71163,-7.80862],[111.71,-7.80818],[111.70882,-7.80728],[111.70478,-7.80806],[111.70181,-7.80736],[111.69718,-7.80536],[111.69029,-7.80984],[111.68897,-7.81108],[111.68869,-7.81182],[111.68864,-7.81271],[111.69071,-7.81697],[111.69188,-7.81867],[111.69241,-7.82193],[111.69151,-7.82362],[111.69056,-7.82744],[111.6889,-7.82951],[111.68797,-7.83279],[111.68671,-7.83352],[111.68401,-7.8337],[111.68242,-7.83424],[111.67951,-7.8364],[111.6721,-7.83651],[111.66467,-7.83761],[111.66154,-7.83628],[111.66069,-7.83539],[111.66032,-7.83421],[111.65849,-7.83326],[111.65794,-7.83254],[111.65666,-7.83182],[111.65426,-7.83153],[111.65306,-7.83196],[111.6499,-7.83207],[111.64891,-7.83244],[111.64387,-7.83305],[111.64001,-7.83152],[111.63459,-7.83091],[111.63401,-7.8306],[111.63312,-7.82862],[111.63231,-7.828],[111.63332,-7.8246],[111.63168,-7.82372],[111.63123,-7.82266],[111.63066,-7.8227],[111.63026,-7.82314],[111.62894,-7.82173],[111.62939,-7.82089],[111.62937,-7.81992],[111.62491,-7.82011],[111.62401,-7.8203],[111.62305,-7.82098],[111.6206,-7.82114],[111.61919,-7.82206],[111.6183,-7.82219],[111.61606,-7.82403],[111.61296,-7.82555],[111.60977,-7.82503],[111.60854,-7.82575],[111.6072,-7.82521],[111.60582,-7.82321],[111.60567,-7.8225],[111.60497,-7.82282],[111.60231,-7.82529],[111.6014,-7.83004],[111.60004,-7.83182],[111.59906,-7.83197],[111.59908,-7.83259],[111.59701,-7.83691],[111.59567,-7.83834],[111.59415,-7.8388],[111.5932,-7.83856],[111.59303,-7.83983],[111.59272,-7.83995],[111.5917,-7.83997],[111.58946,-7.84078],[111.58846,-7.84056],[111.58796,-7.84085],[111.58709,-7.84054],[111.58592,-7.84098],[111.58767,-7.84375],[111.58893,-7.84455],[111.58833,-7.84587],[111.58732,-7.84614],[111.5855,-7.85076],[111.58266,-7.8496],[111.58217,-7.84866],[111.58155,-7.84835],[111.58127,-7.84722],[111.57954,-7.84758],[111.57909,-7.84717],[111.57915,-7.84679],[111.5788,-7.84669],[111.5787,-7.84598],[111.5781,-7.84565],[111.57795,-7.84621],[111.57657,-7.84619],[111.57607,-7.84583],[111.57252,-7.84587],[111.57047,-7.84421],[111.56897,-7.84417],[111.56874,-7.84443],[111.56919,-7.84508],[111.57004,-7.84549],[111.56996,-7.84591],[111.56891,-7.84684],[111.57032,-7.84704],[111.57133,-7.84837],[111.57228,-7.84794],[111.57314,-7.84856],[111.57343,-7.84958],[111.57419,-7.85038],[111.57347,-7.85069],[111.57346,-7.85102],[111.57494,-7.85286],[111.57422,-7.85445],[111.57593,-7.8552],[111.57503,-7.85722],[111.57385,-7.85876],[111.57393,-7.85989],[111.57193,-7.86096],[111.57197,-7.86146],[111.57326,-7.86277],[111.57366,-7.86378],[111.57285,-7.86431],[111.57221,-7.86389],[111.56938,-7.86355],[111.56932,-7.86406],[111.56896,-7.86423],[111.56731,-7.86389],[111.56378,-7.86442],[111.5627,-7.86539],[111.5614,-7.8652],[111.56078,-7.86782],[111.55962,-7.86751],[111.55841,-7.86945],[111.55806,-7.8687],[111.55733,-7.8687],[111.5561,-7.86961],[111.55614,-7.87016],[111.55656,-7.87016],[111.55651,-7.87123],[111.55684,-7.8714],[111.55617,-7.8727],[111.55772,-7.87377],[111.55892,-7.87359],[111.55999,-7.87401],[111.56146,-7.87372],[111.56329,-7.87433],[111.56461,-7.87608],[111.56689,-7.87817],[111.56935,-7.87808],[111.5699,-7.87712],[111.57205,-7.87717],[111.57525,-7.88128],[111.57699,-7.88127],[111.57762,-7.88219],[111.58007,-7.88153],[111.5805,-7.88168],[111.58146,-7.88315],[111.58319,-7.88359],[111.58166,-7.88446],[111.57787,-7.88502],[111.57713,-7.88483],[111.57399,-7.886],[111.57121,-7.88622],[111.56957,-7.88705],[111.56785,-7.8871],[111.566,-7.88786],[111.56339,-7.88776],[111.55918,-7.88827],[111.55572,-7.88957],[111.55719,-7.89218],[111.55892,-7.89263],[111.5587,-7.89377],[111.55988,-7.89454],[111.55872,-7.8955],[111.55869,-7.89814],[111.55767,-7.89847],[111.55527,-7.90054],[111.55374,-7.90144],[111.55252,-7.90139],[111.55222,-7.90175],[111.55348,-7.90355],[111.55492,-7.90419],[111.55503,-7.90524],[111.55643,-7.90552],[111.55696,-7.90595],[111.55694,-7.90675],[111.55629,-7.90789],[111.55653,-7.91088],[111.55731,-7.91194],[111.55708,-7.91266],[111.55885,-7.91194],[111.5596,-7.91216],[111.56063,-7.91193],[111.5616,-7.91051],[111.56314,-7.90984],[111.56624,-7.9103],[111.56664,-7.9112],[111.56649,-7.91324],[111.56482,-7.91375],[111.56534,-7.9153],[111.5661,-7.91525],[111.56649,-7.91608],[111.56689,-7.9162],[111.56814,-7.91578],[111.56897,-7.91727],[111.56952,-7.91685],[111.57082,-7.91659],[111.57267,-7.91514],[111.57272,-7.91673],[111.57213,-7.91758],[111.57216,-7.91889],[111.57154,-7.91925],[111.57203,-7.92103],[111.57285,-7.92236],[111.57535,-7.92488],[111.57818,-7.92709],[111.58067,-7.93001],[111.58544,-7.93023],[111.58699,-7.9313],[111.58803,-7.93159],[111.59112,-7.9314],[111.59245,-7.93163],[111.59246,-7.93689],[111.59323,-7.93674],[111.59367,-7.93438],[111.59496,-7.93389],[111.59512,-7.93331],[111.59747,-7.93291],[111.60007,-7.93313],[111.5996,-7.93299],[111.60026,-7.92601],[111.60091,-7.92626],[111.60152,-7.9257],[111.60394,-7.92568],[111.60398,-7.9248],[111.60342,-7.92388],[111.60352,-7.92315],[111.60388,-7.92281],[111.6058,-7.9228],[111.6059,-7.92236],[111.60641,-7.92246],[111.60639,-7.92171],[111.6068,-7.92156],[111.60708,-7.92004],[111.60766,-7.91932],[111.6086,-7.91968],[111.60876,-7.919],[111.60928,-7.91942],[111.61002,-7.91898],[111.61077,-7.91917],[111.61141,-7.91833],[111.61165,-7.91845],[111.61222,-7.91767],[111.61274,-7.91766],[111.61304,-7.91724],[111.61416,-7.9173],[111.61583,-7.91675],[111.61616,-7.91707],[111.61711,-7.91555],[111.6168,-7.91492],[111.6171,-7.91421],[111.61672,-7.91339],[111.61778,-7.91245],[111.61752,-7.91151],[111.61859,-7.91191],[111.6197,-7.91149],[111.61979,-7.91068],[111.6201,-7.91096],[111.6204,-7.91026],[111.62122,-7.91002],[111.62094,-7.90965],[111.622,-7.90883],[111.6221,-7.90816],[111.62266,-7.90763],[111.62254,-7.90718],[111.62392,-7.90712],[111.6239,-7.90661],[111.62432,-7.90681],[111.62519,-7.90634],[111.6266,-7.90486],[111.62745,-7.90617],[111.62856,-7.90469],[111.62894,-7.90509],[111.63109,-7.9038],[111.62973,-7.90146],[111.63046,-7.90134],[111.63056,-7.90088],[111.63085,-7.90093],[111.63114,-7.90051],[111.63257,-7.90117],[111.63425,-7.9007],[111.63532,-7.89954],[111.63566,-7.89957],[111.63637,-7.89838],[111.63701,-7.89826],[111.63745,-7.89778],[111.63887,-7.8979],[111.64007,-7.8987],[111.64148,-7.89815],[111.64299,-7.89831],[111.64335,-7.89809],[111.64684,-7.8986],[111.64691,-7.89796],[111.64635,-7.89752],[111.64646,-7.89661],[111.64763,-7.89573],[111.6481,-7.89465],[111.64881,-7.89475],[111.65008,-7.89369],[111.65133,-7.89316],[111.65222,-7.89361],[111.65261,-7.8942],[111.65413,-7.89172],[111.65468,-7.89202],[111.65578,-7.89198],[111.65625,-7.89243],[111.65701,-7.89179],[111.65785,-7.89162],[111.65868,-7.89036],[111.65897,-7.89082],[111.65962,-7.89054],[111.66056,-7.89137],[111.66205,-7.89087],[111.66284,-7.88902],[111.66342,-7.88864],[111.66416,-7.88873],[111.6643,-7.88818],[111.66489,-7.88825],[111.66497,-7.88695],[111.66465,-7.88657],[111.6652,-7.8866],[111.66605,-7.88724],[111.66634,-7.88674],[111.66623,-7.88495],[111.66674,-7.88501],[111.66849,-7.88329],[111.66949,-7.88299],[111.66996,-7.88353],[111.67053,-7.88295],[111.67158,-7.88357],[111.67207,-7.88314],[111.67292,-7.88345],[111.67307,-7.8826],[111.67347,-7.88265],[111.67372,-7.88221],[111.67432,-7.88218],[111.67466,-7.88169],[111.67634,-7.88092],[111.67684,-7.88102],[111.67784,-7.8823],[111.67833,-7.88225],[111.67937,-7.88115],[111.67982,-7.88126],[111.67975,-7.88012],[111.6811,-7.8794],[111.68265,-7.87726],[111.68383,-7.87718],[111.68487,-7.87582],[111.68583,-7.87533],[111.68696,-7.87584],[111.68782,-7.87539],[111.68893,-7.87414],[111.69004,-7.87407],[111.69104,-7.87359],[111.69178,-7.87287],[111.69222,-7.87043],[111.69131,-7.8704],[111.69224,-7.86768],[111.69166,-7.86759],[111.69122,-7.86675],[111.69081,-7.86672],[111.69087,-7.86556],[111.69125,-7.8648],[111.68846,-7.86444],[111.68749,-7.86352],[111.6865,-7.86337],[111.68615,-7.86222],[111.68692,-7.86202],[111.68711,-7.86139],[111.68839,-7.8603],[111.68891,-7.85916],[111.6894,-7.85881],[111.6895,-7.85802],[111.69099,-7.85725],[111.69162,-7.85515],[111.69427,-7.85363],[111.69491,-7.85213],[111.69536,-7.85206],[111.69627,-7.85102],[111.69676,-7.85078],[111.69723,-7.85106],[111.69759,-7.85079],[111.69783,-7.85038],[111.69767,-7.84986],[111.69866,-7.84909],[111.69907,-7.84798],[111.70117,-7.84708],[111.70152,-7.84658],[111.70242,-7.84671],[111.7038,-7.8463],[111.70447,-7.84673],[111.70558,-7.84624],[111.70659,-7.84463],[111.70721,-7.84483],[111.70766,-7.84393],[111.70909,-7.84305],[111.70914,-7.8412],[111.70993,-7.84074],[111.70986,-7.84],[111.71113,-7.84015],[111.71147,-7.83962],[111.71216,-7.8394],[111.71204,-7.83893],[111.71422,-7.83939],[111.71489,-7.83163],[111.71681,-7.83],[111.71926,-7.82721],[111.7216,-7.82688],[111.72494,-7.82579],[111.73013,-7.82555],[111.73528,-7.82598],[111.73859,-7.82573],[111.74137,-7.82624],[111.74502,-7.82744],[111.74862,-7.82594],[111.75057,-7.82559],[111.75352,-7.82215],[111.75683,-7.82056],[111.75922,-7.81683],[111.76011,-7.81311],[111.75987,-7.81248],[111.7584,-7.81097],[111.75783,-7.80976],[111.75651,-7.80659],[111.75647,-7.8047],[111.75603,-7.80377],[111.75438,-7.80217],[111.75191,-7.80081],[111.75073,-7.79926]]]},"properties":{"KDPKAB":"35.02","KDCPUM":"35.02.07","WADMKK":"Ponorogo","WADMKC":"Pulung"}},{"type":"Feature","geometry":{"type":"Polygon","coordinates":[[[111.55566,-7.89246],[111.55421,-7.89202],[111.55211,-7.89364],[111.55061,-7.8939],[111.55077,-7.89604],[111.54478,-7.89584],[111.54292,-7.89617],[111.54127,-7.89699],[111.53655,-7.89834],[111.53584,-7.89897],[111.53436,-7.90223],[111.53464,-7.90332],[111.53524,-7.90346],[111.53519,-7.90393],[111.53205,-7.90547],[111.53023,-7.90542],[111.52622,-7.90644],[111.52293,-7.90582],[111.523,-7.9053],[111.52241,-7.90518],[111.51892,-7.90544],[111.51886,-7.90497],[111.51725,-7.90477],[111.51731,-7.90324],[111.51626,-7.90299],[111.51601,-7.90301],[111.51593,-7.90355],[111.51337,-7.90308],[111.5132,-7.90491],[111.51148,-7.90472],[111.51004,-7.90513],[111.50729,-7.90506],[111.5054,-7.90544],[111.50516,-7.90579],[111.50388,-7.90517],[111.50234,-7.90508],[111.5023,-7.90541],[111.50168,-7.90561],[111.49997,-7.90573],[111.49662,-7.90502],[111.49484,-7.90521],[111.49447,-7.90477],[111.49455,-7.90398],[111.49273,-7.90444],[111.49296,-7.90345],[111.48708,-7.9029],[111.48553,-7.90828],[111.48607,-7.90826],[111.4861,-7.90777],[111.48653,-7.90777],[111.48681,-7.9083],[111.49226,-7.90888],[111.4925,-7.9071],[111.4935,-7.90711],[111.49372,-7.90959],[111.4931,-7.91402],[111.48658,-7.91291],[111.4866,-7.91239],[111.48606,-7.91227],[111.48427,-7.9125],[111.48504,-7.90998],[111.48461,-7.90983],[111.48118,-7.90954],[111.48115,-7.90887],[111.47762,-7.90927],[111.47561,-7.90929],[111.47529,-7.90892],[111.47496,-7.90928],[111.47463,-7.9088],[111.4747,-7.9077],[111.47222,-7.90752],[111.47266,-7.90967],[111.47237,-7.90966],[111.47244,-7.91077],[111.47219,-7.91114],[111.4727,-7.91117],[111.47205,-7.91292],[111.4733,-7.91345],[111.47321,-7.91429],[111.47689,-7.91485],[111.47761,-7.91557],[111.4774,-7.91732],[111.48149,-7.91778],[111.48162,-7.91689],[111.48282,-7.91714],[111.4797,-7.92707],[111.47899,-7.92824],[111.48009,-7.92962],[111.48106,-7.92958],[111.48119,-7.92903],[111.48327,-7.92858],[111.48384,-7.927],[111.48414,-7.927],[111.48411,-7.92584],[111.48464,-7.92651],[111.48577,-7.92665],[111.48554,-7.92794],[111.48668,-7.92833],[111.48695,-7.92928],[111.48755,-7.92962],[111.48764,-7.93024],[111.48725,-7.93065],[111.48846,-7.93145],[111.48896,-7.93116],[111.48973,-7.93127],[111.49055,-7.93081],[111.492,-7.9313],[111.49283,-7.93069],[111.49395,-7.93102],[111.49482,-7.93056],[111.4957,-7.93078],[111.49649,-7.9304],[111.49669,-7.92969],[111.49855,-7.92916],[111.49893,-7.93047],[111.49995,-7.93125],[111.50114,-7.93163],[111.50302,-7.9316],[111.50387,-7.93199],[111.5047,-7.93174],[111.50458,-7.93571],[111.50395,-7.93585],[111.50405,-7.93849],[111.51017,-7.93939],[111.51078,-7.94226],[111.513,-7.94258],[111.51295,-7.94364],[111.5152,-7.9428],[111.517,-7.94295],[111.51683,-7.94064],[111.51655,-7.94056],[111.5161,-7.93834],[111.51885,-7.93794],[111.51944,-7.94026],[111.52039,-7.9397],[111.52193,-7.93939],[111.5232,-7.93953],[111.52346,-7.94019],[111.52402,-7.94021],[111.52513,-7.93918],[111.52565,-7.94137],[111.52644,-7.94182],[111.52661,-7.94069],[111.52699,-7.94102],[111.52798,-7.9411],[111.52844,-7.94153],[111.52839,-7.94194],[111.52765,-7.94179],[111.52759,-7.94206],[111.52872,-7.94322],[111.52929,-7.94222],[111.5296,-7.9422],[111.52984,-7.94262],[111.53064,-7.942],[111.53055,-7.94102],[111.53149,-7.9412],[111.53147,-7.94062],[111.53272,-7.94036],[111.53248,-7.93945],[111.53317,-7.93919],[111.53313,-7.93844],[111.53371,-7.93834],[111.53451,-7.93694],[111.53507,-7.93746],[111.53548,-7.93716],[111.53625,-7.93758],[111.53672,-7.93683],[111.53715,-7.93692],[111.53766,-7.93622],[111.53803,-7.93625],[111.53891,-7.93553],[111.53983,-7.9364],[111.54024,-7.93567],[111.54086,-7.93574],[111.54102,-7.93498],[111.54163,-7.93528],[111.54195,-7.93507],[111.54202,-7.93432],[111.54288,-7.93379],[111.54446,-7.93427],[111.54586,-7.93275],[111.54744,-7.93285],[111.548,-7.93186],[111.54938,-7.93228],[111.54989,-7.93178],[111.55071,-7.93175],[111.55105,-7.93101],[111.55044,-7.93047],[111.55037,-7.92992],[111.55079,-7.92854],[111.55177,-7.92862],[111.55143,-7.928],[111.55196,-7.92791],[111.55214,-7.92726],[111.55179,-7.9266],[111.55218,-7.92617],[111.55345,-7.92635],[111.55469,-7.92611],[111.55524,-7.92707],[111.55563,-7.92715],[111.55631,-7.92682],[111.5569,-7.92596],[111.55762,-7.92556],[111.55832,-7.92567],[111.55902,-7.92495],[111.56105,-7.92572],[111.56164,-7.92519],[111.56282,-7.92514],[111.56426,-7.92397],[111.56498,-7.92417],[111.56506,-7.92374],[111.56639,-7.92351],[111.56687,-7.92409],[111.56812,-7.9244],[111.56773,-7.92371],[111.56866,-7.92265],[111.57031,-7.92177],[111.57095,-7.92101],[111.57048,-7.91988],[111.57082,-7.91877],[111.57175,-7.9184],[111.57216,-7.91889],[111.57213,-7.91758],[111.57272,-7.91673],[111.57267,-7.91514],[111.57082,-7.91659],[111.56952,-7.91685],[111.56897,-7.91727],[111.56814,-7.91578],[111.56689,-7.9162],[111.56649,-7.91608],[111.5661,-7.91525],[111.56555,-7.91543],[111.56523,-7.91519],[111.56482,-7.91375],[111.56649,-7.91324],[111.56664,-7.9112],[111.56624,-7.9103],[111.56314,-7.90984],[111.5616,-7.91051],[111.56063,-7.91193],[111.5596,-7.91216],[111.55885,-7.91194],[111.55708,-7.91266],[111.55731,-7.91194],[111.55653,-7.91088],[111.55629,-7.90789],[111.55694,-7.90675],[111.55696,-7.90595],[111.55643,-7.90552],[111.55503,-7.90524],[111.55492,-7.90419],[111.55348,-7.90355],[111.55222,-7.90175],[111.55252,-7.90139],[111.55374,-7.90144],[111.55527,-7.90054],[111.55767,-7.89847],[111.55869,-7.89814],[111.55872,-7.8955],[111.55984,-7.89436],[111.5587,-7.89377],[111.55884,-7.89259],[111.5569,-7.89216],[111.55566,-7.89246]]]},"properties":{"KDPKAB":"35.02","KDCPUM":"35.02.08","WADMKK":"Ponorogo","WADMKC":"Mlarak"}},{"type":"Feature","geometry":{"type":"Polygon","coordinates":[[[111.46812,-7.9059],[111.46716,-7.90561],[111.46676,-7.90728],[111.46568,-7.9069],[111.46537,-7.9079],[111.46402,-7.90804],[111.46426,-7.90877],[111.46381,-7.90904],[111.46379,-7.9113],[111.46518,-7.91133],[111.46579,-7.91331],[111.45463,-7.91159],[111.45512,-7.9128],[111.45489,-7.91503],[111.45606,-7.91676],[111.45674,-7.91527],[111.4613,-7.91611],[111.46555,-7.91633],[111.46545,-7.92054],[111.46372,-7.92077],[111.46359,-7.92199],[111.45943,-7.92166],[111.4588,-7.92264],[111.45462,-7.92175],[111.45413,-7.92246],[111.45458,-7.92374],[111.45776,-7.92387],[111.45827,-7.92422],[111.45836,-7.92356],[111.45943,-7.92375],[111.45997,-7.92582],[111.45976,-7.92685],[111.45998,-7.92806],[111.4614,-7.92843],[111.46131,-7.92888],[111.46073,-7.9288],[111.46008,-7.93045],[111.45698,-7.92905],[111.454,-7.92838],[111.45349,-7.9297],[111.45199,-7.93087],[111.45115,-7.93207],[111.45099,-7.93309],[111.45154,-7.93366],[111.45105,-7.9346],[111.45116,-7.93532],[111.45029,-7.9355],[111.44975,-7.93677],[111.4499,-7.93704],[111.45074,-7.937],[111.4515,-7.93789],[111.45138,-7.93848],[111.45098,-7.93868],[111.45138,-7.93935],[111.45085,-7.94071],[111.45183,-7.94195],[111.45147,-7.94304],[111.45175,-7.94351],[111.45058,-7.945],[111.45059,-7.94625],[111.45347,-7.94672],[111.45408,-7.94446],[111.45739,-7.94466],[111.45697,-7.94746],[111.45642,-7.94733],[111.45612,-7.94885],[111.45901,-7.95036],[111.46144,-7.95114],[111.46111,-7.95224],[111.46148,-7.95243],[111.4614,-7.95319],[111.46191,-7.95353],[111.46174,-7.95429],[111.46816,-7.95553],[111.46702,-7.95848],[111.46313,-7.95756],[111.46306,-7.95795],[111.45895,-7.95718],[111.45982,-7.95793],[111.46039,-7.95966],[111.46033,-7.96168],[111.46088,-7.96514],[111.4634,-7.96821],[111.46297,-7.96761],[111.46342,-7.96765],[111.46361,-7.96872],[111.46492,-7.96893],[111.46642,-7.96841],[111.46686,-7.96858],[111.46705,-7.96805],[111.46788,-7.96836],[111.46806,-7.96797],[111.46814,-7.96853],[111.46864,-7.96847],[111.46874,-7.96733],[111.46963,-7.96671],[111.47139,-7.96691],[111.47198,-7.96727],[111.47579,-7.96749],[111.47629,-7.96729],[111.47655,-7.96751],[111.47599,-7.97083],[111.47739,-7.97057],[111.47953,-7.97101],[111.47975,-7.96752],[111.48216,-7.96738],[111.48231,-7.96447],[111.48633,-7.96339],[111.48698,-7.96023],[111.48705,-7.95929],[111.48652,-7.95928],[111.48678,-7.9572],[111.48654,-7.95713],[111.48711,-7.95438],[111.48854,-7.95479],[111.48862,-7.95443],[111.49059,-7.95501],[111.49084,-7.95405],[111.49003,-7.95376],[111.4905,-7.95162],[111.4924,-7.95209],[111.49435,-7.94585],[111.49625,-7.94771],[111.49859,-7.94805],[111.49895,-7.94858],[111.49891,-7.94989],[111.49964,-7.95037],[111.50218,-7.95159],[111.50408,-7.95187],[111.50408,-7.95279],[111.50511,-7.95391],[111.50682,-7.95447],[111.50714,-7.95626],[111.50822,-7.95752],[111.51124,-7.95832],[111.51208,-7.95797],[111.51353,-7.9555],[111.51321,-7.95292],[111.51098,-7.95209],[111.51235,-7.94736],[111.51637,-7.94803],[111.51993,-7.94821],[111.52031,-7.95002],[111.52099,-7.95003],[111.52096,-7.94977],[111.52136,-7.94971],[111.52034,-7.94528],[111.51923,-7.94533],[111.51851,-7.94272],[111.5152,-7.9428],[111.51295,-7.94364],[111.513,-7.94258],[111.51078,-7.94226],[111.51017,-7.93939],[111.50405,-7.93849],[111.50395,-7.93585],[111.50458,-7.93571],[111.5047,-7.93174],[111.50387,-7.93199],[111.50302,-7.9316],[111.50114,-7.93163],[111.49995,-7.93125],[111.49893,-7.93047],[111.49855,-7.92916],[111.49669,-7.92969],[111.49649,-7.9304],[111.4957,-7.93078],[111.49482,-7.93056],[111.49395,-7.93102],[111.49283,-7.93069],[111.492,-7.9313],[111.49055,-7.93081],[111.48973,-7.93127],[111.48896,-7.93116],[111.48846,-7.93145],[111.48725,-7.93065],[111.48764,-7.93024],[111.48755,-7.92962],[111.48695,-7.92928],[111.48668,-7.92833],[111.48554,-7.92794],[111.48577,-7.92665],[111.48464,-7.92651],[111.48411,-7.92584],[111.48414,-7.927],[111.48384,-7.927],[111.48327,-7.92858],[111.48119,-7.92903],[111.48106,-7.92958],[111.48023,-7.9297],[111.47953,-7.92923],[111.47879,-7.92802],[111.47674,-7.92749],[111.47674,-7.92706],[111.47775,-7.92639],[111.47752,-7.92552],[111.47636,-7.92522],[111.47505,-7.92626],[111.47468,-7.92545],[111.47541,-7.92455],[111.4757,-7.9232],[111.475,-7.92303],[111.47385,-7.92344],[111.47305,-7.9233],[111.47237,-7.92138],[111.47253,-7.9205],[111.47428,-7.91935],[111.47303,-7.91884],[111.47177,-7.9192],[111.47205,-7.91845],[111.47164,-7.91796],[111.46981,-7.91831],[111.46949,-7.91743],[111.46859,-7.91689],[111.46861,-7.91437],[111.46899,-7.91378],[111.47005,-7.91334],[111.46978,-7.91193],[111.47052,-7.91045],[111.46923,-7.90667],[111.46876,-7.90605],[111.46812,-7.9059]]]},"properties":{"KDPKAB":"35.02","KDCPUM":"35.02.09","WADMKK":"Ponorogo","WADMKC":"Jetis"}},{"type":"Feature","geometry":{"type":"MultiPolygon","coordinates":[[[[111.49325,-7.86018],[111.49314,-7.85581],[111.48849,-7.8565],[111.48873,-7.85789],[111.48623,-7.85795],[111.48556,-7.86674],[111.48818,-7.86664],[111.48822,-7.86746],[111.49002,-7.8674],[111.48994,-7.86862],[111.49019,-7.86873],[111.49166,-7.86809],[111.49172,-7.86736],[111.49247,-7.86693],[111.4937,-7.86754],[111.49369,-7.86951],[111.49393,-7.86966],[111.49713,-7.86959],[111.49717,-7.8705],[111.49663,-7.87053],[111.49672,-7.8732],[111.49624,-7.8732],[111.49618,-7.87253],[111.49299,-7.87257],[111.49299,-7.87294],[111.49149,-7.87297],[111.49147,-7.87221],[111.4885,-7.87228],[111.48826,-7.87344],[111.48665,-7.8737],[111.4868,-7.87684],[111.48763,-7.88187],[111.48753,-7.88295],[111.4881,-7.88345],[111.48828,-7.88544],[111.48734,-7.88577],[111.48753,-7.8881],[111.48786,-7.8881],[111.48786,-7.89042],[111.48665,-7.89059],[111.48647,-7.8909],[111.48651,-7.8896],[111.48566,-7.88956],[111.48572,-7.8899],[111.48497,-7.89],[111.4849,-7.88824],[111.48349,-7.88833],[111.48349,-7.88943],[111.48254,-7.88962],[111.48255,-7.88986],[111.48061,-7.88997],[111.48059,-7.88897],[111.47921,-7.88891],[111.47918,-7.88679],[111.48225,-7.88468],[111.481,-7.88485],[111.47896,-7.88384],[111.47794,-7.88498],[111.47701,-7.88504],[111.47687,-7.88536],[111.47584,-7.88575],[111.47553,-7.88637],[111.47387,-7.8866],[111.47368,-7.88733],[111.47258,-7.88731],[111.47226,-7.88757],[111.47112,-7.88726],[111.47034,-7.88776],[111.46904,-7.88729],[111.46865,-7.888],[111.46827,-7.8877],[111.4678,-7.88799],[111.46151,-7.88724],[111.46184,-7.89793],[111.45727,-7.89719],[111.45375,-7.89706],[111.45439,-7.89825],[111.45371,-7.90074],[111.45419,-7.90103],[111.45419,-7.90379],[111.45461,-7.90449],[111.45437,-7.90582],[111.45454,-7.90636],[111.45585,-7.90639],[111.45622,-7.90669],[111.45608,-7.90828],[111.45541,-7.90917],[111.456,-7.90966],[111.45599,-7.91005],[111.45473,-7.9115],[111.46579,-7.91331],[111.46518,-7.91133],[111.46379,-7.9113],[111.46381,-7.90904],[111.46426,-7.90877],[111.46402,-7.90804],[111.46537,-7.9079],[111.46568,-7.9069],[111.46676,-7.90728],[111.46716,-7.90561],[111.46876,-7.90605],[111.46931,-7.90685],[111.47053,-7.91056],[111.46978,-7.91193],[111.47005,-7.91334],[111.46899,-7.91378],[111.46861,-7.91437],[111.46862,-7.91696],[111.4694,-7.91732],[111.46981,-7.91831],[111.47164,-7.91796],[111.47205,-7.91845],[111.47177,-7.9192],[111.47303,-7.91884],[111.47428,-7.91935],[111.47253,-7.9205],[111.47237,-7.92138],[111.47284,-7.92307],[111.47371,-7.92345],[111.47561,-7.92311],[111.47566,-7.92391],[111.47475,-7.92517],[111.47473,-7.92592],[111.47516,-7.92629],[111.47671,-7.92513],[111.47741,-7.92546],[111.47779,-7.92626],[111.47674,-7.92706],[111.47674,-7.92749],[111.47835,-7.92781],[111.47899,-7.92824],[111.4797,-7.92707],[111.48282,-7.91714],[111.48162,-7.91689],[111.48149,-7.91778],[111.4774,-7.91732],[111.47761,-7.91557],[111.47671,-7.91471],[111.47321,-7.91429],[111.4733,-7.91345],[111.47205,-7.91292],[111.4727,-7.91117],[111.47219,-7.91114],[111.47244,-7.91077],[111.47237,-7.90966],[111.47266,-7.90967],[111.47222,-7.90752],[111.4747,-7.9077],[111.47463,-7.9088],[111.47496,-7.90928],[111.47529,-7.90892],[111.47561,-7.90929],[111.47762,-7.90927],[111.48115,-7.90887],[111.48118,-7.90954],[111.48461,-7.90983],[111.48504,-7.90998],[111.48427,-7.9125],[111.48606,-7.91227],[111.4866,-7.91239],[111.48658,-7.91291],[111.4931,-7.91402],[111.49372,-7.90959],[111.4935,-7.90711],[111.4925,-7.9071],[111.49226,-7.90888],[111.48681,-7.9083],[111.48653,-7.90777],[111.4861,-7.90777],[111.48607,-7.90826],[111.48553,-7.90828],[111.48708,-7.9029],[111.49296,-7.90345],[111.49273,-7.90444],[111.49455,-7.90398],[111.49447,-7.90477],[111.49484,-7.90521],[111.49662,-7.90502],[111.49997,-7.90573],[111.50168,-7.90561],[111.5023,-7.90541],[111.50234,-7.90508],[111.50388,-7.90517],[111.50516,-7.90579],[111.5054,-7.90544],[111.50729,-7.90506],[111.51004,-7.90513],[111.51148,-7.90472],[111.5132,-7.90491],[111.51337,-7.90308],[111.51593,-7.90355],[111.51601,-7.90301],[111.51626,-7.90299],[111.51731,-7.90324],[111.51725,-7.90477],[111.51886,-7.90497],[111.51892,-7.90544],[111.52241,-7.90518],[111.523,-7.9053],[111.52293,-7.90582],[111.52622,-7.90644],[111.53023,-7.90542],[111.53205,-7.90547],[111.53519,-7.90393],[111.53524,-7.90346],[111.53464,-7.90332],[111.53436,-7.90223],[111.53584,-7.89897],[111.53655,-7.89834],[111.54127,-7.89699],[111.54292,-7.89617],[111.54478,-7.89584],[111.55077,-7.89604],[111.55061,-7.8939],[111.55211,-7.89364],[111.55421,-7.89202],[111.55581,-7.89248],[111.55719,-7.89218],[111.55572,-7.88957],[111.55645,-7.88918],[111.56033,-7.88805],[111.566,-7.88786],[111.56785,-7.8871],[111.56957,-7.88705],[111.57121,-7.88622],[111.57399,-7.886],[111.57713,-7.88483],[111.57787,-7.88502],[111.58166,-7.88446],[111.58319,-7.88359],[111.58146,-7.88315],[111.5805,-7.88168],[111.58007,-7.88153],[111.57762,-7.88219],[111.57699,-7.88127],[111.57525,-7.88128],[111.57205,-7.87717],[111.5699,-7.87712],[111.56935,-7.87808],[111.56689,-7.87817],[111.56461,-7.87608],[111.56329,-7.87433],[111.56146,-7.87372],[111.55999,-7.87401],[111.55892,-7.87359],[111.55772,-7.87377],[111.55631,-7.87269],[111.55505,-7.87309],[111.55373,-7.87245],[111.553,-7.87155],[111.55097,-7.8708],[111.55074,-7.87035],[111.54855,-7.87081],[111.54762,-7.8701],[111.5471,-7.87072],[111.54652,-7.87023],[111.54544,-7.87025],[111.54485,-7.86967],[111.54358,-7.86997],[111.54103,-7.86992],[111.53634,-7.8682],[111.53556,-7.86776],[111.53521,-7.86717],[111.53355,-7.86755],[111.53333,-7.86802],[111.53079,-7.86883],[111.53034,-7.86874],[111.53023,-7.86798],[111.52994,-7.86849],[111.52894,-7.8682],[111.52754,-7.86864],[111.52752,-7.86908],[111.5263,-7.86885],[111.52608,-7.86561],[111.527,-7.86548],[111.52645,-7.86386],[111.52575,-7.86305],[111.52115,-7.86313],[111.51892,-7.86268],[111.51605,-7.86362],[111.51298,-7.86405],[111.51092,-7.86348],[111.51103,-7.86297],[111.51057,-7.86278],[111.51079,-7.86097],[111.50982,-7.86039],[111.50828,-7.86039],[111.50801,-7.86374],[111.50677,-7.86379],[111.50602,-7.86364],[111.50601,-7.86115],[111.50578,-7.86073],[111.50433,-7.86006],[111.50076,-7.85955],[111.49941,-7.85869],[111.49608,-7.85883],[111.49562,-7.85962],[111.49513,-7.85962],[111.49507,-7.86009],[111.49325,-7.86018]]],[[[111.46077,-7.91601],[111.45674,-7.91527],[111.45528,-7.91961],[111.45569,-7.9203],[111.45462,-7.92175],[111.4588,-7.92264],[111.45943,-7.92166],[111.46359,-7.92199],[111.46372,-7.92077],[111.46545,-7.92054],[111.46555,-7.91633],[111.46077,-7.91601]]]]},"properties":{"KDPKAB":"35.02","KDCPUM":"35.02.10","WADMKK":"Ponorogo","WADMKC":"Siman"}},{"type":"Feature","geometry":{"type":"Polygon","coordinates":[[[111.44925,-7.90643],[111.44895,-7.90596],[111.44891,-7.90643],[111.4481,-7.9066],[111.44775,-7.90739],[111.44735,-7.9073],[111.44703,-7.90872],[111.44728,-7.90875],[111.44667,-7.91035],[111.44738,-7.91071],[111.44743,-7.9113],[111.4462,-7.91113],[111.44526,-7.91217],[111.44559,-7.9127],[111.44545,-7.91459],[111.4457,-7.91466],[111.44576,-7.91614],[111.44612,-7.91629],[111.44584,-7.91641],[111.44544,-7.91771],[111.44093,-7.91695],[111.44011,-7.91643],[111.43871,-7.91625],[111.44051,-7.90949],[111.44007,-7.9094],[111.44021,-7.90887],[111.43962,-7.90865],[111.43969,-7.90836],[111.43653,-7.90768],[111.43638,-7.90834],[111.43575,-7.9082],[111.43558,-7.90897],[111.4347,-7.9086],[111.4337,-7.90979],[111.43108,-7.91152],[111.42896,-7.9121],[111.42757,-7.91193],[111.42601,-7.91446],[111.42421,-7.91662],[111.42345,-7.91894],[111.4227,-7.92004],[111.42036,-7.92013],[111.41871,-7.92089],[111.41845,-7.92271],[111.41862,-7.92379],[111.41684,-7.92984],[111.41579,-7.92969],[111.41545,-7.93135],[111.41605,-7.93255],[111.41746,-7.93334],[111.41709,-7.93586],[111.41844,-7.93611],[111.41863,-7.93643],[111.42053,-7.93662],[111.42069,-7.93634],[111.42194,-7.93668],[111.42252,-7.93789],[111.4216,-7.93823],[111.42155,-7.93871],[111.42191,-7.93881],[111.42182,-7.93977],[111.42235,-7.9407],[111.42169,-7.9469],[111.4197,-7.94711],[111.41958,-7.94866],[111.41901,-7.94871],[111.41883,-7.95046],[111.41836,-7.95047],[111.41813,-7.95088],[111.4178,-7.95083],[111.41767,-7.9504],[111.41754,-7.95164],[111.41563,-7.95162],[111.41576,-7.95067],[111.41314,-7.95055],[111.41312,-7.95091],[111.41229,-7.95101],[111.41228,-7.95128],[111.40995,-7.95101],[111.40993,-7.95174],[111.40782,-7.95145],[111.40768,-7.9518],[111.40651,-7.95171],[111.40648,-7.95196],[111.40359,-7.95135],[111.40336,-7.95226],[111.40189,-7.95206],[111.40189,-7.95169],[111.401,-7.95156],[111.40157,-7.94805],[111.40216,-7.9481],[111.4023,-7.94655],[111.39759,-7.946],[111.39762,-7.94547],[111.39692,-7.94528],[111.39655,-7.94584],[111.39471,-7.94544],[111.39477,-7.94484],[111.39601,-7.9443],[111.39626,-7.94115],[111.39585,-7.94103],[111.39588,-7.94],[111.38808,-7.93806],[111.38283,-7.93737],[111.38462,-7.93912],[111.38656,-7.94343],[111.38781,-7.94458],[111.38818,-7.94595],[111.38883,-7.94612],[111.38897,-7.94681],[111.38954,-7.94692],[111.39008,-7.94772],[111.3921,-7.94894],[111.39267,-7.9502],[111.39333,-7.95061],[111.39309,-7.95233],[111.39282,-7.95303],[111.3923,-7.95313],[111.39213,-7.95407],[111.39011,-7.95398],[111.39016,-7.95343],[111.38967,-7.95313],[111.38519,-7.95288],[111.38486,-7.95419],[111.38359,-7.95395],[111.38162,-7.95241],[111.38088,-7.95237],[111.38019,-7.95275],[111.37877,-7.95211],[111.37727,-7.95237],[111.3762,-7.95171],[111.37555,-7.95215],[111.37502,-7.95196],[111.37465,-7.95255],[111.37387,-7.95247],[111.3729,-7.95298],[111.3723,-7.95267],[111.37204,-7.95305],[111.37045,-7.95267],[111.37008,-7.95297],[111.36928,-7.95256],[111.36777,-7.9531],[111.36687,-7.95292],[111.36625,-7.95375],[111.36496,-7.95384],[111.36236,-7.95469],[111.36204,-7.95463],[111.36229,-7.95293],[111.36198,-7.9524],[111.36197,-7.95115],[111.36095,-7.94975],[111.35928,-7.94861],[111.35703,-7.94842],[111.35143,-7.94902],[111.32653,-7.95527],[111.32559,-7.95885],[111.32573,-7.96007],[111.3254,-7.96066],[111.32636,-7.96637],[111.32768,-7.96797],[111.33112,-7.96773],[111.33219,-7.96803],[111.33566,-7.97024],[111.33693,-7.97171],[111.33848,-7.97182],[111.33931,-7.97232],[111.33931,-7.97392],[111.34025,-7.97554],[111.34565,-7.97559],[111.34759,-7.97705],[111.34806,-7.97827],[111.34934,-7.97897],[111.34956,-7.97945],[111.34956,-7.98143],[111.34837,-7.98403],[111.34876,-7.98482],[111.34841,-7.98621],[111.34851,-7.98749],[111.34952,-7.98863],[111.35008,-7.99058],[111.35267,-7.99041],[111.36154,-7.99293],[111.36595,-7.99051],[111.37659,-7.98932],[111.378,-7.98833],[111.37829,-7.9872],[111.38092,-7.9841],[111.38133,-7.98421],[111.38161,-7.98373],[111.38358,-7.9838],[111.38375,-7.98284],[111.38505,-7.98238],[111.38503,-7.98195],[111.38849,-7.98139],[111.39251,-7.97962],[111.39333,-7.97992],[111.39342,-7.97915],[111.39404,-7.97911],[111.39415,-7.97839],[111.39599,-7.97826],[111.39652,-7.97784],[111.39756,-7.9781],[111.398,-7.97718],[111.40031,-7.9765],[111.40022,-7.97581],[111.4014,-7.97577],[111.40139,-7.97536],[111.40198,-7.97542],[111.40233,-7.97498],[111.40294,-7.97511],[111.4042,-7.97416],[111.40494,-7.97483],[111.40552,-7.97461],[111.4059,-7.97384],[111.40732,-7.97361],[111.40737,-7.97243],[111.40821,-7.9725],[111.40889,-7.97213],[111.40932,-7.97229],[111.40932,-7.97265],[111.41065,-7.97234],[111.41099,-7.97021],[111.41197,-7.97017],[111.412,-7.96833],[111.41347,-7.9681],[111.41349,-7.96777],[111.41397,-7.96756],[111.41417,-7.96849],[111.41489,-7.96851],[111.41492,-7.96781],[111.41522,-7.96784],[111.41521,-7.96911],[111.41438,-7.96962],[111.41416,-7.96925],[111.41351,-7.96923],[111.41345,-7.97016],[111.41165,-7.97052],[111.41225,-7.97208],[111.41349,-7.97203],[111.4133,-7.97376],[111.41286,-7.97379],[111.41289,-7.97436],[111.4146,-7.97484],[111.41464,-7.97532],[111.41609,-7.97508],[111.41697,-7.97523],[111.41698,-7.97558],[111.4163,-7.97773],[111.41513,-7.97755],[111.41429,-7.97693],[111.41402,-7.97742],[111.41319,-7.97746],[111.41278,-7.97922],[111.41283,-7.97945],[111.41521,-7.97924],[111.41537,-7.98037],[111.41612,-7.98067],[111.41661,-7.98039],[111.41685,-7.97897],[111.41766,-7.97783],[111.41773,-7.97545],[111.41893,-7.97302],[111.42008,-7.97295],[111.42028,-7.97116],[111.41991,-7.96994],[111.42233,-7.96725],[111.4227,-7.96495],[111.42239,-7.96367],[111.42163,-7.96369],[111.42148,-7.96323],[111.422,-7.96137],[111.42352,-7.96146],[111.42368,-7.96298],[111.42334,-7.96463],[111.42346,-7.96527],[111.424,-7.96533],[111.42388,-7.96704],[111.42338,-7.96708],[111.42331,-7.96763],[111.42416,-7.96715],[111.42414,-7.96863],[111.42403,-7.96933],[111.42342,-7.96932],[111.42327,-7.9713],[111.42397,-7.97132],[111.42391,-7.97195],[111.42444,-7.97197],[111.42428,-7.97395],[111.42533,-7.97402],[111.42527,-7.97673],[111.42575,-7.97689],[111.42549,-7.97784],[111.42667,-7.97793],[111.42686,-7.97699],[111.42767,-7.97586],[111.42644,-7.97586],[111.4263,-7.97563],[111.42623,-7.97502],[111.42723,-7.97468],[111.42744,-7.97398],[111.4269,-7.97272],[111.42765,-7.97254],[111.42797,-7.97369],[111.42974,-7.9736],[111.42977,-7.97332],[111.42905,-7.97331],[111.4294,-7.97053],[111.43096,-7.97055],[111.43094,-7.97202],[111.43339,-7.97266],[111.43396,-7.97129],[111.43481,-7.97167],[111.43679,-7.97125],[111.4384,-7.9703],[111.43838,-7.96831],[111.43784,-7.96786],[111.43789,-7.96734],[111.43913,-7.96736],[111.4392,-7.96669],[111.4399,-7.96675],[111.44006,-7.96561],[111.44236,-7.96589],[111.44534,-7.96518],[111.44531,-7.96357],[111.44567,-7.96257],[111.44714,-7.96265],[111.44723,-7.96195],[111.44926,-7.96231],[111.44945,-7.96116],[111.45122,-7.96139],[111.45158,-7.95946],[111.45243,-7.95959],[111.45228,-7.962],[111.45159,-7.96443],[111.45102,-7.96499],[111.45325,-7.96565],[111.45267,-7.9682],[111.45378,-7.96835],[111.45369,-7.96925],[111.45492,-7.96939],[111.45585,-7.96542],[111.45846,-7.96576],[111.45824,-7.9672],[111.4586,-7.96724],[111.45853,-7.96777],[111.46327,-7.96842],[111.4634,-7.96821],[111.46088,-7.96514],[111.46033,-7.96168],[111.46039,-7.95966],[111.45982,-7.95793],[111.45895,-7.95718],[111.46306,-7.95795],[111.46313,-7.95756],[111.46702,-7.95848],[111.46816,-7.95553],[111.46174,-7.95429],[111.46191,-7.95353],[111.4614,-7.95319],[111.46148,-7.95243],[111.46111,-7.95224],[111.46144,-7.95114],[111.45901,-7.95036],[111.45612,-7.94885],[111.45642,-7.94733],[111.45697,-7.94746],[111.45739,-7.94466],[111.45408,-7.94446],[111.45347,-7.94672],[111.45059,-7.94625],[111.45058,-7.945],[111.45175,-7.94351],[111.45147,-7.94304],[111.45183,-7.94195],[111.45085,-7.94071],[111.45138,-7.93935],[111.45098,-7.93868],[111.45138,-7.93848],[111.4515,-7.93789],[111.45074,-7.937],[111.4499,-7.93704],[111.44975,-7.93677],[111.45029,-7.9355],[111.45116,-7.93532],[111.45105,-7.9346],[111.45154,-7.93366],[111.45099,-7.93309],[111.45115,-7.93207],[111.45199,-7.93087],[111.45349,-7.9297],[111.454,-7.92838],[111.45698,-7.92905],[111.46008,-7.93045],[111.46073,-7.9288],[111.46131,-7.92888],[111.4614,-7.92843],[111.45998,-7.92806],[111.45976,-7.92685],[111.45997,-7.92582],[111.45943,-7.92375],[111.45836,-7.92356],[111.45827,-7.92422],[111.45776,-7.92387],[111.45458,-7.92374],[111.45418,-7.92288],[111.45418,-7.92235],[111.45569,-7.9203],[111.45528,-7.91961],[111.45603,-7.91768],[111.45606,-7.91676],[111.45489,-7.91503],[111.45512,-7.9128],[111.45461,-7.91167],[111.45499,-7.91139],[111.45503,-7.91086],[111.45568,-7.91059],[111.45599,-7.91005],[111.456,-7.90966],[111.45541,-7.90917],[111.45611,-7.90819],[111.45619,-7.9066],[111.45552,-7.90635],[111.44925,-7.90643]]]},"properties":{"KDPKAB":"35.02","KDCPUM":"35.02.11","WADMKK":"Ponorogo","WADMKC":"Balong"}},{"type":"Feature","geometry":{"type":"MultiPolygon","coordinates":[[[[111.39423,-7.84581],[111.39029,-7.8478],[111.39069,-7.84978],[111.39124,-7.85036],[111.39101,-7.85122],[111.38959,-7.8513],[111.38857,-7.85851],[111.38937,-7.859],[111.38932,-7.85938],[111.39022,-7.85963],[111.39001,-7.86012],[111.38894,-7.86041],[111.38829,-7.8601],[111.38708,-7.86029],[111.38508,-7.85995],[111.38413,-7.8607],[111.38333,-7.86062],[111.38193,-7.86129],[111.37986,-7.86108],[111.37953,-7.86352],[111.37943,-7.86462],[111.38077,-7.86434],[111.38212,-7.86471],[111.38229,-7.8651],[111.38335,-7.86522],[111.38327,-7.86601],[111.38407,-7.86605],[111.384,-7.86688],[111.38641,-7.8663],[111.3862,-7.87049],[111.38864,-7.87066],[111.389,-7.87176],[111.389,-7.87396],[111.3872,-7.87391],[111.38688,-7.87657],[111.38873,-7.87686],[111.38873,-7.87727],[111.38903,-7.87739],[111.38877,-7.87959],[111.38978,-7.87975],[111.39128,-7.87922],[111.39244,-7.87955],[111.39336,-7.87881],[111.39497,-7.87859],[111.39748,-7.87876],[111.39651,-7.88588],[111.39585,-7.88592],[111.39499,-7.88534],[111.39214,-7.88499],[111.39234,-7.88909],[111.39314,-7.88917],[111.39325,-7.88967],[111.39377,-7.88985],[111.39454,-7.89158],[111.39465,-7.89208],[111.39423,-7.89186],[111.39453,-7.89263],[111.39325,-7.89347],[111.3932,-7.89773],[111.38939,-7.89754],[111.38817,-7.90336],[111.38786,-7.9036],[111.38731,-7.90563],[111.3883,-7.90542],[111.38957,-7.90599],[111.38967,-7.90575],[111.39087,-7.9056],[111.39094,-7.90532],[111.39213,-7.90553],[111.39254,-7.90505],[111.40078,-7.90598],[111.40191,-7.90866],[111.40218,-7.90856],[111.40261,-7.90937],[111.40272,-7.91028],[111.40725,-7.91056],[111.40771,-7.9107],[111.40771,-7.91147],[111.40885,-7.91156],[111.40889,-7.90999],[111.41043,-7.91],[111.41088,-7.91033],[111.41244,-7.91023],[111.41243,-7.91064],[111.41308,-7.9107],[111.41297,-7.91296],[111.41553,-7.91336],[111.41518,-7.91692],[111.41408,-7.91696],[111.41353,-7.91852],[111.41871,-7.92089],[111.42036,-7.92013],[111.4227,-7.92004],[111.42345,-7.91894],[111.42421,-7.91662],[111.42601,-7.91446],[111.42757,-7.91193],[111.42896,-7.9121],[111.43108,-7.91152],[111.4337,-7.90979],[111.4347,-7.9086],[111.43558,-7.90897],[111.43575,-7.9082],[111.43638,-7.90834],[111.43653,-7.90768],[111.43969,-7.90836],[111.43962,-7.90865],[111.44021,-7.90887],[111.44007,-7.9094],[111.44051,-7.90949],[111.43871,-7.91625],[111.44011,-7.91643],[111.44093,-7.91695],[111.44544,-7.91771],[111.44584,-7.91641],[111.44612,-7.91629],[111.44576,-7.91614],[111.4457,-7.91466],[111.44545,-7.91459],[111.44559,-7.9127],[111.44526,-7.91217],[111.4462,-7.91113],[111.44743,-7.9113],[111.44738,-7.91071],[111.44667,-7.91035],[111.44728,-7.90875],[111.44703,-7.90872],[111.44735,-7.9073],[111.44775,-7.90739],[111.4481,-7.9066],[111.44891,-7.90643],[111.44895,-7.90596],[111.44925,-7.90643],[111.45032,-7.90656],[111.45161,-7.90628],[111.45454,-7.90636],[111.45419,-7.90103],[111.45371,-7.90074],[111.45439,-7.89825],[111.45375,-7.897],[111.45505,-7.896],[111.45391,-7.89506],[111.45431,-7.89359],[111.454,-7.89273],[111.45505,-7.89212],[111.45493,-7.89097],[111.45538,-7.89182],[111.45582,-7.8919],[111.45644,-7.89116],[111.45637,-7.89059],[111.45512,-7.88884],[111.454,-7.88854],[111.45398,-7.88749],[111.45332,-7.88707],[111.45165,-7.88868],[111.45035,-7.88833],[111.45009,-7.88926],[111.44969,-7.88955],[111.44838,-7.88936],[111.44789,-7.8907],[111.4457,-7.89037],[111.44418,-7.89128],[111.44313,-7.89119],[111.44259,-7.8942],[111.44178,-7.8938],[111.44109,-7.89439],[111.44056,-7.89396],[111.43962,-7.894],[111.43916,-7.89343],[111.43867,-7.89344],[111.43861,-7.89286],[111.43828,-7.89323],[111.43796,-7.89464],[111.43826,-7.8948],[111.43792,-7.89478],[111.43765,-7.89617],[111.43515,-7.8956],[111.4334,-7.89454],[111.43292,-7.89644],[111.43167,-7.89602],[111.43126,-7.89616],[111.43289,-7.88761],[111.43428,-7.88768],[111.43367,-7.88689],[111.43384,-7.87987],[111.43127,-7.88037],[111.43127,-7.88068],[111.42992,-7.88106],[111.42863,-7.88112],[111.42774,-7.8818],[111.42555,-7.88176],[111.42556,-7.88139],[111.42521,-7.88139],[111.42553,-7.87752],[111.42582,-7.87701],[111.42577,-7.87428],[111.42393,-7.87418],[111.4239,-7.87148],[111.42527,-7.8715],[111.42529,-7.87103],[111.42588,-7.87104],[111.42596,-7.8694],[111.42342,-7.86918],[111.42346,-7.86849],[111.41947,-7.86826],[111.41955,-7.86612],[111.42697,-7.86583],[111.4276,-7.85984],[111.42687,-7.85985],[111.42667,-7.85859],[111.42558,-7.85862],[111.42566,-7.85691],[111.42547,-7.85725],[111.42474,-7.8573],[111.41982,-7.85651],[111.41944,-7.85935],[111.41003,-7.85871],[111.41029,-7.85604],[111.40884,-7.85607],[111.40867,-7.85714],[111.40641,-7.85672],[111.40647,-7.8559],[111.40706,-7.85495],[111.40744,-7.85484],[111.40779,-7.85519],[111.40807,-7.85471],[111.40797,-7.85442],[111.40706,-7.8542],[111.40702,-7.85315],[111.40671,-7.85286],[111.40698,-7.85259],[111.40673,-7.85252],[111.40694,-7.85151],[111.40738,-7.85085],[111.40757,-7.84722],[111.40116,-7.84597],[111.39752,-7.84611],[111.39423,-7.84581]]],[[[111.39091,-7.91115],[111.39016,-7.91137],[111.38964,-7.91392],[111.38881,-7.9157],[111.38979,-7.91612],[111.39016,-7.91588],[111.39085,-7.9124],[111.39148,-7.91274],[111.39175,-7.91118],[111.39091,-7.91115]]]]},"properties":{"KDPKAB":"35.02","KDCPUM":"35.02.12","WADMKK":"Ponorogo","WADMKC":"Kauman"}},{"type":"Feature","geometry":{"type":"Polygon","coordinates":[[[111.31931,-7.85437],[111.31439,-7.85216],[111.31352,-7.85385],[111.31177,-7.85493],[111.31058,-7.855],[111.30872,-7.85415],[111.30603,-7.8546],[111.30472,-7.85538],[111.30284,-7.85572],[111.30019,-7.85778],[111.2978,-7.85808],[111.29666,-7.85784],[111.2962,-7.85825],[111.29569,-7.86078],[111.29419,-7.86135],[111.29409,-7.86269],[111.29309,-7.86409],[111.29297,-7.86531],[111.29391,-7.86803],[111.29486,-7.87369],[111.29641,-7.87485],[111.29716,-7.87693],[111.29672,-7.87816],[111.29518,-7.87999],[111.29469,-7.88136],[111.29061,-7.88693],[111.28848,-7.89191],[111.28687,-7.89779],[111.28568,-7.8999],[111.28521,-7.90209],[111.28616,-7.90502],[111.28545,-7.90606],[111.28329,-7.90716],[111.28238,-7.90807],[111.28099,-7.91058],[111.28062,-7.9125],[111.27924,-7.91531],[111.27929,-7.91712],[111.2801,-7.91845],[111.27996,-7.91865],[111.28112,-7.91847],[111.28262,-7.91927],[111.28305,-7.91901],[111.28358,-7.92045],[111.28509,-7.9209],[111.28591,-7.92045],[111.28628,-7.92078],[111.28629,-7.92265],[111.28595,-7.92353],[111.28637,-7.92537],[111.28582,-7.92821],[111.2868,-7.93027],[111.28602,-7.93122],[111.28597,-7.93262],[111.28623,-7.93309],[111.28608,-7.93405],[111.28653,-7.9348],[111.28693,-7.93685],[111.28668,-7.93909],[111.29085,-7.93946],[111.29463,-7.94034],[111.29866,-7.94062],[111.30057,-7.93991],[111.30117,-7.93904],[111.30246,-7.93834],[111.30715,-7.93604],[111.30918,-7.93536],[111.31387,-7.93499],[111.31641,-7.93653],[111.31684,-7.93552],[111.31919,-7.93294],[111.32028,-7.93295],[111.32162,-7.93214],[111.32272,-7.92971],[111.32858,-7.92543],[111.33665,-7.92112],[111.3461,-7.91749],[111.34869,-7.9159],[111.35111,-7.91497],[111.3536,-7.90902],[111.35395,-7.90658],[111.35449,-7.90668],[111.35522,-7.9046],[111.35558,-7.90465],[111.35673,-7.90351],[111.35808,-7.90391],[111.35801,-7.90273],[111.35921,-7.90212],[111.36256,-7.89922],[111.36233,-7.89898],[111.3635,-7.89605],[111.36267,-7.89548],[111.36327,-7.89439],[111.36427,-7.89485],[111.36646,-7.89198],[111.36693,-7.89229],[111.36751,-7.89142],[111.36694,-7.89135],[111.37294,-7.8835],[111.37187,-7.88328],[111.37361,-7.88097],[111.37361,-7.88056],[111.37254,-7.88066],[111.37267,-7.87909],[111.37232,-7.87778],[111.37133,-7.8776],[111.3713,-7.87709],[111.37188,-7.87636],[111.37115,-7.8763],[111.37109,-7.87573],[111.37085,-7.87582],[111.37099,-7.87182],[111.36911,-7.87256],[111.3691,-7.87017],[111.36948,-7.87012],[111.36982,-7.86723],[111.36809,-7.86732],[111.36833,-7.8645],[111.3669,-7.86541],[111.36554,-7.86523],[111.36461,-7.86546],[111.36427,-7.86654],[111.36327,-7.86646],[111.36185,-7.87095],[111.36146,-7.87099],[111.36142,-7.87049],[111.36077,-7.87041],[111.36072,-7.87084],[111.35764,-7.87064],[111.35733,-7.87095],[111.35755,-7.87141],[111.35737,-7.87271],[111.35675,-7.87485],[111.35878,-7.87481],[111.35867,-7.87596],[111.33725,-7.87369],[111.33674,-7.87355],[111.3368,-7.8726],[111.33555,-7.87248],[111.33726,-7.86843],[111.33082,-7.86621],[111.32843,-7.86475],[111.32697,-7.86356],[111.3268,-7.86085],[111.32561,-7.85944],[111.32197,-7.85639],[111.32035,-7.85549],[111.31931,-7.85437]],[[111.35388,-7.87653],[111.35579,-7.87663],[111.35564,-7.87973],[111.35587,-7.87975],[111.35589,-7.88068],[111.35571,-7.88223],[111.35418,-7.88169],[111.35354,-7.88112],[111.35252,-7.88099],[111.35214,-7.88391],[111.35251,-7.88435],[111.35232,-7.88555],[111.35263,-7.88557],[111.35295,-7.88727],[111.35118,-7.88719],[111.3508,-7.88771],[111.34972,-7.88774],[111.34971,-7.88813],[111.3484,-7.88852],[111.34694,-7.88832],[111.34673,-7.88206],[111.34699,-7.87883],[111.34784,-7.87886],[111.34798,-7.87801],[111.35029,-7.87775],[111.35089,-7.87654],[111.35388,-7.87653]]]},"properties":{"KDPKAB":"35.02","KDCPUM":"35.02.13","WADMKK":"Ponorogo","WADMKC":"Badegan"}},{"type":"Feature","geometry":{"type":"Polygon","coordinates":[[[111.39675,-7.78086],[111.39619,-7.78076],[111.39573,-7.7812],[111.39466,-7.78081],[111.39306,-7.78188],[111.39068,-7.78219],[111.3898,-7.7815],[111.38917,-7.78139],[111.38732,-7.78232],[111.38554,-7.78229],[111.38445,-7.78319],[111.38118,-7.78258],[111.37935,-7.78134],[111.37873,-7.78155],[111.37754,-7.78268],[111.37622,-7.78215],[111.37511,-7.78292],[111.37393,-7.78205],[111.37246,-7.78316],[111.3682,-7.78293],[111.36672,-7.78383],[111.36599,-7.78311],[111.36506,-7.78384],[111.36345,-7.78377],[111.36216,-7.78492],[111.35988,-7.78487],[111.3579,-7.78441],[111.35712,-7.78344],[111.35663,-7.78336],[111.35448,-7.7838],[111.35245,-7.78327],[111.35191,-7.78358],[111.34977,-7.78314],[111.34834,-7.78368],[111.34366,-7.78332],[111.34196,-7.78368],[111.33971,-7.78622],[111.33811,-7.79003],[111.33701,-7.79475],[111.33533,-7.79544],[111.3347,-7.79506],[111.33164,-7.79504],[111.33074,-7.7955],[111.33023,-7.79604],[111.32986,-7.79999],[111.32763,-7.80041],[111.32709,-7.79971],[111.32642,-7.7996],[111.32454,-7.79836],[111.3222,-7.79808],[111.3211,-7.79755],[111.31953,-7.7957],[111.31472,-7.79217],[111.31065,-7.7954],[111.30931,-7.79604],[111.30768,-7.79771],[111.30705,-7.79731],[111.30477,-7.79712],[111.30321,-7.79629],[111.3016,-7.79668],[111.30222,-7.79561],[111.30047,-7.79569],[111.30093,-7.79471],[111.30062,-7.79421],[111.30008,-7.79418],[111.30012,-7.79331],[111.29857,-7.79349],[111.2979,-7.79422],[111.29768,-7.79404],[111.29782,-7.79314],[111.29716,-7.79362],[111.29683,-7.7932],[111.29579,-7.7931],[111.29467,-7.79432],[111.29402,-7.79424],[111.29383,-7.79404],[111.29417,-7.79346],[111.2934,-7.79311],[111.29253,-7.7937],[111.29108,-7.79295],[111.29076,-7.79316],[111.29072,-7.79392],[111.29021,-7.79413],[111.2887,-7.79348],[111.28874,-7.79456],[111.28932,-7.79545],[111.29274,-7.79809],[111.29367,-7.79796],[111.29481,-7.79972],[111.2971,-7.80162],[111.29733,-7.80274],[111.29669,-7.8048],[111.29752,-7.8057],[111.29868,-7.80917],[111.29839,-7.81123],[111.30121,-7.81764],[111.30159,-7.81988],[111.30311,-7.82053],[111.30565,-7.82315],[111.30502,-7.82558],[111.30326,-7.82687],[111.30302,-7.82788],[111.30134,-7.83072],[111.3016,-7.83177],[111.3025,-7.83199],[111.30324,-7.83332],[111.30274,-7.83427],[111.3025,-7.83632],[111.30274,-7.83758],[111.30371,-7.8385],[111.30478,-7.8389],[111.30852,-7.83936],[111.31115,-7.84132],[111.3124,-7.84351],[111.3142,-7.84904],[111.31439,-7.85216],[111.31931,-7.85437],[111.32035,-7.85549],[111.3248,-7.85862],[111.3268,-7.86085],[111.3271,-7.86368],[111.33082,-7.86621],[111.33726,-7.86843],[111.33555,-7.87248],[111.3368,-7.8726],[111.33674,-7.87355],[111.35867,-7.87596],[111.35878,-7.87481],[111.35675,-7.87485],[111.35737,-7.87271],[111.35755,-7.87141],[111.35733,-7.87095],[111.35764,-7.87064],[111.36072,-7.87084],[111.36077,-7.87041],[111.36142,-7.87049],[111.36146,-7.87099],[111.36185,-7.87095],[111.36327,-7.86646],[111.36427,-7.86654],[111.36461,-7.86546],[111.36554,-7.86523],[111.3669,-7.86541],[111.36788,-7.86502],[111.36796,-7.86459],[111.36833,-7.8645],[111.36845,-7.8632],[111.36973,-7.86296],[111.36992,-7.86235],[111.37145,-7.86089],[111.37156,-7.86031],[111.37338,-7.85996],[111.37386,-7.86029],[111.37752,-7.86083],[111.37778,-7.85926],[111.37839,-7.85938],[111.37856,-7.85909],[111.37868,-7.85768],[111.37805,-7.85798],[111.37868,-7.85433],[111.37967,-7.85425],[111.38081,-7.85488],[111.3816,-7.85456],[111.3824,-7.85476],[111.38197,-7.85937],[111.3814,-7.85987],[111.38227,-7.86114],[111.38333,-7.86062],[111.38413,-7.8607],[111.38508,-7.85995],[111.38708,-7.86029],[111.38829,-7.8601],[111.38894,-7.86041],[111.39001,-7.86012],[111.39022,-7.85963],[111.38932,-7.85938],[111.38937,-7.859],[111.38857,-7.85864],[111.38958,-7.85119],[111.38879,-7.85104],[111.38829,-7.84877],[111.38791,-7.84899],[111.38795,-7.84789],[111.38755,-7.84788],[111.38693,-7.8469],[111.38741,-7.84444],[111.38672,-7.84428],[111.3868,-7.84346],[111.38578,-7.84311],[111.38612,-7.84031],[111.38506,-7.83424],[111.38506,-7.83336],[111.38574,-7.83317],[111.38528,-7.8297],[111.38442,-7.82862],[111.38456,-7.82819],[111.38422,-7.828],[111.38424,-7.82709],[111.3836,-7.82558],[111.38252,-7.82434],[111.38259,-7.82364],[111.38198,-7.82205],[111.38062,-7.82017],[111.38136,-7.82003],[111.38118,-7.81951],[111.38178,-7.81961],[111.38201,-7.82059],[111.38391,-7.82037],[111.38412,-7.81968],[111.3854,-7.81948],[111.38833,-7.82004],[111.38841,-7.81906],[111.3891,-7.81946],[111.38902,-7.8198],[111.39019,-7.82014],[111.39098,-7.81907],[111.39151,-7.8193],[111.39142,-7.81879],[111.39211,-7.81803],[111.39206,-7.81753],[111.39251,-7.81751],[111.39355,-7.81501],[111.39432,-7.81579],[111.3944,-7.81509],[111.3949,-7.81477],[111.39571,-7.80931],[111.39674,-7.80748],[111.39682,-7.80498],[111.3974,-7.80529],[111.3988,-7.80524],[111.40011,-7.80615],[111.40138,-7.80537],[111.40177,-7.80471],[111.40313,-7.80436],[111.40433,-7.80259],[111.4049,-7.80334],[111.40582,-7.80288],[111.40651,-7.8031],[111.4056,-7.79951],[111.40291,-7.79441],[111.40033,-7.78659],[111.39921,-7.78143],[111.3986,-7.78102],[111.39836,-7.78121],[111.39752,-7.78082],[111.39675,-7.78086]]]},"properties":{"KDPKAB":"35.02","KDCPUM":"35.02.14","WADMKK":"Ponorogo","WADMKC":"Sampung"}},{"type":"Feature","geometry":{"type":"Polygon","coordinates":[[[111.41474,-7.77681],[111.41302,-7.77587],[111.4128,-7.77676],[111.41187,-7.7766],[111.4118,-7.77721],[111.41115,-7.77749],[111.4093,-7.77958],[111.40785,-7.77894],[111.40741,-7.77751],[111.40632,-7.77841],[111.40441,-7.77796],[111.40336,-7.77855],[111.40253,-7.77796],[111.40152,-7.77824],[111.401,-7.77806],[111.40052,-7.77821],[111.39929,-7.77977],[111.3986,-7.78102],[111.39921,-7.78143],[111.40033,-7.78659],[111.40291,-7.79441],[111.4056,-7.79951],[111.40651,-7.8031],[111.40582,-7.80288],[111.4049,-7.80334],[111.40433,-7.80259],[111.40313,-7.80436],[111.40177,-7.80471],[111.40138,-7.80537],[111.40011,-7.80615],[111.3988,-7.80524],[111.3974,-7.80529],[111.39682,-7.80498],[111.39674,-7.80748],[111.39571,-7.80931],[111.3949,-7.81477],[111.3944,-7.81509],[111.39432,-7.81579],[111.39355,-7.81501],[111.39251,-7.81751],[111.39206,-7.81753],[111.39211,-7.81803],[111.39142,-7.81879],[111.39151,-7.8193],[111.39098,-7.81907],[111.39019,-7.82014],[111.38902,-7.8198],[111.3891,-7.81946],[111.38841,-7.81906],[111.38833,-7.82004],[111.3854,-7.81948],[111.38412,-7.81968],[111.38391,-7.82037],[111.38201,-7.82059],[111.38178,-7.81961],[111.38118,-7.81951],[111.38136,-7.82003],[111.38062,-7.82017],[111.38198,-7.82205],[111.38259,-7.82364],[111.38252,-7.82434],[111.3836,-7.82558],[111.38424,-7.82709],[111.38422,-7.828],[111.38456,-7.82819],[111.38442,-7.82862],[111.38528,-7.8297],[111.38574,-7.83317],[111.38506,-7.83336],[111.38506,-7.83424],[111.38612,-7.84031],[111.38578,-7.84311],[111.3868,-7.84346],[111.38672,-7.84428],[111.38741,-7.84444],[111.38691,-7.84683],[111.38755,-7.84788],[111.38795,-7.84789],[111.38791,-7.84899],[111.38829,-7.84877],[111.38879,-7.85104],[111.38994,-7.85137],[111.39101,-7.85122],[111.39124,-7.85036],[111.39069,-7.84978],[111.39029,-7.8478],[111.39396,-7.84581],[111.39752,-7.84611],[111.40116,-7.84597],[111.40757,-7.84722],[111.40738,-7.85085],[111.40694,-7.85151],[111.40673,-7.85252],[111.40698,-7.85259],[111.40671,-7.85286],[111.40702,-7.85315],[111.40706,-7.8542],[111.40797,-7.85442],[111.40807,-7.85471],[111.40779,-7.85519],[111.40744,-7.85484],[111.40706,-7.85495],[111.40647,-7.8559],[111.40641,-7.85672],[111.40867,-7.85714],[111.40884,-7.85607],[111.41029,-7.85604],[111.41003,-7.85871],[111.41944,-7.85935],[111.41982,-7.85651],[111.42474,-7.8573],[111.42547,-7.85725],[111.42566,-7.85691],[111.42558,-7.85862],[111.42667,-7.85859],[111.42687,-7.85985],[111.4276,-7.85984],[111.42697,-7.86583],[111.41955,-7.86612],[111.41947,-7.86826],[111.42346,-7.86849],[111.42342,-7.86918],[111.42596,-7.8694],[111.42588,-7.87104],[111.42529,-7.87103],[111.42527,-7.8715],[111.4239,-7.87148],[111.42393,-7.87418],[111.42577,-7.87428],[111.42582,-7.87701],[111.42553,-7.87752],[111.42521,-7.88139],[111.42556,-7.88139],[111.42555,-7.88176],[111.42774,-7.8818],[111.42863,-7.88112],[111.42992,-7.88106],[111.43127,-7.88068],[111.43127,-7.88037],[111.43384,-7.87987],[111.43367,-7.88689],[111.43428,-7.88768],[111.43289,-7.88761],[111.43126,-7.89616],[111.43167,-7.89602],[111.43292,-7.89644],[111.4334,-7.89454],[111.43515,-7.8956],[111.43765,-7.89617],[111.43792,-7.89478],[111.43826,-7.8948],[111.43796,-7.89464],[111.43851,-7.8929],[111.43881,-7.89313],[111.43867,-7.89344],[111.43916,-7.89343],[111.43962,-7.894],[111.44056,-7.89396],[111.44109,-7.89439],[111.44178,-7.8938],[111.44259,-7.8942],[111.44313,-7.89119],[111.44425,-7.89126],[111.44601,-7.88995],[111.44573,-7.88905],[111.44496,-7.88949],[111.4445,-7.88865],[111.44186,-7.88965],[111.44302,-7.88269],[111.44268,-7.88006],[111.44325,-7.87302],[111.44452,-7.87148],[111.44582,-7.8721],[111.44758,-7.87189],[111.44848,-7.87137],[111.44793,-7.86985],[111.44684,-7.86886],[111.44659,-7.86805],[111.44713,-7.86721],[111.44838,-7.86645],[111.44748,-7.86462],[111.44811,-7.86299],[111.44751,-7.86183],[111.44728,-7.86037],[111.44924,-7.85557],[111.44911,-7.85485],[111.44775,-7.85285],[111.44847,-7.85261],[111.45049,-7.85321],[111.45169,-7.85319],[111.4534,-7.85237],[111.4538,-7.85156],[111.45354,-7.8508],[111.45199,-7.84938],[111.45193,-7.84877],[111.45278,-7.84744],[111.45254,-7.84677],[111.45063,-7.84464],[111.44992,-7.84323],[111.44917,-7.84265],[111.44881,-7.84084],[111.44579,-7.83786],[111.44529,-7.83696],[111.44543,-7.83614],[111.44688,-7.83553],[111.44733,-7.83382],[111.44716,-7.83186],[111.44791,-7.82935],[111.44766,-7.82695],[111.44651,-7.82458],[111.44689,-7.82349],[111.4473,-7.81928],[111.44681,-7.81702],[111.44745,-7.81521],[111.44698,-7.81233],[111.44716,-7.81022],[111.44674,-7.80956],[111.4467,-7.80849],[111.44508,-7.80675],[111.4446,-7.80538],[111.44561,-7.80284],[111.4467,-7.8019],[111.44668,-7.80045],[111.44601,-7.79851],[111.44535,-7.79394],[111.44669,-7.79153],[111.44836,-7.79033],[111.44956,-7.78999],[111.4496,-7.78928],[111.44836,-7.78627],[111.44994,-7.78361],[111.4508,-7.78141],[111.44988,-7.77956],[111.44991,-7.77852],[111.44819,-7.77876],[111.44827,-7.77976],[111.44655,-7.77955],[111.44636,-7.78079],[111.44571,-7.77984],[111.44512,-7.77962],[111.44381,-7.78046],[111.4433,-7.77946],[111.44269,-7.7792],[111.44202,-7.77833],[111.44125,-7.77879],[111.44007,-7.77882],[111.43909,-7.77978],[111.43863,-7.77966],[111.43831,-7.77905],[111.43751,-7.77963],[111.43643,-7.77882],[111.43501,-7.7789],[111.43444,-7.77964],[111.43343,-7.77986],[111.43311,-7.77884],[111.43231,-7.77875],[111.43104,-7.77771],[111.42865,-7.77792],[111.42789,-7.77722],[111.42713,-7.77807],[111.42528,-7.77774],[111.42467,-7.77717],[111.42424,-7.77794],[111.42365,-7.77715],[111.42257,-7.77671],[111.42128,-7.77702],[111.42082,-7.77765],[111.42007,-7.77748],[111.41968,-7.77818],[111.41876,-7.77772],[111.41693,-7.77799],[111.41616,-7.77724],[111.41474,-7.77681]]]},"properties":{"KDPKAB":"35.02","KDCPUM":"35.02.15","WADMKK":"Ponorogo","WADMKC":"Sukorejo"}},{"type":"Feature","geometry":{"type":"MultiPolygon","coordinates":[[[[111.46788,-7.77704],[111.46632,-7.77715],[111.46455,-7.77835],[111.4632,-7.77864],[111.46217,-7.77925],[111.46134,-7.7789],[111.46161,-7.77777],[111.46134,-7.77762],[111.45983,-7.77803],[111.45793,-7.77789],[111.45764,-7.77963],[111.45699,-7.78026],[111.45687,-7.78124],[111.45605,-7.78232],[111.45582,-7.78372],[111.45545,-7.78399],[111.4545,-7.78311],[111.45359,-7.78306],[111.45301,-7.78243],[111.4508,-7.78141],[111.44994,-7.78361],[111.44836,-7.78627],[111.4496,-7.78928],[111.44956,-7.78999],[111.44836,-7.79033],[111.44669,-7.79153],[111.44535,-7.79394],[111.44601,-7.79851],[111.44668,-7.80045],[111.4467,-7.8019],[111.44561,-7.80284],[111.4446,-7.80538],[111.44508,-7.80675],[111.4467,-7.80849],[111.44674,-7.80956],[111.44716,-7.81022],[111.44698,-7.81233],[111.44745,-7.81521],[111.44681,-7.81702],[111.4473,-7.81928],[111.44689,-7.82349],[111.44651,-7.82458],[111.44766,-7.82695],[111.44791,-7.82935],[111.44716,-7.83186],[111.44733,-7.83382],[111.44688,-7.83553],[111.44543,-7.83614],[111.44532,-7.83715],[111.44881,-7.84084],[111.44907,-7.84192],[111.45017,-7.84199],[111.44963,-7.83999],[111.45021,-7.84008],[111.45096,-7.83959],[111.45277,-7.83954],[111.45284,-7.83887],[111.44886,-7.83894],[111.44851,-7.83811],[111.45289,-7.838],[111.45321,-7.83752],[111.45582,-7.83764],[111.4569,-7.83727],[111.46395,-7.83773],[111.46404,-7.83664],[111.46523,-7.83658],[111.46527,-7.83778],[111.46599,-7.83785],[111.46599,-7.83826],[111.46734,-7.83838],[111.46735,-7.83885],[111.46846,-7.83895],[111.46846,-7.83933],[111.47168,-7.83959],[111.47172,-7.83867],[111.47212,-7.83867],[111.47297,-7.83882],[111.47296,-7.83972],[111.47555,-7.84009],[111.47909,-7.8396],[111.47945,-7.83979],[111.47957,-7.83878],[111.48145,-7.83888],[111.48152,-7.83766],[111.48233,-7.83776],[111.48238,-7.83696],[111.48415,-7.83696],[111.48394,-7.8372],[111.48415,-7.84073],[111.4837,-7.84124],[111.48231,-7.84147],[111.48105,-7.84124],[111.47953,-7.84023],[111.47922,-7.84114],[111.47985,-7.84205],[111.47761,-7.84467],[111.47409,-7.8443],[111.47424,-7.84683],[111.47591,-7.84676],[111.47425,-7.8488],[111.47435,-7.84957],[111.4735,-7.84966],[111.47195,-7.85142],[111.47273,-7.85187],[111.47302,-7.85294],[111.47795,-7.85304],[111.48136,-7.85253],[111.4815,-7.85411],[111.48286,-7.85705],[111.47739,-7.86037],[111.47763,-7.86137],[111.4786,-7.86125],[111.47885,-7.86321],[111.48069,-7.86307],[111.48075,-7.86477],[111.48041,-7.86478],[111.48059,-7.86603],[111.48022,-7.86605],[111.48033,-7.86732],[111.48219,-7.86737],[111.4822,-7.86662],[111.48373,-7.86664],[111.4839,-7.86754],[111.48507,-7.86767],[111.48513,-7.86672],[111.48556,-7.86674],[111.48558,-7.86534],[111.48584,-7.86534],[111.48623,-7.85795],[111.48873,-7.85789],[111.48849,-7.8565],[111.49565,-7.85559],[111.49564,-7.85346],[111.49498,-7.85345],[111.49468,-7.85263],[111.4956,-7.84861],[111.49603,-7.84843],[111.4982,-7.84881],[111.49825,-7.85267],[111.49902,-7.85203],[111.50051,-7.85239],[111.50043,-7.85048],[111.50066,-7.85045],[111.50139,-7.84782],[111.50058,-7.84708],[111.50071,-7.84456],[111.50045,-7.84436],[111.5012,-7.84103],[111.50415,-7.84257],[111.50495,-7.84156],[111.5055,-7.83919],[111.51071,-7.83934],[111.51073,-7.84055],[111.51142,-7.84049],[111.51129,-7.8362],[111.50885,-7.83655],[111.50809,-7.83649],[111.50814,-7.83606],[111.50603,-7.83683],[111.50639,-7.83535],[111.50516,-7.83576],[111.50384,-7.83724],[111.50232,-7.8371],[111.50128,-7.83734],[111.501,-7.83699],[111.50009,-7.83686],[111.4996,-7.83733],[111.49855,-7.83721],[111.49809,-7.8375],[111.49782,-7.83741],[111.49798,-7.83671],[111.49752,-7.83653],[111.49414,-7.83698],[111.49404,-7.83584],[111.49445,-7.83582],[111.49436,-7.83424],[111.49485,-7.8342],[111.49468,-7.83112],[111.49552,-7.83094],[111.49588,-7.83283],[111.49606,-7.83256],[111.49858,-7.83211],[111.49846,-7.83076],[111.49986,-7.8304],[111.49997,-7.83084],[111.50232,-7.83052],[111.5023,-7.83022],[111.50346,-7.83017],[111.50395,-7.82964],[111.50493,-7.82962],[111.50491,-7.82926],[111.50618,-7.82868],[111.50646,-7.82688],[111.50835,-7.82642],[111.5081,-7.82773],[111.51447,-7.82777],[111.51458,-7.82611],[111.51563,-7.82552],[111.51559,-7.8252],[111.5128,-7.82559],[111.51256,-7.82516],[111.51105,-7.82528],[111.51031,-7.8248],[111.50869,-7.82476],[111.51069,-7.81469],[111.50852,-7.81448],[111.50905,-7.81042],[111.50773,-7.81042],[111.50743,-7.81014],[111.50768,-7.8082],[111.50703,-7.80781],[111.50913,-7.8045],[111.5086,-7.80421],[111.50871,-7.80094],[111.50796,-7.80077],[111.50788,-7.80162],[111.50598,-7.80112],[111.5061,-7.79741],[111.5057,-7.79692],[111.50514,-7.79668],[111.50352,-7.79686],[111.50347,-7.79599],[111.50261,-7.79606],[111.50187,-7.79549],[111.49878,-7.79506],[111.49689,-7.79401],[111.49615,-7.79305],[111.49563,-7.79053],[111.49466,-7.78928],[111.4928,-7.78939],[111.49121,-7.78893],[111.48907,-7.78904],[111.48723,-7.7874],[111.48515,-7.7874],[111.48277,-7.78611],[111.47988,-7.78539],[111.47879,-7.78387],[111.47596,-7.78332],[111.47485,-7.78139],[111.47428,-7.77941],[111.4726,-7.7795],[111.47157,-7.77797],[111.47021,-7.77797],[111.46942,-7.77724],[111.46788,-7.77704]],[[111.49685,-7.82635],[111.4974,-7.82615],[111.49793,-7.82907],[111.49674,-7.83047],[111.49455,-7.83046],[111.49372,-7.83092],[111.49145,-7.83096],[111.48962,-7.83049],[111.48901,-7.83123],[111.48864,-7.83095],[111.48806,-7.83123],[111.48728,-7.83105],[111.48726,-7.82726],[111.48868,-7.82718],[111.48924,-7.82684],[111.49187,-7.82681],[111.49225,-7.82731],[111.49379,-7.82735],[111.49385,-7.82647],[111.49685,-7.82635]]],[[[111.51235,-7.84141],[111.51222,-7.84077],[111.51172,-7.84054],[111.51034,-7.84155],[111.50926,-7.84136],[111.50898,-7.84213],[111.50853,-7.84198],[111.50848,-7.84137],[111.50791,-7.841],[111.50639,-7.84163],[111.50598,-7.84148],[111.50499,-7.84229],[111.5051,-7.8426],[111.50455,-7.84331],[111.50308,-7.84426],[111.50692,-7.84443],[111.50688,-7.84506],[111.50819,-7.84558],[111.50842,-7.84462],[111.50874,-7.84485],[111.50877,-7.84397],[111.50998,-7.84388],[111.51037,-7.84312],[111.51114,-7.84305],[111.51116,-7.84265],[111.51172,-7.8425],[111.51235,-7.84141]]]]},"properties":{"KDPKAB":"35.02","KDCPUM":"35.02.16","WADMKK":"Ponorogo","WADMKC":"Babadan"}},{"type":"Feature","geometry":{"type":"MultiPolygon","coordinates":[[[[111.46526,-7.83727],[111.46523,-7.83658],[111.46404,-7.83664],[111.46395,-7.83773],[111.4569,-7.83727],[111.45582,-7.83764],[111.45321,-7.83752],[111.45289,-7.838],[111.44851,-7.83811],[111.44886,-7.83894],[111.45284,-7.83887],[111.45277,-7.83954],[111.45096,-7.83959],[111.45021,-7.84008],[111.44963,-7.83999],[111.45033,-7.84193],[111.44907,-7.84192],[111.44906,-7.84238],[111.45254,-7.84677],[111.45278,-7.84744],[111.45193,-7.84877],[111.45199,-7.84938],[111.45354,-7.8508],[111.4538,-7.85156],[111.4534,-7.85237],[111.45169,-7.85319],[111.45049,-7.85321],[111.44847,-7.85261],[111.44775,-7.85285],[111.44911,-7.85485],[111.44924,-7.85557],[111.44728,-7.86037],[111.44751,-7.86183],[111.44811,-7.86299],[111.44748,-7.86462],[111.44838,-7.86645],[111.44713,-7.86721],[111.44659,-7.86805],[111.44684,-7.86886],[111.44793,-7.86985],[111.44848,-7.87137],[111.44758,-7.87189],[111.44582,-7.8721],[111.44452,-7.87148],[111.44325,-7.87302],[111.44268,-7.88006],[111.44302,-7.88269],[111.44186,-7.88965],[111.4445,-7.88865],[111.44496,-7.88949],[111.44547,-7.88905],[111.44579,-7.88913],[111.44602,-7.88987],[111.4457,-7.89037],[111.44789,-7.8907],[111.44838,-7.88936],[111.44969,-7.88955],[111.45009,-7.88926],[111.45035,-7.88833],[111.45165,-7.88868],[111.45296,-7.88727],[111.45339,-7.88707],[111.45379,-7.88728],[111.45409,-7.88779],[111.454,-7.88854],[111.45512,-7.88884],[111.45647,-7.89092],[111.45569,-7.89192],[111.45493,-7.89097],[111.45505,-7.89212],[111.45403,-7.89263],[111.45431,-7.89359],[111.45391,-7.89506],[111.45505,-7.896],[111.45375,-7.89706],[111.45727,-7.89719],[111.46184,-7.89793],[111.46151,-7.88724],[111.4678,-7.88799],[111.46827,-7.8877],[111.46865,-7.888],[111.46904,-7.88729],[111.47034,-7.88776],[111.47112,-7.88726],[111.47226,-7.88757],[111.47258,-7.88731],[111.47368,-7.88733],[111.47387,-7.8866],[111.47553,-7.88637],[111.47584,-7.88575],[111.47687,-7.88536],[111.47701,-7.88504],[111.47794,-7.88498],[111.47896,-7.88384],[111.481,-7.88485],[111.48225,-7.88468],[111.47918,-7.88679],[111.47921,-7.88891],[111.48059,-7.88897],[111.48061,-7.88997],[111.48255,-7.88986],[111.48254,-7.88962],[111.48349,-7.88943],[111.48349,-7.88833],[111.4849,-7.88824],[111.48497,-7.89],[111.48572,-7.8899],[111.48566,-7.88956],[111.48651,-7.8896],[111.48647,-7.8909],[111.48665,-7.89059],[111.48786,-7.89042],[111.48786,-7.8881],[111.48753,-7.8881],[111.48734,-7.88577],[111.48828,-7.88544],[111.4881,-7.88345],[111.48753,-7.88295],[111.48763,-7.88187],[111.4868,-7.87684],[111.48665,-7.8737],[111.48826,-7.87344],[111.4885,-7.87228],[111.49147,-7.87221],[111.49149,-7.87297],[111.49299,-7.87294],[111.49299,-7.87257],[111.49618,-7.87253],[111.49624,-7.8732],[111.49672,-7.8732],[111.49663,-7.87053],[111.49717,-7.8705],[111.49713,-7.86959],[111.49393,-7.86966],[111.49369,-7.86951],[111.4937,-7.86754],[111.49266,-7.86698],[111.49174,-7.86734],[111.49166,-7.86809],[111.49019,-7.86873],[111.48994,-7.86862],[111.49002,-7.8674],[111.48822,-7.86746],[111.48818,-7.86664],[111.48513,-7.86672],[111.48507,-7.86767],[111.4839,-7.86754],[111.48373,-7.86664],[111.4822,-7.86662],[111.48219,-7.86737],[111.48033,-7.86732],[111.48022,-7.86605],[111.48059,-7.86603],[111.48041,-7.86478],[111.48075,-7.86477],[111.48069,-7.86307],[111.47885,-7.86321],[111.4786,-7.86125],[111.47763,-7.86137],[111.47739,-7.86037],[111.48286,-7.85705],[111.4815,-7.85411],[111.48136,-7.85253],[111.47795,-7.85304],[111.47302,-7.85294],[111.47273,-7.85187],[111.47195,-7.85142],[111.4735,-7.84966],[111.47435,-7.84957],[111.47425,-7.8488],[111.47591,-7.84676],[111.47424,-7.84683],[111.47409,-7.8443],[111.47761,-7.84467],[111.47985,-7.84205],[111.47922,-7.84114],[111.47953,-7.84023],[111.48105,-7.84124],[111.48231,-7.84147],[111.4837,-7.84124],[111.48415,-7.84073],[111.48394,-7.8372],[111.48415,-7.83696],[111.48238,-7.83696],[111.48233,-7.83776],[111.48152,-7.83766],[111.48145,-7.83888],[111.47957,-7.83878],[111.47945,-7.83979],[111.47909,-7.8396],[111.47555,-7.84009],[111.47296,-7.83972],[111.47297,-7.83882],[111.47212,-7.83867],[111.47172,-7.83867],[111.47168,-7.83959],[111.46846,-7.83933],[111.46846,-7.83895],[111.46735,-7.83885],[111.46734,-7.83838],[111.46599,-7.83826],[111.46599,-7.83785],[111.46527,-7.83778],[111.46526,-7.83727]]],[[[111.49744,-7.8264],[111.4974,-7.82615],[111.49385,-7.82647],[111.49379,-7.82735],[111.49225,-7.82731],[111.49187,-7.82681],[111.48924,-7.82684],[111.48868,-7.82718],[111.48726,-7.82726],[111.48728,-7.83105],[111.48806,-7.83123],[111.48864,-7.83095],[111.48901,-7.83123],[111.48962,-7.83049],[111.49145,-7.83096],[111.49372,-7.83092],[111.49455,-7.83046],[111.4967,-7.83049],[111.49793,-7.82907],[111.49744,-7.8264]]]]},"properties":{"KDPKAB":"35.02","KDCPUM":"35.02.17","WADMKK":"Ponorogo","WADMKC":"Ponorogo"}},{"type":"Feature","geometry":{"type":"Polygon","coordinates":[[[111.59162,-7.79725],[111.59104,-7.79682],[111.58989,-7.7968],[111.5889,-7.79726],[111.58566,-7.79678],[111.58501,-7.79718],[111.58174,-7.79767],[111.57904,-7.79901],[111.57852,-7.79971],[111.57744,-7.79996],[111.57593,-7.80092],[111.57317,-7.80042],[111.5712,-7.80123],[111.57001,-7.80209],[111.56771,-7.8015],[111.5662,-7.80151],[111.56572,-7.80216],[111.56469,-7.8025],[111.56403,-7.80238],[111.56284,-7.80132],[111.56118,-7.80125],[111.56023,-7.8018],[111.55768,-7.80165],[111.55756,-7.80123],[111.55803,-7.8004],[111.55784,-7.80002],[111.55681,-7.79992],[111.55541,-7.80036],[111.55478,-7.79944],[111.55421,-7.79919],[111.55094,-7.80258],[111.55035,-7.80419],[111.54979,-7.80441],[111.54833,-7.80362],[111.54799,-7.80391],[111.54745,-7.80347],[111.54633,-7.80381],[111.54511,-7.80355],[111.54421,-7.80389],[111.54212,-7.80362],[111.54143,-7.80386],[111.54054,-7.80358],[111.53936,-7.80401],[111.53736,-7.80268],[111.53692,-7.8027],[111.53698,-7.80326],[111.53646,-7.80356],[111.53501,-7.80315],[111.53385,-7.80327],[111.53268,-7.80383],[111.5293,-7.80331],[111.52869,-7.80279],[111.52769,-7.8027],[111.52725,-7.80199],[111.52447,-7.80171],[111.52403,-7.80093],[111.52456,-7.79978],[111.52399,-7.79948],[111.51962,-7.79913],[111.518,-7.80038],[111.51681,-7.80042],[111.51585,-7.79976],[111.51441,-7.79986],[111.51391,-7.79924],[111.51207,-7.79857],[111.51117,-7.79909],[111.51004,-7.79851],[111.50964,-7.79931],[111.50868,-7.79945],[111.50786,-7.79811],[111.5061,-7.79741],[111.50598,-7.80112],[111.50788,-7.80162],[111.50796,-7.80077],[111.50871,-7.80094],[111.5086,-7.80421],[111.50913,-7.8045],[111.50703,-7.80781],[111.50768,-7.8082],[111.50743,-7.81014],[111.50773,-7.81042],[111.50905,-7.81042],[111.50852,-7.81448],[111.51069,-7.81469],[111.50869,-7.82476],[111.51031,-7.8248],[111.51105,-7.82528],[111.51256,-7.82516],[111.51274,-7.82559],[111.51559,-7.8252],[111.51563,-7.82552],[111.51458,-7.82611],[111.51447,-7.82777],[111.5081,-7.82773],[111.50835,-7.82642],[111.50675,-7.82672],[111.50617,-7.82764],[111.50618,-7.82868],[111.50491,-7.82926],[111.50493,-7.82962],[111.50395,-7.82964],[111.50346,-7.83017],[111.5023,-7.83022],[111.50232,-7.83052],[111.50128,-7.83069],[111.49997,-7.83084],[111.49986,-7.8304],[111.49878,-7.83058],[111.49846,-7.83076],[111.49858,-7.83211],[111.49606,-7.83256],[111.49597,-7.83281],[111.49558,-7.83236],[111.49552,-7.83094],[111.49468,-7.83112],[111.49485,-7.8342],[111.49436,-7.83424],[111.49445,-7.83582],[111.49404,-7.83584],[111.49414,-7.83698],[111.49752,-7.83653],[111.49798,-7.83671],[111.49782,-7.83741],[111.49809,-7.8375],[111.49855,-7.83721],[111.4996,-7.83733],[111.50009,-7.83686],[111.501,-7.83699],[111.50128,-7.83734],[111.50232,-7.8371],[111.50384,-7.83724],[111.50516,-7.83576],[111.50639,-7.83535],[111.50603,-7.83683],[111.50814,-7.83606],[111.50809,-7.83649],[111.50885,-7.83655],[111.51129,-7.8362],[111.51142,-7.84049],[111.51073,-7.84055],[111.51071,-7.83934],[111.5055,-7.83919],[111.50495,-7.84156],[111.50415,-7.84257],[111.5012,-7.84103],[111.50045,-7.84436],[111.50071,-7.84456],[111.50058,-7.84708],[111.50139,-7.84782],[111.50066,-7.85045],[111.50043,-7.85048],[111.50051,-7.85239],[111.49902,-7.85203],[111.49825,-7.85267],[111.4982,-7.84881],[111.49603,-7.84843],[111.4956,-7.84861],[111.49468,-7.85263],[111.49498,-7.85345],[111.49564,-7.85346],[111.49565,-7.85559],[111.49314,-7.85581],[111.49315,-7.86017],[111.49507,-7.86009],[111.49513,-7.85962],[111.49562,-7.85962],[111.49608,-7.85883],[111.49941,-7.85869],[111.50076,-7.85955],[111.50433,-7.86006],[111.50578,-7.86073],[111.50601,-7.86115],[111.50602,-7.86364],[111.50677,-7.86379],[111.50801,-7.86374],[111.50828,-7.86039],[111.50982,-7.86039],[111.51079,-7.86097],[111.51057,-7.86278],[111.51103,-7.86297],[111.51092,-7.86348],[111.51298,-7.86405],[111.51605,-7.86362],[111.51892,-7.86268],[111.52115,-7.86313],[111.52533,-7.86295],[111.52628,-7.86353],[111.52699,-7.86541],[111.52608,-7.86561],[111.5263,-7.86885],[111.52752,-7.86908],[111.52754,-7.86864],[111.52894,-7.8682],[111.52994,-7.86849],[111.53023,-7.86798],[111.53034,-7.86874],[111.53079,-7.86883],[111.53333,-7.86802],[111.53355,-7.86755],[111.53521,-7.86717],[111.53556,-7.86776],[111.53634,-7.8682],[111.54103,-7.86992],[111.54358,-7.86997],[111.54485,-7.86967],[111.54544,-7.87025],[111.54652,-7.87023],[111.5471,-7.87072],[111.54762,-7.8701],[111.54855,-7.87081],[111.55074,-7.87035],[111.55097,-7.8708],[111.553,-7.87155],[111.55373,-7.87245],[111.55505,-7.87309],[111.55617,-7.8727],[111.55684,-7.8714],[111.55651,-7.87123],[111.55656,-7.87016],[111.55614,-7.87016],[111.5561,-7.86961],[111.55733,-7.8687],[111.55806,-7.8687],[111.55841,-7.86945],[111.55962,-7.86751],[111.56078,-7.86782],[111.5614,-7.8652],[111.5627,-7.86539],[111.56378,-7.86442],[111.56731,-7.86389],[111.56896,-7.86423],[111.56932,-7.86406],[111.56938,-7.86355],[111.57313,-7.86424],[111.57366,-7.86348],[111.57197,-7.86146],[111.57193,-7.86096],[111.57393,-7.85989],[111.57385,-7.85876],[111.57503,-7.85722],[111.57593,-7.8552],[111.57422,-7.85445],[111.57494,-7.85286],[111.57346,-7.85102],[111.57347,-7.85069],[111.57419,-7.85038],[111.57343,-7.84958],[111.57314,-7.84856],[111.57228,-7.84794],[111.57133,-7.84837],[111.57032,-7.84704],[111.56891,-7.84684],[111.56996,-7.84591],[111.57004,-7.84549],[111.56905,-7.84493],[111.56874,-7.84443],[111.56892,-7.84418],[111.57047,-7.84421],[111.57252,-7.84587],[111.57607,-7.84583],[111.57657,-7.84619],[111.57795,-7.84621],[111.5781,-7.84565],[111.5787,-7.84598],[111.5788,-7.84669],[111.57915,-7.84679],[111.57909,-7.84717],[111.57954,-7.84758],[111.58127,-7.84722],[111.58155,-7.84835],[111.58217,-7.84866],[111.58266,-7.8496],[111.5855,-7.85076],[111.58732,-7.84614],[111.58833,-7.84587],[111.58893,-7.84455],[111.58767,-7.84375],[111.58592,-7.84098],[111.58709,-7.84054],[111.58796,-7.84085],[111.58846,-7.84056],[111.58946,-7.84078],[111.5917,-7.83997],[111.59272,-7.83995],[111.59303,-7.83983],[111.5932,-7.83856],[111.59415,-7.8388],[111.59567,-7.83834],[111.59701,-7.83691],[111.59908,-7.83259],[111.59906,-7.83197],[111.60004,-7.83182],[111.6014,-7.83004],[111.60231,-7.82529],[111.60326,-7.82463],[111.60397,-7.82348],[111.60567,-7.8225],[111.60544,-7.82109],[111.60574,-7.82028],[111.60426,-7.81918],[111.60442,-7.81769],[111.60239,-7.81702],[111.60196,-7.81622],[111.60082,-7.81602],[111.59989,-7.81433],[111.59708,-7.81452],[111.5947,-7.81567],[111.59291,-7.81733],[111.59093,-7.81806],[111.58804,-7.81744],[111.58731,-7.81788],[111.58686,-7.81866],[111.58609,-7.81843],[111.58508,-7.81969],[111.58365,-7.81967],[111.58386,-7.81778],[111.58285,-7.81717],[111.58226,-7.81584],[111.58004,-7.81554],[111.57925,-7.81649],[111.57602,-7.81671],[111.57696,-7.81295],[111.57772,-7.81238],[111.57847,-7.81275],[111.57938,-7.81242],[111.57932,-7.81166],[111.57977,-7.81221],[111.58017,-7.81135],[111.58054,-7.81142],[111.58136,-7.81291],[111.5818,-7.81218],[111.58268,-7.81182],[111.58297,-7.81199],[111.58297,-7.81264],[111.58351,-7.81208],[111.58447,-7.81227],[111.58515,-7.81182],[111.58685,-7.81177],[111.58722,-7.81254],[111.58869,-7.81211],[111.5893,-7.8129],[111.58978,-7.81297],[111.59058,-7.81236],[111.59047,-7.81169],[111.59102,-7.81116],[111.59166,-7.81186],[111.59179,-7.81116],[111.59237,-7.81159],[111.59331,-7.81078],[111.59376,-7.81134],[111.59442,-7.81058],[111.59511,-7.81103],[111.59538,-7.81031],[111.59578,-7.81046],[111.59684,-7.80984],[111.59749,-7.81003],[111.5976,-7.809],[111.59837,-7.80905],[111.59864,-7.80851],[111.59914,-7.80856],[111.59953,-7.80728],[111.60027,-7.8076],[111.60049,-7.80641],[111.60113,-7.80596],[111.60029,-7.80399],[111.59803,-7.80193],[111.59492,-7.80086],[111.59358,-7.79899],[111.59197,-7.798],[111.59162,-7.79725]],[[111.51172,-7.84054],[111.51229,-7.84094],[111.51217,-7.8419],[111.51172,-7.8425],[111.51116,-7.84265],[111.51114,-7.84305],[111.51037,-7.84312],[111.50998,-7.84388],[111.50877,-7.84397],[111.50874,-7.84485],[111.50842,-7.84462],[111.50819,-7.84558],[111.50688,-7.84506],[111.50692,-7.84443],[111.50308,-7.84426],[111.50455,-7.84331],[111.5051,-7.8426],[111.50499,-7.84229],[111.50598,-7.84148],[111.50639,-7.84163],[111.50791,-7.841],[111.50848,-7.84137],[111.50853,-7.84198],[111.50898,-7.84213],[111.50926,-7.84136],[111.51034,-7.84155],[111.51172,-7.84054]]]},"properties":{"KDPKAB":"35.02","KDCPUM":"35.02.18","WADMKK":"Ponorogo","WADMKC":"Jenangan"}},{"type":"Feature","geometry":{"type":"Polygon","coordinates":[[[111.66283,-7.76838],[111.66175,-7.76708],[111.66028,-7.76659],[111.6586,-7.7667],[111.65733,-7.76765],[111.6558,-7.77032],[111.65127,-7.7724],[111.64864,-7.77317],[111.64674,-7.77326],[111.64335,-7.77252],[111.64245,-7.77271],[111.64024,-7.77159],[111.63941,-7.77293],[111.63765,-7.77351],[111.63777,-7.77453],[111.63713,-7.77468],[111.63661,-7.77441],[111.63612,-7.77486],[111.63535,-7.77381],[111.63477,-7.7745],[111.63379,-7.77496],[111.63183,-7.77495],[111.63051,-7.7754],[111.62852,-7.77552],[111.6272,-7.77715],[111.62655,-7.77692],[111.62515,-7.77712],[111.62463,-7.77668],[111.62316,-7.77729],[111.61945,-7.78024],[111.61572,-7.7802],[111.61517,-7.77937],[111.61446,-7.78007],[111.61253,-7.77963],[111.61145,-7.78034],[111.61171,-7.78061],[111.61164,-7.7819],[111.60932,-7.78183],[111.60834,-7.78238],[111.60703,-7.78172],[111.6031,-7.78081],[111.6004,-7.77713],[111.59886,-7.777],[111.5992,-7.77867],[111.59868,-7.78249],[111.59761,-7.78307],[111.5978,-7.7832],[111.5975,-7.78478],[111.59553,-7.78518],[111.59537,-7.78812],[111.59595,-7.78942],[111.59443,-7.79036],[111.59261,-7.79059],[111.59205,-7.79302],[111.58989,-7.7937],[111.58862,-7.79496],[111.58689,-7.79577],[111.58566,-7.79678],[111.5889,-7.79726],[111.58989,-7.7968],[111.59149,-7.79701],[111.59197,-7.798],[111.59358,-7.79899],[111.59492,-7.80086],[111.59803,-7.80193],[111.60029,-7.80399],[111.60113,-7.80596],[111.60049,-7.80641],[111.6003,-7.80755],[111.59953,-7.80728],[111.59914,-7.80856],[111.59864,-7.80851],[111.59837,-7.80905],[111.5976,-7.809],[111.59749,-7.81003],[111.59684,-7.80984],[111.59578,-7.81046],[111.59538,-7.81031],[111.59511,-7.81103],[111.59442,-7.81058],[111.59376,-7.81134],[111.59331,-7.81078],[111.59237,-7.81159],[111.59179,-7.81116],[111.59166,-7.81186],[111.59102,-7.81116],[111.59047,-7.81169],[111.59058,-7.81236],[111.58978,-7.81297],[111.5893,-7.8129],[111.58869,-7.81211],[111.58722,-7.81254],[111.58685,-7.81177],[111.58515,-7.81182],[111.58447,-7.81227],[111.58351,-7.81208],[111.58297,-7.81264],[111.58297,-7.81199],[111.58268,-7.81182],[111.5818,-7.81218],[111.58136,-7.81291],[111.58054,-7.81142],[111.58017,-7.81135],[111.57977,-7.81221],[111.57932,-7.81166],[111.57938,-7.81242],[111.57847,-7.81275],[111.57772,-7.81238],[111.57696,-7.81295],[111.57602,-7.81671],[111.57925,-7.81649],[111.58004,-7.81554],[111.58226,-7.81584],[111.58285,-7.81717],[111.58386,-7.81778],[111.58365,-7.81967],[111.58508,-7.81969],[111.58609,-7.81843],[111.58686,-7.81866],[111.58731,-7.81788],[111.58804,-7.81744],[111.59093,-7.81806],[111.59291,-7.81733],[111.5947,-7.81567],[111.59708,-7.81452],[111.59989,-7.81433],[111.60082,-7.81602],[111.60196,-7.81622],[111.60239,-7.81702],[111.60442,-7.81769],[111.60426,-7.81918],[111.60574,-7.82028],[111.60544,-7.82109],[111.60582,-7.82321],[111.6072,-7.82521],[111.60869,-7.82578],[111.60977,-7.82503],[111.61296,-7.82555],[111.61606,-7.82403],[111.6183,-7.82219],[111.61919,-7.82206],[111.6206,-7.82114],[111.62305,-7.82098],[111.62401,-7.8203],[111.62491,-7.82011],[111.62937,-7.81992],[111.62939,-7.82089],[111.62894,-7.82173],[111.63026,-7.82314],[111.63066,-7.8227],[111.63123,-7.82266],[111.63168,-7.82372],[111.63332,-7.8246],[111.63231,-7.828],[111.63312,-7.82862],[111.63401,-7.8306],[111.63459,-7.83091],[111.64001,-7.83152],[111.64387,-7.83305],[111.64891,-7.83244],[111.6499,-7.83207],[111.65306,-7.83196],[111.65426,-7.83153],[111.65666,-7.83182],[111.65794,-7.83254],[111.65849,-7.83326],[111.66032,-7.83421],[111.66069,-7.83539],[111.66154,-7.83628],[111.66467,-7.83761],[111.6721,-7.83651],[111.67951,-7.8364],[111.68242,-7.83424],[111.68401,-7.8337],[111.68583,-7.8337],[111.68767,-7.83315],[111.68818,-7.83234],[111.6889,-7.82951],[111.69056,-7.82744],[111.69151,-7.82362],[111.69241,-7.82193],[111.69188,-7.81867],[111.69071,-7.81697],[111.68857,-7.81229],[111.68897,-7.81108],[111.68978,-7.81023],[111.69718,-7.80536],[111.69567,-7.80511],[111.6938,-7.80533],[111.69539,-7.801],[111.69528,-7.80038],[111.69263,-7.79738],[111.69232,-7.79604],[111.69116,-7.79414],[111.69033,-7.79007],[111.68838,-7.78568],[111.68483,-7.78664],[111.68307,-7.78751],[111.6812,-7.78673],[111.67906,-7.78377],[111.67748,-7.78331],[111.67693,-7.7838],[111.67603,-7.78375],[111.67507,-7.78263],[111.67537,-7.78174],[111.67599,-7.78118],[111.67563,-7.78058],[111.67552,-7.77875],[111.67584,-7.77832],[111.67662,-7.77815],[111.67654,-7.77752],[111.67708,-7.77703],[111.6771,-7.77482],[111.67773,-7.77408],[111.67739,-7.77374],[111.67661,-7.77401],[111.67526,-7.77298],[111.67439,-7.77317],[111.67333,-7.77242],[111.67139,-7.77014],[111.66834,-7.76835],[111.66761,-7.76755],[111.66516,-7.76786],[111.66324,-7.76862],[111.66283,-7.76838]]]},"properties":{"KDPKAB":"35.02","KDCPUM":"35.02.19","WADMKK":"Ponorogo","WADMKC":"Ngebel"}},{"type":"Feature","geometry":{"type":"MultiPolygon","coordinates":[[[[111.37986,-7.85436],[111.37868,-7.85433],[111.37805,-7.85798],[111.37868,-7.85768],[111.37856,-7.85909],[111.37839,-7.85938],[111.37778,-7.85926],[111.37752,-7.86083],[111.37386,-7.86029],[111.37338,-7.85996],[111.37251,-7.86004],[111.37146,-7.86038],[111.37145,-7.86089],[111.36992,-7.86235],[111.36973,-7.86296],[111.36845,-7.8632],[111.36809,-7.86732],[111.36982,-7.86723],[111.36948,-7.87012],[111.3691,-7.87017],[111.36911,-7.87256],[111.37099,-7.87182],[111.37085,-7.87582],[111.37109,-7.87573],[111.37115,-7.8763],[111.37188,-7.87636],[111.3713,-7.87709],[111.37133,-7.8776],[111.37232,-7.87778],[111.37267,-7.87909],[111.37254,-7.88066],[111.37361,-7.88056],[111.37361,-7.88097],[111.37187,-7.88328],[111.37294,-7.8835],[111.36694,-7.89135],[111.36751,-7.89142],[111.36693,-7.89229],[111.36646,-7.89198],[111.36427,-7.89485],[111.36327,-7.89439],[111.36267,-7.89548],[111.3635,-7.89605],[111.36233,-7.89898],[111.36256,-7.89922],[111.35921,-7.90212],[111.35801,-7.90273],[111.35808,-7.90391],[111.35673,-7.90351],[111.35558,-7.90465],[111.35522,-7.9046],[111.35449,-7.90668],[111.35395,-7.90658],[111.3536,-7.90902],[111.35127,-7.91482],[111.34869,-7.9159],[111.3461,-7.91749],[111.33665,-7.92112],[111.32858,-7.92543],[111.32288,-7.92958],[111.32197,-7.93092],[111.32162,-7.93214],[111.32028,-7.93295],[111.31919,-7.93294],[111.31673,-7.9357],[111.31641,-7.93653],[111.31649,-7.93789],[111.31706,-7.93876],[111.31763,-7.94122],[111.31975,-7.94317],[111.32196,-7.94454],[111.32271,-7.94556],[111.32223,-7.94729],[111.32273,-7.94844],[111.32264,-7.94981],[111.32368,-7.95106],[111.32484,-7.95404],[111.32653,-7.95527],[111.34926,-7.94948],[111.35703,-7.94842],[111.35928,-7.94861],[111.3616,-7.95047],[111.36215,-7.95167],[111.36204,-7.95463],[111.36236,-7.95469],[111.36496,-7.95384],[111.36625,-7.95375],[111.36687,-7.95292],[111.36777,-7.9531],[111.36928,-7.95256],[111.37008,-7.95297],[111.37045,-7.95267],[111.37204,-7.95305],[111.3723,-7.95267],[111.3729,-7.95298],[111.37387,-7.95247],[111.37465,-7.95255],[111.37502,-7.95196],[111.37555,-7.95215],[111.3762,-7.95171],[111.37727,-7.95237],[111.37877,-7.95211],[111.38019,-7.95275],[111.38088,-7.95237],[111.38162,-7.95241],[111.38359,-7.95395],[111.38486,-7.95419],[111.38519,-7.95288],[111.38967,-7.95313],[111.39016,-7.95343],[111.39011,-7.95398],[111.39213,-7.95407],[111.3923,-7.95313],[111.39282,-7.95303],[111.39309,-7.95233],[111.39333,-7.95061],[111.39267,-7.9502],[111.3921,-7.94894],[111.39008,-7.94772],[111.38954,-7.94692],[111.38897,-7.94681],[111.38883,-7.94612],[111.38818,-7.94595],[111.38781,-7.94458],[111.38656,-7.94343],[111.38462,-7.93912],[111.38283,-7.93737],[111.38808,-7.93806],[111.39588,-7.94],[111.39585,-7.94103],[111.39626,-7.94115],[111.39601,-7.9443],[111.39477,-7.94484],[111.39471,-7.94544],[111.39655,-7.94584],[111.39692,-7.94528],[111.39762,-7.94547],[111.39759,-7.946],[111.4023,-7.94655],[111.40216,-7.9481],[111.40157,-7.94805],[111.401,-7.95156],[111.40189,-7.95169],[111.40189,-7.95206],[111.40336,-7.95226],[111.40359,-7.95135],[111.40648,-7.95196],[111.40651,-7.95171],[111.40768,-7.9518],[111.40782,-7.95145],[111.40993,-7.95174],[111.40995,-7.95101],[111.41228,-7.95128],[111.41229,-7.95101],[111.41312,-7.95091],[111.41314,-7.95055],[111.41576,-7.95067],[111.41563,-7.95162],[111.41754,-7.95164],[111.41767,-7.9504],[111.4178,-7.95083],[111.41813,-7.95088],[111.41836,-7.95047],[111.41883,-7.95046],[111.41901,-7.94871],[111.41958,-7.94866],[111.4197,-7.94711],[111.42169,-7.9469],[111.42235,-7.9407],[111.42182,-7.93977],[111.42191,-7.93881],[111.42155,-7.93871],[111.4216,-7.93823],[111.42214,-7.93818],[111.42247,-7.9376],[111.42194,-7.93668],[111.42144,-7.93652],[111.41863,-7.93643],[111.41844,-7.93611],[111.41709,-7.93586],[111.41746,-7.93334],[111.41605,-7.93255],[111.41545,-7.93135],[111.41579,-7.92969],[111.41684,-7.92984],[111.41862,-7.92379],[111.41845,-7.92271],[111.41871,-7.92089],[111.41353,-7.91852],[111.41408,-7.91696],[111.41518,-7.91692],[111.41553,-7.91336],[111.41297,-7.91296],[111.41308,-7.9107],[111.41243,-7.91064],[111.41244,-7.91023],[111.41088,-7.91033],[111.41043,-7.91],[111.40889,-7.90999],[111.40885,-7.91156],[111.40771,-7.91147],[111.40771,-7.9107],[111.40725,-7.91056],[111.40272,-7.91028],[111.40261,-7.90937],[111.40218,-7.90856],[111.40191,-7.90866],[111.40078,-7.90598],[111.39254,-7.90505],[111.39213,-7.90553],[111.39094,-7.90532],[111.39087,-7.9056],[111.38967,-7.90575],[111.38957,-7.90599],[111.3883,-7.90542],[111.38731,-7.90563],[111.38786,-7.9036],[111.38817,-7.90336],[111.38939,-7.89754],[111.3932,-7.89773],[111.39325,-7.89347],[111.39453,-7.89263],[111.39423,-7.89186],[111.39465,-7.89208],[111.39454,-7.89158],[111.39377,-7.88985],[111.39325,-7.88967],[111.39314,-7.88917],[111.39234,-7.88909],[111.39214,-7.88499],[111.39499,-7.88534],[111.39585,-7.88592],[111.39651,-7.88588],[111.39748,-7.87876],[111.39497,-7.87859],[111.39336,-7.87881],[111.39244,-7.87955],[111.39128,-7.87922],[111.38978,-7.87975],[111.38877,-7.87959],[111.38903,-7.87739],[111.38873,-7.87727],[111.38873,-7.87686],[111.38688,-7.87657],[111.3872,-7.87391],[111.389,-7.87396],[111.389,-7.87176],[111.38864,-7.87066],[111.3862,-7.87049],[111.38641,-7.8663],[111.384,-7.86688],[111.38407,-7.86605],[111.38327,-7.86601],[111.38335,-7.86522],[111.38229,-7.8651],[111.38212,-7.86471],[111.38077,-7.86434],[111.37943,-7.86462],[111.37982,-7.8611],[111.38227,-7.86114],[111.3814,-7.85987],[111.38197,-7.85937],[111.3824,-7.85476],[111.3816,-7.85456],[111.38081,-7.85488],[111.37986,-7.85436]],[[111.39058,-7.91107],[111.39175,-7.91118],[111.39148,-7.91274],[111.39085,-7.9124],[111.39016,-7.91588],[111.38979,-7.91612],[111.38881,-7.9157],[111.38964,-7.91392],[111.39016,-7.91137],[111.39058,-7.91107]]],[[[111.35555,-7.87646],[111.35089,-7.87654],[111.35029,-7.87775],[111.34798,-7.87801],[111.34784,-7.87886],[111.34699,-7.87883],[111.34673,-7.88206],[111.34694,-7.88832],[111.3484,-7.88852],[111.34971,-7.88813],[111.34972,-7.88774],[111.3508,-7.88771],[111.35118,-7.88719],[111.35295,-7.88727],[111.35263,-7.88557],[111.35232,-7.88555],[111.35251,-7.88435],[111.35214,-7.88391],[111.35252,-7.88099],[111.35354,-7.88112],[111.35418,-7.88169],[111.35571,-7.88223],[111.35584,-7.87742],[111.35555,-7.87646]]]]},"properties":{"KDPKAB":"35.02","KDCPUM":"35.02.20","WADMKK":"Ponorogo","WADMKC":"Jambon"}},{"type":"Feature","geometry":{"type":"Polygon","coordinates":[[[111.76604,-7.81682],[111.76542,-7.81547],[111.76454,-7.8147],[111.76011,-7.81367],[111.75922,-7.81683],[111.75683,-7.82056],[111.75352,-7.82215],[111.75057,-7.82559],[111.74862,-7.82594],[111.74502,-7.82744],[111.74137,-7.82624],[111.73859,-7.82573],[111.73528,-7.82598],[111.73013,-7.82555],[111.72494,-7.82579],[111.7216,-7.82688],[111.71926,-7.82721],[111.71681,-7.83],[111.71489,-7.83163],[111.71422,-7.83939],[111.71204,-7.83893],[111.71216,-7.8394],[111.71147,-7.83962],[111.71113,-7.84015],[111.70986,-7.84],[111.70993,-7.84074],[111.70914,-7.8412],[111.70909,-7.84305],[111.70766,-7.84393],[111.70721,-7.84483],[111.70659,-7.84463],[111.70558,-7.84624],[111.70447,-7.84673],[111.7038,-7.8463],[111.70242,-7.84671],[111.70152,-7.84658],[111.70117,-7.84708],[111.69907,-7.84798],[111.69866,-7.84909],[111.69767,-7.84986],[111.69783,-7.85038],[111.69759,-7.85079],[111.69723,-7.85106],[111.69676,-7.85078],[111.69627,-7.85102],[111.69536,-7.85206],[111.69491,-7.85213],[111.69427,-7.85363],[111.69162,-7.85515],[111.69099,-7.85725],[111.6895,-7.85802],[111.6894,-7.85881],[111.68891,-7.85916],[111.68839,-7.8603],[111.68711,-7.86139],[111.68692,-7.86202],[111.68615,-7.86222],[111.6865,-7.86337],[111.68749,-7.86352],[111.68846,-7.86444],[111.69125,-7.8648],[111.69087,-7.86556],[111.69081,-7.86672],[111.69122,-7.86675],[111.69166,-7.86759],[111.69224,-7.86768],[111.6913,-7.87034],[111.69221,-7.87038],[111.69176,-7.87289],[111.69004,-7.87407],[111.68893,-7.87414],[111.68743,-7.87566],[111.68691,-7.87586],[111.68583,-7.87533],[111.68487,-7.87582],[111.68383,-7.87718],[111.68265,-7.87726],[111.6811,-7.8794],[111.67975,-7.88012],[111.67982,-7.88126],[111.67937,-7.88115],[111.67833,-7.88225],[111.67784,-7.8823],[111.67684,-7.88102],[111.67634,-7.88092],[111.67466,-7.88169],[111.67432,-7.88218],[111.67372,-7.88221],[111.67347,-7.88265],[111.67307,-7.8826],[111.67292,-7.88345],[111.67207,-7.88314],[111.67158,-7.88357],[111.67046,-7.88296],[111.66989,-7.88383],[111.67127,-7.88439],[111.67261,-7.8839],[111.67293,-7.88481],[111.67367,-7.88474],[111.67394,-7.88504],[111.67392,-7.88585],[111.67519,-7.88536],[111.67569,-7.88582],[111.67569,-7.88727],[111.67416,-7.88941],[111.67467,-7.89009],[111.67602,-7.89039],[111.67671,-7.89005],[111.67932,-7.88991],[111.67933,-7.88946],[111.68012,-7.88917],[111.68294,-7.88864],[111.68301,-7.88901],[111.68372,-7.88877],[111.68411,-7.88909],[111.68477,-7.88856],[111.68589,-7.88889],[111.68671,-7.88995],[111.68799,-7.8901],[111.69003,-7.88898],[111.69032,-7.88926],[111.69117,-7.88869],[111.69206,-7.88923],[111.69331,-7.88823],[111.69543,-7.88792],[111.69614,-7.88822],[111.69674,-7.88991],[111.69686,-7.89139],[111.69827,-7.89193],[111.69902,-7.89425],[111.70025,-7.89515],[111.701,-7.89644],[111.70179,-7.89626],[111.70319,-7.89707],[111.707,-7.8974],[111.70784,-7.89693],[111.70844,-7.89566],[111.70985,-7.89473],[111.71066,-7.89467],[111.71137,-7.89577],[111.71171,-7.89504],[111.71327,-7.89549],[111.71542,-7.89379],[111.71683,-7.89326],[111.71739,-7.89373],[111.71819,-7.89302],[111.72096,-7.8923],[111.72183,-7.89068],[111.72335,-7.89123],[111.72411,-7.89079],[111.72501,-7.89103],[111.7255,-7.8901],[111.72651,-7.89044],[111.72691,-7.88972],[111.72774,-7.88954],[111.72828,-7.88902],[111.72946,-7.8867],[111.73008,-7.88702],[111.7305,-7.88831],[111.73148,-7.88795],[111.73194,-7.88716],[111.73392,-7.88684],[111.73525,-7.88602],[111.73459,-7.88485],[111.7372,-7.88291],[111.73704,-7.88108],[111.74094,-7.87916],[111.74335,-7.87903],[111.74583,-7.87975],[111.74818,-7.88001],[111.75147,-7.88266],[111.75298,-7.88456],[111.75275,-7.88674],[111.75218,-7.88772],[111.7526,-7.89018],[111.75321,-7.89119],[111.75285,-7.89219],[111.75357,-7.89293],[111.75356,-7.89364],[111.75278,-7.89595],[111.75171,-7.89601],[111.75159,-7.89628],[111.75189,-7.89725],[111.75227,-7.89752],[111.75294,-7.89744],[111.75374,-7.89678],[111.75454,-7.89693],[111.75491,-7.89742],[111.75473,-7.89867],[111.75341,-7.89999],[111.75451,-7.90078],[111.75338,-7.90135],[111.75324,-7.90171],[111.75436,-7.90266],[111.75307,-7.90309],[111.75291,-7.904],[111.7542,-7.90521],[111.75482,-7.90639],[111.75503,-7.90694],[111.75469,-7.90796],[111.75529,-7.90829],[111.75635,-7.90795],[111.75704,-7.90607],[111.75742,-7.9059],[111.75828,-7.90623],[111.75874,-7.90544],[111.75875,-7.90405],[111.7577,-7.9035],[111.75792,-7.90207],[111.76035,-7.90172],[111.76067,-7.90096],[111.76044,-7.90039],[111.75883,-7.90025],[111.75805,-7.8998],[111.75727,-7.89857],[111.75608,-7.8987],[111.75677,-7.89817],[111.7578,-7.8965],[111.75742,-7.89573],[111.75642,-7.89631],[111.75605,-7.89613],[111.75625,-7.89457],[111.75586,-7.89387],[111.75613,-7.89311],[111.75687,-7.89312],[111.75746,-7.89409],[111.75874,-7.89478],[111.75989,-7.89398],[111.76017,-7.89335],[111.75961,-7.89191],[111.76131,-7.89165],[111.76094,-7.89085],[111.76117,-7.8904],[111.7627,-7.8902],[111.76411,-7.89052],[111.76484,-7.88917],[111.76688,-7.8889],[111.76788,-7.88765],[111.76945,-7.8866],[111.77017,-7.88657],[111.77078,-7.88693],[111.77119,-7.88667],[111.77088,-7.88473],[111.77106,-7.88285],[111.7692,-7.88173],[111.76958,-7.88114],[111.77065,-7.88053],[111.76952,-7.87971],[111.76961,-7.87893],[111.7702,-7.87867],[111.77118,-7.87925],[111.77169,-7.87904],[111.77181,-7.8772],[111.77097,-7.87679],[111.77131,-7.8752],[111.77192,-7.87487],[111.77252,-7.87399],[111.77178,-7.87312],[111.77168,-7.87241],[111.77215,-7.87212],[111.77329,-7.8721],[111.77435,-7.87009],[111.77629,-7.86783],[111.77609,-7.86736],[111.77743,-7.86719],[111.77802,-7.86517],[111.77863,-7.86514],[111.77843,-7.86407],[111.77716,-7.86424],[111.77708,-7.86333],[111.77757,-7.86302],[111.77683,-7.86194],[111.77605,-7.86184],[111.77558,-7.86118],[111.77314,-7.86005],[111.7714,-7.85596],[111.77308,-7.85118],[111.77411,-7.84978],[111.77657,-7.84828],[111.77778,-7.84625],[111.77812,-7.8448],[111.77892,-7.84349],[111.77899,-7.842],[111.78078,-7.83902],[111.78245,-7.83711],[111.78526,-7.83587],[111.78581,-7.83347],[111.78475,-7.82978],[111.78269,-7.82765],[111.78131,-7.82535],[111.77945,-7.82348],[111.7786,-7.8217],[111.7768,-7.82067],[111.77666,-7.8202],[111.77499,-7.82128],[111.77388,-7.82047],[111.77295,-7.82033],[111.77228,-7.82127],[111.77217,-7.82207],[111.77065,-7.82245],[111.76883,-7.82411],[111.7671,-7.82323],[111.7669,-7.82163],[111.7661,-7.82037],[111.76604,-7.81682]]]},"properties":{"KDPKAB":"35.02","KDCPUM":"35.02.21","WADMKK":"Ponorogo","WADMKC":"Pudak"}}]}